date,open,high,low,close,volume
1991-07-24,4.5600,4.7500,4.5000,4.6250,401800
1991-07-25,4.5000,4.6250,4.5000,4.5600,314600
1991-07-26,4.6250,4.6250,4.5000,4.5000,2001000
1991-07-29,4.6250,4.6250,4.5000,4.6250,75400
1991-07-30,4.6250,4.6250,4.5000,4.5000,354400
1991-07-31,4.6250,4.6250,4.5000,4.5000,372000
1991-08-01,4.5000,4.5600,4.5000,4.5000,157000
1991-08-02,4.6250,4.6250,4.5600,4.5600,220800
1991-08-05,4.6250,4.6250,4.5000,4.6250,103800
1991-08-06,4.5600,4.6250,4.5600,4.6250,124600
1991-08-07,4.6250,4.6250,4.5000,4.5000,222400
1991-08-08,4.6250,4.6250,4.5000,4.5600,97000
1991-08-09,4.5000,4.6250,4.5000,4.5000,172000
1991-08-12,4.5000,4.6250,4.5000,4.5000,41600
1991-08-13,4.6250,4.6250,4.5000,4.5000,63000
1991-08-14,4.6250,4.6250,4.5600,4.6250,102200
1991-08-15,4.5000,4.6250,4.5000,4.5000,31800
1991-08-16,4.6250,4.6250,4.5000,4.5000,69800
1991-08-19,4.4400,4.5000,4.1900,4.3750,75400
1991-08-20,4.3750,4.4400,4.2500,4.3750,57800
1991-08-21,4.4400,4.4400,4.3100,4.4400,14000
1991-08-22,4.4400,4.5000,4.3100,4.3750,41400
1991-08-23,4.5000,4.5000,4.3100,4.3100,17000
1991-08-26,4.5000,4.5600,4.3100,4.5600,77600
1991-08-27,4.5600,4.6900,4.5000,4.6250,72600
1991-08-28,4.6250,4.6900,4.5000,4.6900,73400
1991-08-29,4.6900,4.9400,4.5600,4.9400,178000
1991-08-30,4.9400,5.1900,4.8100,5.1900,145800
1991-09-03,5.1900,5.5000,5.1250,5.1250,326200
1991-09-04,5.1250,5.2500,5.0000,5.0000,139000
1991-09-05,5.0000,5.1900,5.0000,5.0000,145000
1991-09-06,5.1250,5.1250,5.0000,5.0000,35800
1991-09-09,5.0000,5.1250,4.8750,4.8750,33800
1991-09-10,5.0600,5.0600,4.8750,5.0600,30200
1991-09-11,4.8750,5.1250,4.8750,5.0000,167400
1991-09-12,5.2500,5.3100,5.0600,5.1900,729400
1991-09-13,5.3750,5.5600,5.3750,5.5600,110600
1991-09-16,5.3750,5.5600,5.3750,5.5600,230800
1991-09-17,5.5600,5.5600,5.4400,5.5000,90200
1991-09-18,5.5600,5.6900,5.5000,5.6900,82800
1991-09-19,5.5600,6.2500,5.5600,6.1900,443200
1991-09-20,6.2500,6.8750,6.1900,6.6250,290400
1991-09-23,6.5600,6.6900,6.3750,6.5600,492200
1991-09-24,6.3750,6.5600,6.3750,6.5600,28400
1991-09-25,6.5600,7.0000,6.3750,7.0000,106400
1991-09-26,7.0000,7.6250,6.8750,7.6250,230400
1991-09-27,7.6250,7.6250,7.3750,7.3750,277000
1991-09-30,7.5000,7.5000,7.1900,7.3750,117600
1991-10-01,7.3750,7.8750,7.2500,7.8100,87800
1991-10-02,7.8100,7.8100,7.6900,7.8100,144400
1991-10-03,7.8100,7.8100,7.3750,7.3750,532000
1991-10-04,7.5000,7.5000,7.2500,7.5000,86600
1991-10-07,7.5000,7.5000,6.6250,6.6250,237800
1991-10-08,6.6250,6.8750,6.6250,6.8100,157000
1991-10-09,6.6900,6.8750,6.6900,6.8750,41200
1991-10-10,6.8750,6.8750,6.6900,6.8750,35000
1991-10-11,6.8750,6.8750,6.7500,6.8100,12800
1991-10-14,6.8750,6.8750,6.7500,6.8750,11400
1991-10-15,6.8750,7.3750,6.8750,7.2500,97600
1991-10-16,7.4400,8.0000,7.4400,7.8100,164800
1991-10-17,7.5000,7.6250,7.4400,7.5000,120200
1991-10-18,7.4400,7.6250,7.4400,7.6250,44200
1991-10-21,7.6250,7.6250,7.0000,7.2500,57000
1991-10-22,7.2500,7.2500,6.7500,6.7500,64800
1991-10-23,6.9400,7.5000,6.8100,7.5000,503400
1991-10-24,7.6250,7.8750,7.2500,7.5600,140200
1991-10-25,7.5600,7.5600,7.2500,7.2500,127600
1991-10-28,7.2500,7.5000,7.2500,7.2500,25400
1991-10-29,7.4400,7.4400,7.2500,7.2500,9400
1991-10-30,7.2500,7.4400,7.2500,7.4400,53200
1991-10-31,7.4400,7.4400,7.2500,7.2500,34200
1991-11-01,7.3750,7.5600,7.3100,7.5600,167400
1991-11-04,7.6900,7.6900,7.4400,7.6900,81000
1991-11-05,7.6900,7.6900,7.4400,7.6900,248400
1991-11-06,7.6900,7.7500,7.4400,7.7500,51400
1991-11-07,7.7500,7.8100,7.5600,7.6250,40400
1991-11-08,7.8100,7.8100,7.5600,7.7500,86000
1991-11-11,7.7500,7.7500,7.5600,7.5600,8200
1991-11-12,7.5000,7.6900,7.0600,7.2500,218000
1991-11-13,7.1900,7.1900,7.0000,7.1900,96800
1991-11-14,7.1900,7.1900,7.0000,7.1900,82400
1991-11-15,6.9400,7.0600,6.4400,6.4400,93400
1991-11-18,6.3750,6.4400,5.7500,6.0000,124400
1991-11-19,6.0000,6.0000,5.6250,5.7500,150200
1991-11-20,5.6250,5.8100,5.6250,5.7500,126800
1991-11-21,5.6250,5.7500,5.6250,5.6900,43800
1991-11-22,5.7500,5.7500,5.6250,5.6250,19800
1991-11-25,5.7500,5.7500,5.5600,5.5600,35600
1991-11-26,5.7500,5.7500,5.6250,5.7500,155000
1991-11-27,5.6250,5.8750,5.6250,5.8100,98800
1991-11-29,5.8100,5.8100,5.6250,5.6900,15600
1991-12-02,5.7500,5.7500,5.5600,5.7500,9600
1991-12-03,5.7500,5.8100,5.6250,5.7500,239400
1991-12-04,5.8100,6.2500,5.7500,6.2500,255200
1991-12-05,6.2500,6.8100,6.2500,6.6250,139600
1991-12-06,6.7500,7.3750,6.5000,7.0000,269200
1991-12-09,7.1250,7.2500,6.8750,6.8750,487000
1991-12-10,7.1250,7.1250,6.8750,6.9400,120400
1991-12-11,6.8750,7.0000,6.8750,7.0000,1600600
1991-12-12,7.0000,7.0000,6.7500,6.8750,372800
1991-12-13,7.0000,7.0000,6.7500,6.7500,36400
1991-12-16,6.7500,7.0000,6.6250,6.6900,90200
1991-12-17,7.0000,7.0000,6.6900,6.8100,150000
1991-12-18,6.8750,7.0000,6.7500,7.0000,228800
1991-12-19,6.7500,7.0000,6.7500,7.0000,108200
1991-12-20,7.0000,7.0000,6.7500,6.7500,29400
1991-12-23,6.7500,6.7500,6.3750,6.5600,62800
1991-12-24,6.6250,6.7500,6.5000,6.7500,35400
1991-12-26,6.7500,6.8750,6.6250,6.7500,43000
1991-12-27,6.6250,7.5000,6.6250,7.5000,179400
1991-12-30,7.6250,8.0000,7.3750,7.5000,268200
1991-12-31,7.5000,7.7500,7.2500,7.3750,76400
1992-01-02,7.2500,7.5000,7.2500,7.5000,18600
1992-01-03,7.3750,8.3750,7.2500,8.1250,331800
1992-01-06,8.2500,8.7500,8.0000,8.6250,236800
1992-01-07,8.6250,8.6250,8.0000,8.3750,51800
1992-01-08,8.1250,8.2500,7.8750,8.0000,260800
1992-01-09,8.2500,8.3750,8.0000,8.1250,77200
1992-01-10,8.3750,8.3750,8.0000,8.2500,224000
1992-01-13,8.3750,8.3750,8.1250,8.2500,44800
1992-01-14,8.1250,8.3750,8.0000,8.0000,86400
1992-01-15,8.3750,8.3750,8.0000,8.1250,47800
1992-01-16,8.0000,8.0000,7.5000,7.7500,82800
1992-01-17,7.5000,7.7500,7.5000,7.7500,30200
1992-01-20,7.5000,7.7500,7.2500,7.2500,72000
1992-01-21,7.2500,7.5000,7.2500,7.3750,47000
1992-01-22,7.1250,7.5000,7.1250,7.3750,74400
1992-01-23,7.3750,7.5000,7.0000,7.3750,255600
1992-01-24,7.3750,7.3750,7.0000,7.0000,102600
1992-01-27,7.3750,7.3750,7.0000,7.3750,30200
1992-01-28,7.0000,7.3750,7.0000,7.1250,28400
1992-01-29,7.0000,7.2500,6.6250,6.6250,96200
1992-01-30,6.8750,6.8750,6.3750,6.5000,169400
1992-01-31,6.5000,6.7500,6.3750,6.7500,646000
1992-02-03,6.3750,6.7500,6.3750,6.7500,208800
1992-02-04,6.3750,6.7500,6.3750,6.6250,470400
1992-02-05,6.7500,6.7500,6.3750,6.7500,150600
1992-02-06,6.3750,6.7500,6.3750,6.6250,106400
1992-02-07,6.7500,6.7500,6.3750,6.7500,481600
1992-02-10,6.3750,6.7500,6.3750,6.6250,231400
1992-02-11,6.3750,6.6250,6.3750,6.3750,29800
1992-02-12,6.3750,6.6250,6.3750,6.3750,52600
1992-02-13,6.6250,6.6250,6.2500,6.2500,50800
1992-02-14,6.5000,6.5000,6.2500,6.5000,92000
1992-02-18,6.5000,6.5000,6.1250,6.5000,99800
1992-02-19,6.1250,6.3750,5.8750,5.8750,228800
1992-02-20,5.8750,6.2500,5.8750,6.2500,598600
1992-02-21,6.2500,6.2500,5.8750,6.2500,165400
1992-02-24,6.0000,6.2500,6.0000,6.1250,83400
1992-02-25,6.1250,6.1250,5.8750,6.1250,25000
1992-02-26,6.1250,6.1250,5.8750,6.1250,250200
1992-02-27,6.2500,6.2500,5.8750,6.2500,21200
1992-02-28,6.2500,6.2500,5.8750,6.0000,78000
1992-03-02,6.0000,6.0000,5.7500,6.0000,107800
1992-03-03,5.7500,6.0000,5.7500,6.0000,25600
1992-03-04,5.7500,6.1250,5.7500,6.1250,39000
1992-03-05,6.0000,6.0000,5.7500,5.8750,33200
1992-03-06,6.0000,6.0000,5.7500,6.0000,7000
1992-03-09,6.0000,6.0000,5.7500,5.7500,30400
1992-03-10,6.1250,6.1250,5.7500,5.7500,28200
1992-03-11,6.0000,6.1250,5.7500,6.1250,256800
1992-03-12,6.0000,6.1250,5.8750,5.8750,215600
1992-03-13,6.1250,6.6250,5.8750,6.5000,542200
1992-03-16,6.6250,6.6250,6.3750,6.5600,426800
1992-03-17,6.6250,6.6250,6.0000,6.0000,88600
1992-03-18,6.0000,6.3750,6.0000,6.3750,159400
1992-03-19,6.3750,6.3750,6.0000,6.0000,77000
1992-03-20,6.0000,6.2500,5.8750,6.1250,348800
1992-03-23,5.8750,6.1250,5.8750,6.0000,164400
1992-03-24,5.8750,6.1250,5.7500,5.7500,95600
1992-03-25,5.7500,6.0000,5.7500,5.7500,14200
1992-03-26,6.0000,6.0000,5.3750,5.3750,66200
1992-03-27,5.7500,5.7500,5.3750,5.3750,31600
1992-03-30,5.7500,5.8750,5.3750,5.8750,1024800
1992-03-31,5.5000,5.8750,5.5000,5.8750,43000
1992-04-01,5.8750,5.8750,5.5000,5.5000,17400
1992-04-02,5.5000,5.8750,5.5000,5.7500,78200
1992-04-03,5.8750,5.8750,5.3100,5.3750,1459000
1992-04-06,5.5000,5.9400,5.5000,5.8750,69200
1992-04-07,5.8750,6.0000,5.6250,5.6250,86000
1992-04-08,5.6250,5.7500,5.5000,5.6250,105600
1992-04-09,5.6900,5.7500,5.5000,5.5000,38000
1992-04-10,5.8750,6.0000,5.6250,5.6250,312200
1992-04-13,6.0000,6.0000,5.6250,5.8100,25600
1992-04-14,6.0000,6.0000,5.6250,5.6250,34800
1992-04-15,6.0000,6.0000,5.6250,6.0000,62000
1992-04-16,5.7500,6.1250,5.7500,6.0000,89800
1992-04-20,5.7500,6.1250,5.7500,5.7500,135600
1992-04-21,6.1250,6.1250,5.7500,6.0000,128000
1992-04-22,5.8750,6.1250,5.7500,5.7500,230600
1992-04-23,5.8750,6.1250,5.8750,5.8750,359800
1992-04-24,6.1250,6.1250,5.7500,5.7500,10200
1992-04-27,5.7500,6.0000,5.7500,6.0000,50600
1992-04-28,6.0000,6.0000,5.6250,5.6250,49600
1992-04-29,5.6250,5.8750,5.6250,5.6250,20400
1992-04-30,5.8750,6.0000,5.6250,5.8750,13400
1992-05-01,5.8750,6.0000,5.6250,5.8100,6800
1992-05-04,6.0000,6.0000,5.6250,5.6250,800
1992-05-05,6.0000,6.0000,5.6250,5.8750,15000
1992-05-06,6.0000,6.0000,5.7500,5.8100,90800
1992-05-07,6.0000,6.0000,5.6900,5.6900,204200
1992-05-08,5.6900,5.6900,5.6900,5.6900,0
1992-05-11,5.6250,6.0000,5.6250,5.8750,8200
1992-05-12,6.0000,6.0000,5.6250,5.6250,97200
1992-05-13,5.6250,5.7500,5.5000,5.5000,132400
1992-05-14,5.7500,5.7500,5.5000,5.5000,7000
1992-05-15,5.5000,5.6250,5.1250,5.1250,90400
1992-05-18,5.1250,5.3750,5.1250,5.2500,22800
1992-05-19,5.1250,5.3750,4.8750,5.0000,811600
1992-05-20,5.2500,5.2500,5.0000,5.2500,3200
1992-05-21,5.0000,5.2500,5.0000,5.2500,8600
1992-05-22,5.2500,5.2500,5.0000,5.2500,8400
1992-05-26,5.2500,5.2500,5.0000,5.0000,17800
1992-05-27,5.0000,5.2500,4.8750,5.0600,38600
1992-05-28,4.8750,5.1250,4.8750,5.0000,8800
1992-05-29,4.8750,5.1250,4.7500,4.8750,170200
1992-06-01,4.7500,5.1250,4.6250,5.1250,254200
1992-06-02,5.1250,5.1250,4.7500,4.7500,28600
1992-06-03,4.7500,5.0000,4.7500,4.9400,12000
1992-06-04,5.0000,5.0000,4.7500,5.0000,15600
1992-06-05,4.7500,5.0000,4.7500,5.0000,3000
1992-06-08,5.0000,5.0000,4.7500,4.8750,20400
1992-06-09,5.0000,5.0000,4.5000,4.5000,125600
1992-06-10,4.5600,4.7500,4.5000,4.5000,42600
1992-06-11,4.5000,4.6250,4.1250,4.2500,137800
1992-06-12,4.2500,4.2500,4.0000,4.2500,31200
1992-06-15,4.0000,4.2500,3.7500,3.7500,155000
1992-06-16,4.0000,4.0000,3.5600,3.5600,184200
1992-06-17,3.5000,3.7500,3.5000,3.5600,88400
1992-06-18,3.5000,3.7500,3.3100,3.3750,208400
1992-06-19,3.7500,3.7500,3.3750,3.3750,123000
1992-06-22,3.7500,3.7500,3.3100,3.5600,639600
1992-06-23,3.7500,3.7500,3.3750,3.5000,59200
1992-06-24,3.7500,3.7500,3.3750,3.5600,115400
1992-06-25,3.6250,3.6250,3.5600,3.5600,19000
1992-06-26,3.5000,3.6250,3.3750,3.5000,15200
1992-06-29,3.6250,3.6250,3.5600,3.6250,53400
1992-06-30,3.6250,3.7500,3.5000,3.7500,64600
1992-07-01,3.7500,3.7500,3.5000,3.7500,106600
1992-07-02,3.7500,3.7500,3.5000,3.5000,119600
1992-07-06,3.7500,3.7500,3.5000,3.7500,23600
1992-07-07,3.7500,3.7500,3.3750,3.3750,32800
1992-07-08,3.6250,3.6250,3.3750,3.6250,20400
1992-07-09,3.6250,3.6250,3.6250,3.6250,3400
1992-07-10,3.6250,3.7500,3.5000,3.6850,167200
1992-07-13,3.7500,3.7500,3.5000,3.5600,68200
1992-07-14,3.7500,3.7500,3.5000,3.7500,9000
1992-07-15,3.7500,3.7500,3.5000,3.6250,123800
1992-07-16,3.5000,3.7500,3.5000,3.6850,86800
1992-07-17,3.6250,3.7500,3.5600,3.7500,79200
1992-07-20,3.5000,3.7500,3.5000,3.6850,80200
1992-07-21,3.5600,3.8750,3.5600,3.8750,336600
1992-07-22,3.8750,3.8750,3.6250,3.7500,71400
1992-07-23,3.8750,4.6250,3.8150,4.3750,354800
1992-07-24,4.3750,4.3750,4.1250,4.3750,105200
1992-07-27,4.3750,4.3750,4.1250,4.1250,69400
1992-07-28,4.2500,4.2500,4.0600,4.2500,437200
1992-07-29,4.2500,4.2500,4.1250,4.2500,29800
1992-07-30,4.2500,4.2500,4.0000,4.0000,4800
1992-07-31,4.2500,4.2500,4.0000,4.2500,51800
1992-08-03,4.2500,4.2500,4.0000,4.2500,2400
1992-08-04,4.0000,4.2500,4.0000,4.1250,120800
1992-08-05,4.2500,4.3750,4.0000,4.3750,171200
1992-08-06,4.3750,4.3750,4.1250,4.1250,19400
1992-08-07,4.1250,4.5000,4.1250,4.5000,51400
1992-08-10,4.5000,4.5000,4.2500,4.2500,7600
1992-08-11,4.2500,4.5000,4.2500,4.2500,9200
1992-08-12,4.5000,4.7500,4.3750,4.5600,51200
1992-08-13,4.5000,5.2500,4.5000,5.0000,104200
1992-08-14,5.2500,5.2500,5.0000,5.1250,85400
1992-08-17,5.2500,5.2500,5.0000,5.0600,14200
1992-08-18,5.2500,5.2500,4.8750,4.8750,60400
1992-08-19,5.0000,5.1250,4.8750,4.8750,51400
1992-08-20,5.1250,5.1250,4.7500,4.8750,27800
1992-08-21,4.7500,4.7500,4.5000,4.5000,37800
1992-08-24,4.5000,4.5000,4.5000,4.5000,11400
1992-08-25,4.5000,4.6250,4.3750,4.6250,7800
1992-08-26,4.3750,4.6250,4.3750,4.6250,400
1992-08-27,4.6250,4.6250,4.2500,4.5600,149400
1992-08-28,4.6250,4.7500,4.3750,4.5000,15400
1992-08-31,4.3750,4.7500,4.3750,4.7500,11600
1992-09-01,4.7500,5.1250,4.6250,5.0600,93400
1992-09-02,5.1250,5.1250,4.7500,4.9400,49600
1992-09-03,5.0000,5.1250,4.8750,5.1250,270400
1992-09-04,5.0000,5.2500,5.0000,5.0000,146000
1992-09-08,5.2500,5.3750,5.0000,5.3750,231800
1992-09-09,5.3750,5.6250,5.1250,5.5000,161800
1992-09-10,5.3750,5.6250,5.3750,5.5000,42200
1992-09-11,5.3750,5.6250,5.3750,5.3750,75400
1992-09-14,5.5000,5.7500,5.5000,5.5000,36400
1992-09-15,5.5000,5.7500,5.5000,5.5000,10600
1992-09-16,5.3750,5.6250,5.3750,5.3750,25200
1992-09-17,5.3750,5.5000,5.1250,5.1250,105800
1992-09-18,5.1250,5.2500,5.1250,5.1250,8400
1992-09-21,5.3750,5.3750,5.1250,5.3750,15200
1992-09-22,5.3750,5.3750,5.0000,5.0000,20000
1992-09-23,5.0000,5.2500,5.0000,5.0000,7200
1992-09-24,5.0000,5.2500,5.0000,5.0000,89800
1992-09-25,5.1900,5.3750,5.0000,5.1250,192000
1992-09-28,5.1250,5.3750,5.1250,5.1900,143400
1992-09-29,5.1250,5.3750,5.0000,5.2500,220000
1992-09-30,5.0000,5.3750,5.0000,5.3100,11600
1992-10-01,5.0000,5.3750,5.0000,5.0000,29600
1992-10-02,5.0000,5.2500,5.0000,5.0000,22000
1992-10-05,5.0000,5.1250,4.7500,4.8100,51800
1992-10-06,4.8750,5.1250,4.7500,4.8750,46600
1992-10-07,5.0000,5.0000,4.6250,4.8750,20200
1992-10-08,4.8750,4.8750,4.6900,4.8100,6000
1992-10-09,4.8750,4.8750,4.6250,4.6250,8000
1992-10-12,4.6250,4.7500,4.6250,4.7500,1600
1992-10-13,4.6250,4.8750,4.6250,4.8750,7000
1992-10-14,4.6250,4.8750,4.6250,4.8750,8400
1992-10-15,4.6250,4.8750,4.6250,4.7500,5200
1992-10-16,4.6250,4.8750,4.6250,4.6250,5400
1992-10-19,4.8750,5.0000,4.6250,5.0000,5200
1992-10-20,4.6250,5.0000,4.6250,5.0000,6400
1992-10-21,5.0000,5.0000,4.7500,5.0000,4200
1992-10-22,4.7500,5.0000,4.6250,4.6250,35000
1992-10-23,5.0000,5.0000,4.7500,5.0000,13800
1992-10-26,4.6250,5.0000,4.6250,4.8750,20400
1992-10-27,4.6250,4.8750,4.6250,4.8750,19600
1992-10-28,4.6250,4.8750,4.6250,4.6250,6400
1992-10-29,4.6250,4.8750,4.6250,4.6250,9800
1992-10-30,4.8750,4.8750,4.5000,4.5000,21800
1992-11-02,4.8750,4.8750,4.5000,4.7500,58400
1992-11-03,4.7500,5.0000,4.6250,4.7500,71800
1992-11-04,5.0000,5.0000,4.7500,5.0000,29800
1992-11-05,5.0000,5.1250,4.8750,5.0000,39600
1992-11-06,5.1250,5.1250,4.8750,4.8750,6800
1992-11-09,4.8750,5.6250,4.8750,5.6250,90800
1992-11-10,5.7500,5.7500,5.5000,5.5000,251200
1992-11-11,5.6250,5.6250,5.3750,5.6250,14800
1992-11-12,5.3750,5.7500,5.3750,5.7500,189200
1992-11-13,5.7500,6.1250,5.6250,6.0000,69600
1992-11-16,6.1250,6.3750,6.0000,6.3750,75000
1992-11-17,6.3750,6.3750,6.1250,6.2500,51200
1992-11-18,6.2500,6.2500,5.8750,6.2500,4200
1992-11-19,6.2500,6.2500,5.8750,5.8750,22400
1992-11-20,5.8750,6.1250,5.6900,5.6900,84200
1992-11-23,5.5000,5.8750,5.3750,5.6250,436200
1992-11-24,5.6250,5.6250,5.3750,5.3750,6600
1992-11-25,5.3750,5.6250,5.3750,5.5000,9200
1992-11-27,5.6250,5.6250,5.5000,5.5000,4200
1992-11-30,5.3750,5.6250,5.3750,5.6250,47000
1992-12-01,5.6250,5.6250,5.3750,5.5000,277000
1992-12-02,5.3750,5.6250,5.3750,5.5600,19000
1992-12-03,5.5000,5.8750,5.5000,5.8750,18000
1992-12-04,5.8750,5.8750,5.5000,5.5000,13400
1992-12-07,5.8750,5.8750,5.5000,5.6250,70800
1992-12-08,5.6250,5.8750,5.6250,5.8750,36400
1992-12-09,5.6250,5.8750,5.6250,5.6250,120000
1992-12-10,5.6250,5.8750,5.6250,5.6250,18800
1992-12-11,6.0000,6.0000,5.6250,5.7500,52000
1992-12-14,6.0000,6.0000,5.6250,5.6250,168800
1992-12-15,5.6900,5.7500,5.6250,5.6250,14000
1992-12-16,5.6250,5.6900,5.6250,5.6250,55200
1992-12-17,5.7500,5.7500,5.5000,5.6250,53400
1992-12-18,5.5000,5.7500,5.5000,5.7500,12200
1992-12-21,5.5000,5.6250,5.5000,5.5000,42400
1992-12-22,5.5000,5.7500,5.5000,5.5000,197000
1992-12-23,5.6250,5.6250,5.1250,5.3750,84600
1992-12-24,5.1250,5.3750,5.1250,5.3750,18200
1992-12-28,5.1250,5.2500,5.1250,5.2500,40000
1992-12-29,5.2500,5.2500,5.1250,5.1250,42400
1992-12-30,5.1250,5.1250,4.8750,4.8750,25000
1992-12-31,5.1250,5.1250,4.8750,4.8750,30600
1993-01-04,5.1250,5.1250,4.8750,5.1250,27200
1993-01-05,5.0000,5.1250,5.0000,5.0000,146600
1993-01-06,5.0000,5.1250,5.0000,5.0000,13400
1993-01-07,5.1250,5.2500,5.0000,5.2500,36800
1993-01-08,5.2500,5.2500,5.0000,5.0000,8400
1993-01-11,5.0000,5.3750,5.0000,5.3750,59400
1993-01-12,5.3750,5.3750,5.0000,5.3750,41600
1993-01-13,5.3750,5.3750,5.0000,5.0000,34000
1993-01-14,5.0000,5.1250,5.0000,5.0000,52800
1993-01-15,5.3750,5.3750,5.0000,5.0000,53800
1993-01-18,5.0000,5.1250,5.0000,5.0000,85200
1993-01-19,5.0000,5.3750,5.0000,5.0000,2400
1993-01-20,5.1250,5.1250,5.0000,5.0000,29200
1993-01-21,5.0000,5.2500,5.0000,5.1250,25800
1993-01-22,5.0000,5.1250,5.0000,5.0000,105600
1993-01-25,5.0000,5.1250,5.0000,5.0000,10400
1993-01-26,5.0000,5.1250,4.8750,4.8750,31000
1993-01-27,5.1250,5.1250,4.8750,4.8750,15600
1993-01-28,4.7500,4.8750,4.7500,4.8750,5800
1993-01-29,4.8750,5.0000,4.8750,5.0000,44800
1993-02-01,4.8750,5.0000,4.8750,5.0000,45000
1993-02-02,4.8750,5.1250,4.8750,4.8750,18200
1993-02-03,4.8750,5.0000,4.8750,4.9400,56400
1993-02-04,4.8750,5.1250,4.8750,4.9400,35200
1993-02-05,5.0000,5.0000,4.8750,4.9400,66800
1993-02-08,4.8750,5.0000,4.6250,4.7500,139600
1993-02-09,4.6250,4.7500,4.6250,4.6250,82200
1993-02-10,4.5600,4.7500,4.5000,4.6250,29200
1993-02-11,4.6250,4.6250,4.3750,4.3750,23000
1993-02-12,4.5000,4.5000,4.1250,4.3750,24200
1993-02-16,4.1250,4.3750,4.0000,4.2500,22200
1993-02-17,4.0000,4.0000,4.0000,4.0000,3200
1993-02-18,4.2500,4.2500,4.0000,4.0000,9600
1993-02-19,4.0600,4.2500,3.8750,4.2500,19800
1993-02-22,3.8750,4.0000,3.7500,4.0000,35800
1993-02-23,3.7500,3.8750,3.3100,3.5000,114400
1993-02-24,3.5000,3.5000,3.2500,3.5000,284200
1993-02-25,3.5000,3.5000,3.2500,3.3750,123600
1993-02-26,3.5000,3.8750,3.3750,3.7500,169800
1993-03-01,3.8750,4.0000,3.6250,4.0000,155400
1993-03-02,4.0000,4.1250,3.8750,3.8750,23800
1993-03-03,4.1250,4.3750,3.8750,4.1250,140600
1993-03-04,4.3750,4.3750,4.0000,4.2500,10000
1993-03-05,4.1250,4.3750,4.1250,4.3750,5400
1993-03-08,4.3750,4.3750,4.1250,4.1250,18600
1993-03-09,4.0000,4.2500,3.8750,3.8750,18400
1993-03-10,3.8750,4.1250,3.8750,4.0000,38000
1993-03-11,4.0000,4.0000,3.7500,3.7500,9600
1993-03-12,3.8150,4.0000,3.8150,3.8750,18600
1993-03-15,3.7500,4.0000,3.7500,4.0000,800
1993-03-16,4.0000,4.0000,3.8150,4.0000,180200
1993-03-17,4.0000,4.0000,3.7500,4.0000,134200
1993-03-18,4.0000,4.1250,3.8750,4.0600,85400
1993-03-19,4.1250,4.1250,3.8750,3.8750,55600
1993-03-22,3.7500,4.0000,3.7500,3.8750,29000
1993-03-23,3.7500,4.1250,3.7500,3.7500,99600
1993-03-24,3.7500,4.0000,3.7500,3.8750,11600
1993-03-25,4.1250,4.1250,3.7500,4.1250,45200
1993-03-26,4.1250,4.1250,3.7500,4.1250,29800
1993-03-29,4.1250,4.1250,3.7500,3.8750,35800
1993-03-30,4.1250,4.1250,3.7500,3.8150,284400
1993-03-31,3.7500,4.0000,3.7500,4.0000,17000
1993-04-01,4.0000,4.0000,3.7500,3.7500,41600
1993-04-02,3.8750,4.0000,3.7500,3.7500,23200
1993-04-05,4.0000,4.0000,3.7500,3.7500,10800
1993-04-06,3.7500,3.8750,3.7500,3.7500,18800
1993-04-07,3.8750,4.0000,3.7500,3.7500,20200
1993-04-08,3.7500,4.0000,3.7500,3.8750,16400
1993-04-12,4.0000,4.1250,3.8750,3.8750,39200
1993-04-13,4.0000,4.2500,4.0000,4.0600,25800
1993-04-14,4.2500,4.2500,3.8750,3.8750,77000
1993-04-15,4.1250,4.1250,3.8750,4.0000,8600
1993-04-16,4.1250,4.1250,3.8750,3.8750,14000
1993-04-19,3.8750,4.1250,3.8750,4.0000,128400
1993-04-20,4.0000,4.2500,3.9400,4.0000,44800
1993-04-21,4.1250,4.1250,3.8750,4.0600,12400
1993-04-22,3.8750,4.1250,3.8750,4.1250,5800
1993-04-23,3.8750,4.1250,3.8750,3.9400,239400
1993-04-26,3.8750,4.1250,3.7500,3.9400,50800
1993-04-27,4.0000,4.0000,3.7500,3.8750,4400
1993-04-28,4.0000,4.1250,3.7500,4.0600,58000
1993-04-29,4.1250,4.1250,4.0000,4.1250,800
1993-04-30,3.8750,4.1250,3.8750,4.1250,5400
1993-05-03,4.2500,4.2500,3.8750,3.8750,1800
1993-05-04,4.2500,4.2500,3.8750,4.2500,38400
1993-05-05,4.0600,4.2500,3.8750,4.0600,454000
1993-05-06,3.8750,4.2500,3.8750,4.0000,205600
1993-05-07,4.2500,4.8750,4.0000,4.5000,301800
1993-05-10,4.7500,5.0000,4.3750,4.8750,118800
1993-05-11,5.0000,5.0000,4.6250,4.8750,209000
1993-05-12,5.0000,5.0000,4.6250,4.6250,157000
1993-05-13,5.0000,5.1250,4.6250,5.0000,162200
1993-05-14,5.1250,5.1250,4.8750,4.8750,54600
1993-05-17,5.1250,5.1250,4.8750,4.9400,35000
1993-05-18,5.1250,5.1250,4.7500,5.0000,45400
1993-05-19,4.8750,5.1250,4.8750,5.1250,12200
1993-05-20,5.1250,5.6250,5.0000,5.6250,174200
1993-05-21,5.5000,6.2500,5.5000,6.2500,180000
1993-05-24,6.0000,6.2500,5.6250,5.6250,142600
1993-05-25,6.0000,6.0000,5.0600,5.2500,158200
1993-05-26,5.0000,5.3750,5.0000,5.3750,101200
1993-05-27,5.3750,5.3750,5.1250,5.3750,153800
1993-05-28,5.3750,6.1250,5.3750,5.7500,132000
1993-06-01,6.1250,6.1250,5.7500,6.1250,72800
1993-06-02,6.1250,6.1250,5.7500,5.8750,155400
1993-06-03,6.1250,6.1250,5.8750,5.8750,249200
1993-06-04,6.1250,6.1250,5.7500,6.0000,57800
1993-06-07,6.1250,6.1250,5.7500,6.1250,11600
1993-06-08,5.7500,6.1250,5.5000,5.5000,117000
1993-06-09,5.5000,5.8750,5.5000,5.6250,236000
1993-06-10,5.8750,5.8750,5.5000,5.8750,64200
1993-06-11,5.8750,5.8750,5.6250,5.6250,92000
1993-06-14,5.8750,5.8750,5.5000,5.6250,24600
1993-06-15,5.8750,5.8750,5.3750,5.5000,108400
1993-06-16,5.6250,5.6250,5.1250,5.5000,120800
1993-06-17,5.5000,5.5000,5.2500,5.2500,7600
1993-06-18,5.5000,5.5000,5.1250,5.1250,108000
1993-06-21,5.3100,5.5000,5.1250,5.1250,30400
1993-06-22,5.1250,5.3750,5.1250,5.3750,2600
1993-06-23,5.3750,5.3750,5.1250,5.1250,19000
1993-06-24,5.2500,5.2500,4.8750,4.8750,90800
1993-06-25,5.1250,5.1250,4.8750,4.8750,31800
1993-06-28,5.1250,5.1250,4.9400,5.0000,94800
1993-06-29,4.8750,5.1250,4.8750,4.8750,53400
1993-06-30,5.0000,5.0600,4.7500,4.7500,63800
1993-07-01,4.7500,5.0000,4.7500,4.7500,43200
1993-07-02,4.7500,5.0000,4.7500,4.7500,7600
1993-07-06,4.8100,5.0000,4.8100,5.0000,123000
1993-07-07,4.9400,5.0000,4.8750,5.0000,28400
1993-07-08,5.0000,5.2500,5.0000,5.2500,50400
1993-07-09,5.2500,5.3750,5.0000,5.0000,18400
1993-07-12,5.3750,5.5000,5.0000,5.2500,54600
1993-07-13,5.2500,5.3750,5.2500,5.3750,122400
1993-07-14,5.2500,5.6250,5.2500,5.4400,51400
1993-07-15,5.2500,5.5000,5.2500,5.5000,25800
1993-07-16,5.2500,5.3750,5.0000,5.3750,467800
1993-07-19,5.3750,5.3750,5.0000,5.0000,26000
1993-07-20,5.0000,5.3750,5.0000,5.3750,8800
1993-07-21,5.0000,5.1250,5.0000,5.1250,18000
1993-07-22,5.0000,5.2500,4.7500,4.7500,56400
1993-07-23,4.8750,5.0000,4.2500,4.6250,124000
1993-07-26,4.2500,4.6250,4.2500,4.3750,8400
1993-07-27,4.6250,4.6250,4.4400,4.5000,9000
1993-07-28,4.2500,4.6250,4.2500,4.4400,53600
1993-07-29,4.6250,4.8750,4.5600,4.8750,36200
1993-07-30,4.8750,4.8750,4.6250,4.8750,13600
1993-08-02,4.8750,5.0000,4.7500,4.9400,67800
1993-08-03,5.0000,5.3750,4.8750,5.3750,135000
1993-08-04,5.3100,5.3100,5.1250,5.1250,40800
1993-08-05,5.2500,5.5000,5.2500,5.2500,39200
1993-08-06,5.3750,5.3750,5.0000,5.0000,44400
1993-08-09,5.0000,5.2500,4.8750,4.8750,26600
1993-08-10,5.1250,5.1250,4.8750,5.1250,52600
1993-08-11,5.1250,5.1250,4.8750,4.8750,76400
1993-08-12,4.8750,5.1250,4.7500,4.7500,173800
1993-08-13,5.0000,5.0000,4.7500,5.0000,8800
1993-08-16,5.0000,5.0000,4.7500,5.0000,14600
1993-08-17,4.7500,5.0000,4.7500,4.7500,77200
1993-08-18,4.9400,5.1250,4.7500,5.1250,63000
1993-08-19,5.1250,5.1250,4.7500,4.9400,42400
1993-08-20,4.7500,4.8750,4.7500,4.8750,1000
1993-08-23,5.1250,5.1250,4.8750,5.1250,26400
1993-08-24,5.1250,5.2500,4.8750,5.1250,116000
1993-08-25,5.2500,5.5000,5.1250,5.2500,77400
1993-08-26,5.3750,5.3750,4.8750,5.0000,33000
1993-08-27,4.8750,5.1250,4.8750,5.0000,76600
1993-08-30,4.8750,5.1250,4.8750,5.0000,5000
1993-08-31,4.8750,5.1250,4.8750,5.0000,23400
1993-09-01,4.8750,4.9400,4.8750,4.8750,2400
1993-09-02,4.8750,4.8750,4.8750,4.8750,7600
1993-09-03,5.1250,5.1250,4.8750,4.8750,36400
1993-09-07,5.1250,5.1250,4.8750,5.0000,76400
1993-09-08,4.8750,5.1250,4.8750,5.0600,41200
1993-09-09,5.1250,5.1250,4.8750,5.0000,122000
1993-09-10,5.2500,5.2500,5.0000,5.0000,52600
1993-09-13,5.2500,5.3750,5.0000,5.0000,12800
1993-09-14,5.3750,5.3750,5.2500,5.3100,13000
1993-09-15,5.1250,5.3750,5.1250,5.3750,19800
1993-09-16,5.3750,5.5000,5.2500,5.3750,78000
1993-09-17,5.5000,5.5000,5.2500,5.3750,60400
1993-09-20,5.2500,5.5000,5.2500,5.5000,34800
1993-09-21,5.3750,5.7500,5.3750,5.5600,56200
1993-09-22,5.5000,5.7500,5.5000,5.5000,41200
1993-09-23,5.5000,5.7500,5.5000,5.7500,61400
1993-09-24,5.5000,5.7500,5.5000,5.5600,11600
1993-09-27,5.5000,5.7500,5.5000,5.5000,13200
1993-09-28,5.5600,5.7500,5.5000,5.6250,50200
1993-09-29,6.3750,6.6250,6.1250,6.5000,388800
1993-09-30,6.5000,6.5000,6.1250,6.3750,194400
1993-10-01,6.1250,6.3750,6.0000,6.2500,137600
1993-10-04,6.2500,6.3750,6.0000,6.3750,210200
1993-10-05,6.3750,6.3750,6.1250,6.2500,52000
1993-10-06,6.2500,6.3750,6.1250,6.3750,184600
1993-10-07,6.3750,6.3750,6.1250,6.3750,97800
1993-10-08,6.5000,6.5000,6.2500,6.5000,209200
1993-10-11,6.5000,7.1250,6.2500,6.8750,277000
1993-10-12,7.3750,7.6250,7.1250,7.6250,413600
1993-10-13,7.6250,7.8750,7.3750,7.6900,225000
1993-10-14,8.1250,9.3750,8.0000,9.3750,740800
1993-10-15,9.1250,9.5000,8.7500,9.0000,400600
1993-10-18,9.0000,9.0000,8.2500,8.5000,281200
1993-10-19,8.2500,8.5000,8.0000,8.0000,110000
1993-10-20,8.0000,8.3750,7.2500,7.5000,195800
1993-10-21,7.6250,7.6250,7.2500,7.3750,29000
1993-10-22,7.2500,7.5000,7.2500,7.3750,44800
1993-10-25,7.5000,7.6250,7.2500,7.2500,34000
1993-10-26,7.6250,7.6250,7.3750,7.6250,20000
1993-10-27,7.6250,7.6250,7.3750,7.5000,16200
1993-10-28,7.3750,7.7500,7.3750,7.5000,132400
1993-10-29,7.7500,7.7500,7.5000,7.5000,62200
1993-11-01,7.7500,7.7500,7.5000,7.7500,122000
1993-11-02,7.7500,7.8750,7.6250,7.8750,146200
1993-11-03,7.8750,8.0600,7.7500,8.0000,266200
1993-11-04,8.0000,8.1250,7.7500,7.7500,256400
1993-11-05,7.7500,8.1250,7.7500,7.8750,140200
1993-11-08,8.0000,8.0000,7.6250,7.6250,79000
1993-11-09,7.7500,8.0000,7.7500,7.8100,46400
1993-11-10,7.7500,8.0000,7.6250,8.0000,248200
1993-11-11,7.6250,8.0000,7.6250,7.8750,33800
1993-11-12,8.0000,8.3750,7.6250,8.1250,197800
1993-11-15,8.3750,8.3750,7.8750,8.0000,49200
1993-11-16,8.0600,8.2500,8.0000,8.2500,34200
1993-11-17,8.0000,8.2500,7.8750,7.8750,70800
1993-11-18,7.8750,8.2500,7.7500,7.8750,105000
1993-11-19,7.8750,8.0000,7.6250,7.8750,35200
1993-11-22,8.0000,8.0000,7.6250,7.8100,36400
1993-11-23,8.0000,8.0000,7.6250,7.6250,17600
1993-11-24,7.7500,8.3750,7.7500,8.1250,126800
1993-11-26,8.1250,8.3750,8.1250,8.3750,2200
1993-11-29,8.3750,8.3750,8.1250,8.1250,25000
1993-11-30,8.1250,8.3100,7.7500,8.0000,79400
1993-12-01,8.0000,8.0000,7.7500,8.0000,48400
1993-12-02,8.0000,8.0000,7.7500,7.8100,28600
1993-12-03,8.0000,8.0000,7.7500,7.7500,7800
1993-12-06,8.0000,8.0000,7.7500,7.7500,38600
1993-12-07,7.7500,8.0000,7.6250,7.7500,57200
1993-12-08,7.6250,7.8750,7.5000,7.7500,102800
1993-12-09,7.5000,7.8750,7.5000,7.8750,39000
1993-12-10,7.5000,8.2500,7.5000,7.8750,114600
1993-12-13,8.2500,8.2500,7.8750,8.0000,18400
1993-12-14,8.0000,8.2500,7.7500,8.0000,85800
1993-12-15,7.7500,8.0000,7.7500,7.7500,27200
1993-12-16,8.0000,9.0000,7.7500,8.7500,815400
1993-12-17,8.6250,8.7500,8.2500,8.3750,359400
1993-12-20,8.6250,8.6250,8.3750,8.3750,107600
1993-12-21,8.6250,8.6250,8.2500,8.3750,85000
1993-12-22,8.2500,8.6250,8.2500,8.6250,43000
1993-12-23,8.2500,8.6250,8.2500,8.3750,81800
1993-12-27,8.6250,8.6250,8.2500,8.5000,18000
1993-12-28,8.3750,8.7500,8.3750,8.6250,202600
1993-12-29,8.5600,8.7500,8.3750,8.6900,87400
1993-12-30,8.7500,8.7500,8.5000,8.6250,14000
1993-12-31,8.7500,9.2500,8.6250,9.2500,151200
1994-01-03,9.1250,9.2500,9.0000,9.0600,131800
1994-01-04,9.0000,9.2500,9.0000,9.0000,26600
1994-01-05,9.0000,9.2500,9.0000,9.0000,229800
1994-01-06,9.2500,9.7500,9.0000,9.6250,560600
1994-01-07,9.8750,10.0000,9.6250,9.6250,266600
1994-01-10,9.6250,9.8750,9.3750,9.6250,73600
1994-01-11,9.7500,9.7500,9.2500,9.5000,108000
1994-01-12,9.5000,9.5000,9.2500,9.2500,125000
1994-01-13,9.1250,9.3750,9.1250,9.1250,130400
1994-01-14,9.3750,9.5000,9.1250,9.4400,40200
1994-01-17,9.5000,9.5000,9.0000,9.0000,57400
1994-01-18,8.7500,9.2500,8.6250,9.2500,109400
1994-01-19,9.0000,9.2500,9.0000,9.0600,77200
1994-01-20,9.2500,9.2500,9.0000,9.1250,17600
1994-01-21,9.2500,9.6250,9.2500,9.2500,38800
1994-01-24,9.3100,9.5000,9.1250,9.5000,302000
1994-01-25,9.2500,9.3750,9.0000,9.0000,2765400
1994-01-26,9.0000,9.1250,8.9400,9.0000,545400
1994-01-27,8.9400,9.2500,8.9400,9.0000,162000
1994-01-28,9.2500,9.2500,9.0000,9.1900,94000
1994-01-31,9.2500,9.6250,9.0000,9.5000,202000
1994-02-01,9.5000,9.6250,9.2500,9.5600,213400
1994-02-02,9.3750,9.6250,9.2500,9.5000,468000
1994-02-03,9.2500,9.5000,9.2500,9.3100,33200
1994-02-04,9.5000,9.5000,9.1250,9.1250,27600
1994-02-07,9.1250,9.3750,9.0000,9.1250,210600
1994-02-08,9.1250,9.3750,9.1250,9.2500,100000
1994-02-09,9.3750,9.3750,9.0000,9.1250,52000
1994-02-10,9.3750,9.3750,8.8750,9.1250,399600
1994-02-11,8.8750,9.1250,8.8750,9.0600,40200
1994-02-14,9.1250,9.1250,8.8750,9.1250,80800
1994-02-15,9.1250,9.1250,8.8750,8.8750,59000
1994-02-16,8.8750,9.1250,8.8750,9.0000,24200
1994-02-17,9.1250,9.1250,8.8750,9.0000,68000
1994-02-18,8.8750,9.1250,8.8750,8.8750,69400
1994-02-22,8.8750,9.1250,8.8750,9.0000,44600
1994-02-23,9.1250,9.1250,8.8750,9.0600,58600
1994-02-24,8.8750,9.1250,8.8750,9.0000,179000
1994-02-25,8.8750,9.0000,8.2500,8.3750,1175400
1994-02-28,8.3750,8.7500,8.3750,8.5000,123000
1994-03-01,8.7500,8.7500,8.5000,8.6250,237600
1994-03-02,8.5000,8.7500,8.5000,8.5600,30400
1994-03-03,8.5000,8.7500,8.5000,8.5000,181800
1994-03-04,8.5600,8.7500,8.3750,8.5000,98000
1994-03-07,8.3750,8.7500,8.3750,8.4400,191600
1994-03-08,8.3750,8.6250,8.2500,8.3750,314200
1994-03-09,8.2500,8.3750,8.1250,8.3750,230200
1994-03-10,8.1250,8.3750,8.1250,8.3750,26200
1994-03-11,8.1250,8.3750,8.1250,8.1250,105000
1994-03-14,8.0000,8.2500,8.0000,8.1250,143200
1994-03-15,8.0000,8.1250,7.7500,7.8750,173200
1994-03-16,7.7500,7.8750,7.6250,7.6900,87800
1994-03-17,8.0000,8.0000,7.6250,8.0000,79800
1994-03-18,8.0000,8.0000,7.6250,7.8100,158400
1994-03-21,7.7500,8.0000,7.7500,7.8750,22000
1994-03-22,7.6250,8.0000,7.6250,7.8750,55400
1994-03-23,7.6250,7.8750,7.6250,7.6250,117600
1994-03-24,7.6250,7.7500,6.6900,7.0000,241800
1994-03-25,7.3750,7.3750,6.8750,7.1250,383000
1994-03-28,7.1250,7.1250,6.6250,6.6250,299600
1994-03-29,6.5000,6.8100,6.3750,6.5000,470800
1994-03-30,6.3750,6.5000,6.1250,6.1250,175600
1994-03-31,6.3750,6.6900,6.0600,6.6900,312000
1994-04-04,6.5000,6.7500,6.2500,6.7500,65600
1994-04-05,6.7500,7.1250,6.3750,7.0600,56400
1994-04-06,7.1250,7.1250,6.7500,6.9400,227400
1994-04-07,7.1250,7.6250,6.7500,7.6250,116000
1994-04-08,7.2500,7.7500,7.2500,7.3750,63600
1994-04-11,7.5000,7.7500,7.3750,7.3750,88400
1994-04-12,7.5600,7.5600,7.0000,7.0000,47400
1994-04-13,7.2500,7.2500,6.6250,7.0000,120600
1994-04-14,6.6250,7.0000,6.6250,6.6250,63000
1994-04-15,6.8750,6.8750,6.6250,6.8750,28200
1994-04-18,6.8750,6.8750,6.6250,6.6250,49600
1994-04-19,6.5000,6.8750,6.2500,6.4400,133600
1994-04-20,6.5000,6.5000,6.2500,6.2500,45000
1994-04-21,6.1250,6.5000,6.1250,6.2500,233000
1994-04-22,6.5000,6.5000,6.1250,6.5000,237800
1994-04-25,6.6250,6.6250,6.2500,6.6250,25000
1994-04-26,6.6250,6.6250,6.2500,6.6250,9800
1994-04-28,6.6250,6.8750,6.5000,6.7500,35800
1994-04-29,6.5000,6.8100,6.5000,6.8100,4400
1994-05-02,6.8750,7.0000,6.5000,7.0000,478400
1994-05-03,6.7500,7.0000,6.7500,6.7500,57800
1994-05-04,6.7500,6.8750,6.7500,6.8100,18400
1994-05-05,7.0000,7.1250,6.7500,7.1250,515000
1994-05-06,7.1250,7.1250,6.8750,7.0000,13000
1994-05-09,6.8750,7.1250,6.8750,6.8750,39400
1994-05-10,7.1250,7.1250,6.8750,6.8750,51200
1994-05-11,7.0000,7.1250,6.7500,6.7500,124600
1994-05-12,6.9400,7.1250,6.7500,6.8750,142800
1994-05-13,6.6250,7.0000,6.6250,6.6250,18400
1994-05-16,6.6250,6.7500,6.6250,6.6250,42000
1994-05-17,6.6250,6.8750,6.3750,6.7500,45400
1994-05-18,6.7500,6.7500,6.2500,6.2500,25600
1994-05-19,6.6250,6.6250,6.1250,6.3750,119800
1994-05-20,6.3750,6.3750,6.1250,6.3750,474600
1994-05-23,6.1250,6.3750,6.1250,6.1900,21200
1994-05-24,6.1900,6.3750,6.1250,6.2500,8600
1994-05-25,6.3750,6.3750,6.0000,6.3750,781600
1994-05-26,6.0000,6.3750,6.0000,6.0600,17400
1994-05-27,6.0000,6.3750,5.9400,6.3750,221800
1994-05-31,6.0600,6.3750,6.0000,6.3750,197800
1994-06-01,6.0000,6.5000,6.0000,6.5000,277800
1994-06-02,6.5000,6.5000,6.1250,6.5000,23000
1994-06-03,6.5000,6.5000,6.3750,6.3750,9000
1994-06-06,6.3750,6.6250,6.3750,6.5000,31600
1994-06-07,6.6250,6.6250,6.2500,6.3100,123800
1994-06-08,6.3100,6.3750,6.2500,6.3750,109800
1994-06-09,6.3750,6.5000,6.2500,6.3850,39200
1994-06-10,6.5000,6.5000,6.2500,6.2500,2600
1994-06-13,6.5000,6.5000,6.2500,6.2500,4400
1994-06-14,6.2500,6.6900,6.2500,6.5000,209000
1994-06-15,6.8750,6.8750,6.5000,6.6900,142000
1994-06-16,6.5000,6.8750,6.5000,6.8750,19800
1994-06-17,6.8750,6.8750,6.6250,6.6250,198000
1994-06-20,6.6250,6.8750,6.5000,6.6250,77000
1994-06-21,6.6250,6.6250,6.2500,6.2500,22400
1994-06-22,6.3750,6.5000,6.2500,6.2500,5200
1994-06-23,6.2500,6.3750,6.1250,6.1250,106600
1994-06-24,6.0000,6.2500,5.8750,5.8750,53600
1994-06-27,5.8750,6.1250,5.8750,5.9400,89000
1994-06-28,6.1250,6.1250,5.8100,5.8750,92400
1994-06-29,6.1250,6.1250,5.8750,5.9400,87600
1994-06-30,5.8750,6.1250,5.7500,6.1250,53200
1994-07-01,5.8750,6.1250,5.5000,5.5000,163000
1994-07-05,5.5000,5.7500,5.2500,5.2500,52000
1994-07-06,5.2500,5.6250,5.2500,5.5000,24400
1994-07-07,5.3100,5.6250,5.2500,5.2500,71200
1994-07-08,5.5600,5.6250,5.2500,5.4700,34400
1994-07-11,5.2500,5.6250,5.2500,5.5000,5800
1994-07-12,5.5000,5.6250,5.2500,5.2500,29600
1994-07-13,5.2500,5.6250,5.2500,5.5600,314000
1994-07-14,5.6250,5.8750,5.5000,5.7500,279000
1994-07-15,5.5000,5.8750,5.5000,5.8750,3200
1994-07-18,5.8750,5.8750,5.6250,5.6250,19200
1994-07-19,5.8750,5.8750,5.6250,5.7500,12000
1994-07-20,5.6250,5.8750,5.6250,5.7500,21800
1994-07-21,5.6250,5.8750,5.6250,5.8750,39200
1994-07-22,5.8750,5.8750,5.8750,5.8750,12000
1994-07-25,5.6250,5.8750,5.6250,5.6250,39600
1994-07-26,5.6250,5.7500,5.5000,5.5000,45800
1994-07-27,5.5000,5.6250,5.2500,5.5000,26200
1994-07-28,5.2500,5.6250,5.2500,5.6250,82600
1994-07-29,5.7500,5.7500,5.5000,5.6250,13800
1994-08-01,5.7500,5.7500,5.5000,5.6250,5600
1994-08-02,5.7500,5.7500,5.5000,5.5000,20600
1994-08-03,5.7500,5.7500,5.5000,5.7500,81600
1994-08-04,5.6900,5.8750,5.5000,5.7500,16200
1994-08-05,5.8750,5.8750,5.5000,5.5000,20800
1994-08-08,5.5000,6.1250,5.5000,6.1250,55800
1994-08-09,6.1250,6.7500,6.1250,6.7500,119600
1994-08-10,6.7500,7.5000,6.5000,7.2500,219600
1994-08-11,7.2500,7.5000,7.1250,7.3750,251200
1994-08-12,7.3750,7.3750,7.0000,7.2500,101000
1994-08-15,6.6900,7.2500,6.6250,7.2500,65800
1994-08-16,7.0000,7.2500,6.8750,7.2500,15400
1994-08-17,6.8750,7.2500,6.7500,6.8100,278200
1994-08-18,6.7500,6.8750,6.5950,6.8750,697000
1994-08-19,6.8750,6.8750,6.7500,6.8100,128000
1994-08-22,6.8750,6.8750,6.6250,6.8100,203400
1994-08-23,6.8750,6.8750,6.7500,6.8100,3800
1994-08-24,6.8750,7.2500,6.6250,7.2500,68000
1994-08-25,7.2500,7.5600,7.0000,7.5000,126000
1994-08-26,7.2500,7.5000,7.2500,7.3100,81600
1994-08-29,7.2500,7.5000,6.8750,7.1250,95600
1994-08-30,7.2500,7.2500,6.8750,7.0600,6400
1994-08-31,6.8750,7.2500,6.8750,7.1900,3400
1994-09-01,6.8750,7.2500,6.8750,6.8750,67800
1994-09-02,7.2500,7.2500,7.0000,7.2200,28800
1994-09-06,7.0000,7.5000,7.0000,7.5000,11800
1994-09-07,7.3750,7.5000,7.1900,7.3750,30800
1994-09-08,7.2500,7.7500,7.0600,7.3750,226400
1994-09-09,7.7500,7.7500,7.3750,7.7500,58000
1994-09-12,7.5000,7.7500,7.5000,7.6250,53400
1994-09-13,7.3750,7.3750,6.8750,7.2500,254600
1994-09-14,7.3750,7.7500,7.2500,7.7500,48600
1994-09-15,7.5000,7.7500,7.2500,7.3750,116600
1994-09-16,7.5000,7.5000,7.0000,7.1250,67000
1994-09-19,7.2500,7.2500,7.0000,7.1250,38600
1994-09-20,7.3750,7.3750,7.1250,7.2500,30200
1994-09-21,7.1250,7.3750,7.0000,7.3750,75800
1994-09-22,7.3750,7.7500,7.0000,7.5000,288400
1994-09-23,7.3750,7.7500,7.3750,7.7500,538200
1994-09-26,7.6250,7.6250,7.3750,7.4400,109400
1994-09-27,7.3750,7.5000,7.1250,7.2500,77200
1994-09-28,7.1250,7.3100,7.1250,7.3100,6600
1994-09-29,7.5000,7.5000,7.0000,7.0600,133600
1994-09-30,7.2500,7.2500,7.0000,7.1250,377600
1994-10-03,7.2500,7.2500,7.0000,7.0600,10400
1994-10-04,7.2500,7.2500,7.0000,7.0600,17800
1994-10-05,7.2500,7.2500,6.8750,7.0000,32200
1994-10-06,6.8750,7.0600,6.8750,6.9400,108200
1994-10-07,7.0000,7.0000,6.7500,6.8100,140200
1994-10-10,7.1250,7.1250,6.7500,7.0600,13800
1994-10-11,6.9050,7.1250,6.7500,6.8750,69400
1994-10-12,7.1250,7.1250,6.7500,6.7500,98600
1994-10-13,7.1250,7.1250,6.6250,6.7500,130000
1994-10-14,6.6250,6.7500,6.6250,6.6250,6600
1994-10-17,7.0000,7.0000,6.7500,6.8100,39400
1994-10-18,7.0000,7.0000,6.7500,7.0000,39800
1994-10-19,7.0000,7.0000,6.7500,7.0000,17600
1994-10-20,6.8100,7.0000,6.6250,6.7500,18800
1994-10-21,6.6250,7.0000,6.5000,6.5000,89000
1994-10-24,6.5000,6.8750,6.5000,6.6900,37800
1994-10-25,6.5000,6.5600,6.5000,6.5300,22200
1994-10-26,6.5000,6.8750,6.5000,6.7500,13000
1994-10-27,6.5600,6.7500,6.5000,6.5000,52200
1994-10-28,6.5000,6.6900,6.5000,6.6900,11600
1994-10-31,6.5000,6.8750,6.5000,6.5600,13000
1994-11-01,6.3750,6.7500,6.3750,6.5950,24400
1994-11-02,6.3750,6.5000,6.3750,6.5000,2600
1994-11-03,6.3750,6.3750,6.3750,6.3750,400
1994-11-04,6.3750,6.7500,6.3750,6.3750,11800
1994-11-07,6.3750,6.5600,6.3750,6.5600,17200
1994-11-08,6.3750,6.7500,6.3750,6.3750,22600
1994-11-09,6.3750,6.7500,6.3750,6.3750,13000
1994-11-10,6.3750,6.8750,6.3750,6.7500,35000
1994-11-11,6.5000,7.0000,6.5000,7.0000,18000
1994-11-14,6.6250,7.0000,6.6250,7.0000,77600
1994-11-15,6.7500,7.1250,6.7500,7.1250,61800
1994-11-16,7.2500,7.2500,6.8750,7.0600,100800
1994-11-17,7.2500,7.2500,6.8750,7.0600,25400
1994-11-18,6.8750,7.2500,6.8750,7.2500,9400
1994-11-21,7.2500,7.2500,6.8750,6.8750,34200
1994-11-22,6.8750,7.2500,6.8750,6.8750,18400
1994-11-23,6.8750,7.1250,6.7500,7.1250,25000
1994-11-25,7.0000,7.0000,6.8750,6.8750,2800
1994-11-28,6.7500,7.0000,6.7500,6.9400,21600
1994-11-29,6.7500,7.0600,6.7500,7.0000,107600
1994-11-30,6.8750,7.0000,6.8750,6.8750,83800
1994-12-01,6.8750,7.0000,6.8750,6.8750,12000
1994-12-02,6.8750,6.8750,6.5000,6.6250,110600
1994-12-05,6.3750,6.6250,6.3750,6.5000,121200
1994-12-06,6.3750,6.6250,6.3750,6.6250,8200
1994-12-07,6.3750,6.5000,6.3750,6.5000,51600
1994-12-08,6.3750,6.5000,5.5000,5.5600,146600
1994-12-09,5.5000,6.1250,5.5000,5.7500,300800
1994-12-12,5.7500,6.1250,5.7500,6.1250,19800
1994-12-13,5.7500,6.1250,5.7500,5.9400,20600
1994-12-14,5.7500,6.1250,5.7500,6.1250,34600
1994-12-15,6.0600,6.1250,5.7500,6.1250,81400
1994-12-16,6.1250,6.1250,5.8750,6.1250,69400
1994-12-19,5.8750,6.1250,5.7500,5.7500,46000
1994-12-20,5.7500,6.1250,5.7500,6.1250,110600
1994-12-21,5.8750,6.3750,5.7500,6.1250,159200
1994-12-22,5.8750,6.3750,5.8750,6.3100,161400
1994-12-23,6.3750,6.3750,6.0000,6.1900,17600
1994-12-27,6.3750,7.0000,6.0000,7.0000,120200
1994-12-28,6.7500,7.0000,6.6250,7.0000,30200
1994-12-29,6.8100,7.5000,6.6250,7.1250,173400
1994-12-30,7.1250,7.6250,7.1250,7.5000,155400
1995-01-03,7.5000,7.5000,7.3750,7.5000,32400
1995-01-04,7.6250,7.6250,7.1250,7.1250,86200
1995-01-05,7.2500,7.2500,7.0000,7.0600,32000
1995-01-06,7.0000,7.3750,7.0000,7.3750,51000
1995-01-09,7.1250,7.6250,7.1250,7.4850,76600
1995-01-10,7.6250,8.1250,7.5000,8.0000,120400
1995-01-11,7.7500,8.1250,7.6250,7.6250,319600
1995-01-12,7.6250,8.1250,7.6250,7.8750,32400
1995-01-13,7.7500,8.1250,6.5000,7.5000,87800
1995-01-16,7.7500,7.7500,7.2500,7.3100,153000
1995-01-17,7.1250,7.5000,7.1250,7.2500,80800
1995-01-18,7.2500,7.2500,6.6900,6.8750,85800
1995-01-19,6.6250,7.0000,6.6250,6.8750,23400
1995-01-20,7.2500,7.3750,6.8750,7.2500,150800
1995-01-23,7.1250,7.3750,7.0000,7.3750,11400
1995-01-24,7.0000,7.2500,7.0000,7.2500,5800
1995-01-25,6.7500,7.1250,6.7500,6.8750,50000
1995-01-26,7.2500,7.7500,7.1250,7.5000,242400
1995-01-27,7.6250,8.0000,7.5000,8.0000,179400
1995-01-30,7.5000,8.3750,7.5000,7.6900,255200
1995-01-31,7.6250,8.1250,7.6250,7.7500,308000
1995-02-01,8.1250,8.1250,7.6250,7.6250,304000
1995-02-02,7.7500,7.7500,7.5000,7.5600,104000
1995-02-03,7.7500,7.7500,7.5000,7.7500,32200
1995-02-06,7.6250,7.8750,7.5000,7.7500,210400
1995-02-07,7.8750,7.8750,7.5000,7.6900,108600
1995-02-08,7.8750,8.1250,7.7500,8.0000,151000
1995-02-09,8.1250,8.1250,7.8750,8.1250,25600
1995-02-10,8.1250,8.1250,7.8750,8.0600,23800
1995-02-13,7.8750,8.3750,7.8750,8.3100,113200
1995-02-14,8.3750,8.3750,7.8750,8.0300,183000
1995-02-15,7.8750,8.1250,7.8750,8.0600,108800
1995-02-16,8.2500,8.3750,7.8750,8.3750,71400
1995-02-17,8.3750,8.3750,8.0000,8.1250,107800
1995-02-21,8.3750,8.3750,8.0000,8.0000,33400
1995-02-22,8.2500,8.2500,7.8750,8.1250,13400
1995-02-23,8.1250,8.1250,7.8750,7.9050,158600
1995-02-24,7.8750,8.1250,7.8750,8.1250,207200
1995-02-27,8.0000,8.1250,7.8750,7.8750,89800
1995-02-28,8.0000,8.1250,7.7500,8.1250,85000
1995-03-01,8.1250,8.1250,7.6250,7.6250,43800
1995-03-02,7.5600,7.6900,7.4400,7.6900,12600
1995-03-03,7.6900,7.6900,7.3750,7.5000,8600
1995-03-06,7.3750,7.6900,7.2500,7.6250,49600
1995-03-07,7.6250,7.6250,7.1900,7.5000,34400
1995-03-08,7.6250,7.6250,7.3750,7.6250,30600
1995-03-09,7.6250,7.6250,7.3750,7.3750,8200
1995-03-10,7.3750,7.5000,6.7500,6.7500,379800
1995-03-13,7.1250,7.1250,6.7500,7.1250,247000
1995-03-14,6.8750,7.2500,6.8750,7.2500,38400
1995-03-15,6.8750,7.2500,6.8750,7.0000,90800
1995-03-16,7.1250,7.2500,6.5000,6.5000,173200
1995-03-17,6.4400,6.8750,6.4400,6.5000,58000
1995-03-20,6.5000,6.7500,6.4400,6.5000,137600
1995-03-21,6.6250,6.7500,6.4400,6.6250,21000
1995-03-22,6.7500,6.7500,6.5300,6.6250,7600
1995-03-23,6.5000,6.7500,6.5000,6.5000,55600
1995-03-24,6.5600,6.7500,6.5000,6.6250,133400
1995-03-27,6.5000,6.7500,6.5000,6.6900,20800
1995-03-28,6.7500,6.7500,6.4400,6.6250,238000
1995-03-29,6.4400,6.7500,6.1900,6.6250,1473800
1995-03-30,6.7500,6.7500,6.5000,6.7500,201000
1995-03-31,6.5000,6.7500,6.5000,6.7500,510800
1995-04-03,6.5000,6.7500,6.5000,6.5000,124800
1995-04-04,6.5000,6.8750,6.5000,6.8100,77000
1995-04-05,6.6900,6.8750,6.5000,6.6250,203600
1995-04-06,6.5000,6.7500,6.5000,6.6250,215000
1995-04-07,6.6250,6.6250,6.6250,6.6250,0
1995-04-10,6.6250,6.7500,6.5000,6.6900,85600
1995-04-11,6.5000,6.7500,6.5000,6.6250,44400
1995-04-12,6.7500,6.7500,6.5000,6.6250,93200
1995-04-13,6.4400,6.6250,6.3750,6.3750,26600
1995-04-17,6.3750,6.7500,6.3750,6.7500,249400
1995-04-18,6.7500,6.7500,6.5000,6.7500,19400
1995-04-19,6.8750,6.8750,6.5000,6.7500,74800
1995-04-20,6.6900,6.8100,6.5000,6.8100,270200
1995-04-21,6.8750,6.8750,6.5000,6.8750,7800
1995-04-24,6.6250,7.0000,6.6250,7.0000,9800
1995-04-25,6.6250,7.1250,6.6250,6.7500,26400
1995-04-26,6.7500,7.2500,6.7500,7.0000,16200
1995-04-27,6.8750,7.2500,6.8750,7.2500,51000
1995-04-28,7.2500,7.2500,6.8750,7.1250,54400
1995-05-01,7.5000,8.1250,7.1250,7.6250,140000
1995-05-02,7.3750,7.6250,7.3750,7.4400,29800
1995-05-03,7.3750,7.6250,7.3750,7.3750,25800
1995-05-04,7.3750,7.4400,7.3750,7.4400,27800
1995-05-05,7.6250,7.6250,7.3750,7.5000,34000
1995-05-08,7.3750,7.6250,7.3750,7.6250,69400
1995-05-09,7.5000,7.6250,7.3750,7.3750,49800
1995-05-10,7.6250,7.9400,7.5000,7.7500,170400
1995-05-11,8.0000,8.1250,7.6250,8.1250,91000
1995-05-12,8.1250,8.5000,7.9400,8.2500,156800
1995-05-15,8.1250,8.8750,8.1250,8.1250,625200
1995-05-16,8.1250,8.5000,8.1250,8.3100,310400
1995-05-17,8.3100,8.5000,8.1250,8.1900,278000
1995-05-18,8.1250,8.5000,8.1250,8.2500,117600
1995-05-19,8.1250,8.5000,8.1250,8.1550,34200
1995-05-22,8.1250,8.5000,8.0000,8.1250,65400
1995-05-23,8.0000,8.3750,8.0000,8.3750,32000
1995-05-24,8.0000,8.3750,8.0000,8.1900,157000
1995-05-25,8.0000,8.3750,8.0000,8.2500,5600
1995-05-26,8.0000,8.3750,8.0000,8.1250,5800
1995-05-30,8.0000,8.2500,8.0000,8.0600,53200
1995-05-31,8.3750,8.3750,7.8750,7.8750,1200
1995-06-01,7.8750,8.0000,7.8750,7.8750,53600
1995-06-02,7.8750,8.3750,7.8750,8.2500,45000
1995-06-05,8.2500,8.3750,7.8750,8.3750,71400
1995-06-06,8.1250,8.3750,8.1250,8.2500,250000
1995-06-07,8.2500,8.2500,7.8750,8.0000,35400
1995-06-08,7.8750,8.1250,7.8750,8.0000,61800
1995-06-09,7.8750,8.1250,7.8750,8.0000,81200
1995-06-12,8.1250,8.1250,7.8750,8.1250,27600
1995-06-13,8.1250,8.3750,7.8750,8.3750,102600
1995-06-14,8.2500,8.2500,8.0600,8.1250,179800
1995-06-15,8.2500,8.2500,7.8750,7.8750,57400
1995-06-16,8.1250,8.1250,7.8750,7.8750,43800
1995-06-19,7.8750,8.2500,7.8750,8.2500,228400
1995-06-20,8.2500,8.2500,7.8750,8.1250,51200
1995-06-21,8.0000,8.3750,7.8750,8.2500,132000
1995-06-22,8.3750,8.3750,8.0000,8.2500,91400
1995-06-23,8.2500,8.3750,8.1250,8.3100,89400
1995-06-26,8.2500,8.3750,8.2500,8.3100,214000
1995-06-27,8.2500,8.3750,8.2500,8.3750,115200
1995-06-28,8.2500,8.3750,8.1250,8.3750,104800
1995-06-29,8.2500,8.3750,8.1250,8.2500,133200
1995-06-30,8.1250,8.3750,8.1250,8.1900,155400
1995-07-03,8.3750,8.3750,8.1900,8.1900,9400
1995-07-05,8.1550,8.2500,8.1250,8.2500,7000
1995-07-06,8.3750,8.3750,8.0000,8.1250,63600
1995-07-07,8.3750,8.3750,8.0000,8.0000,252800
1995-07-10,8.0600,8.2500,7.8750,8.2500,220000
1995-07-11,7.8750,8.0000,7.8750,8.0000,315000
1995-07-12,7.8750,8.0000,7.8750,7.8750,39400
1995-07-13,7.9400,7.9400,7.7500,7.7500,27600
1995-07-14,7.7500,8.0000,7.6250,7.6250,27000
1995-07-17,7.5000,7.7500,7.4400,7.6250,40000
1995-07-18,7.3750,7.7500,7.0000,7.2500,69400
1995-07-19,7.0000,7.0600,6.6250,6.7500,164200
1995-07-20,6.7500,7.5000,6.7500,7.1900,66800
1995-07-21,7.6250,7.6250,7.1250,7.5000,27200
1995-07-24,7.1250,7.5000,7.1250,7.5000,48000
1995-07-25,7.5000,7.5000,7.1250,7.3750,137800
1995-07-26,7.8750,8.6250,7.8750,8.0600,661800
1995-07-27,8.0000,8.3750,8.0000,8.3100,255800
1995-07-28,8.3750,8.3750,8.0600,8.2500,298800
1995-07-31,8.1250,8.5000,8.1250,8.4400,130200
1995-08-01,8.1900,8.7500,8.1900,8.5000,179200
1995-08-02,8.5000,8.7500,8.5000,8.6250,119600
1995-08-03,8.7500,8.8100,8.5000,8.6250,108400
1995-08-04,8.6250,9.0000,8.6250,8.8750,38400
1995-08-07,8.7500,9.2500,8.7500,9.0000,265600
1995-08-08,9.0000,9.6250,9.0000,9.6250,563800
1995-08-09,9.6250,9.6250,9.1250,9.5000,144600
1995-08-10,9.4700,9.5000,9.1250,9.1250,113800
1995-08-11,9.7500,9.7500,9.1250,9.2500,281800
1995-08-14,9.5000,9.6250,9.1250,9.5600,233800
1995-08-15,9.5000,9.8750,9.5000,9.8750,193200
1995-08-16,9.8750,10.2500,9.6250,10.0600,265400
1995-08-17,10.3750,10.5000,10.0000,10.3750,181200
1995-08-18,10.3750,10.3750,9.8750,10.2500,127000
1995-08-21,10.2500,10.2500,9.9400,10.1250,108800
1995-08-22,9.9400,10.2500,9.9400,10.1250,175600
1995-08-23,9.9400,10.1250,9.9400,10.0000,88400
1995-08-24,9.9400,10.2500,9.6250,9.6250,107600
1995-08-25,9.8750,9.8750,9.3750,9.6250,121600
1995-08-28,9.5000,9.7500,9.3750,9.3750,89800
1995-08-29,9.2500,9.6250,9.1250,9.2500,43600
1995-08-30,9.1250,10.2500,9.1250,10.0000,486800
1995-08-31,10.2500,10.7500,10.0000,10.3750,245200
1995-09-01,10.3750,11.2500,10.3750,11.2500,146200
1995-09-05,11.0000,11.5000,11.0000,11.5000,132000
1995-09-06,11.6250,11.6250,11.2500,11.3750,74400
1995-09-07,11.2500,11.6250,10.7500,10.7500,87600
1995-09-08,11.0000,11.1250,10.6250,10.6250,149200
1995-09-11,10.7500,10.7500,10.1250,10.1900,96400
1995-09-12,10.1250,10.3750,9.8750,10.0000,41400
1995-09-13,10.1250,10.1250,9.6250,9.6900,190000
1995-09-14,9.8750,9.8750,9.6250,9.7050,207800
1995-09-15,9.8750,9.8750,9.6250,9.8750,127200
1995-09-18,10.0000,10.1250,9.7500,9.7500,21200
1995-09-19,10.1250,10.1250,9.7500,10.0000,59600
1995-09-20,10.1250,10.1250,9.5000,9.8750,426000
1995-09-21,9.7500,9.7500,9.5000,9.6550,495200
1995-09-22,9.6250,9.6250,9.1250,9.1250,40200
1995-09-25,9.1250,9.5000,9.0000,9.0000,63000
1995-09-26,9.5000,9.5000,9.1250,9.4400,10600
1995-09-27,9.1250,9.3750,9.1250,9.2350,64800
1995-09-28,9.5000,9.6250,9.2500,9.5000,110600
1995-09-29,9.6250,9.6250,9.1250,9.3750,214600
1995-10-02,9.3100,9.5000,9.1250,9.3750,17800
1995-10-03,9.1250,9.3750,9.0000,9.2500,67800
1995-10-04,8.8750,9.0000,8.8750,8.9400,67200
1995-10-05,9.0000,9.0000,8.7500,9.0000,74000
1995-10-06,9.1250,9.1250,8.6250,8.6900,168400
1995-10-09,8.7500,8.8750,8.6250,8.6900,16800
1995-10-10,8.5000,8.8750,8.1250,8.4400,148800
1995-10-11,8.6250,8.6250,8.1250,8.2500,71400
1995-10-12,8.1250,8.3750,8.0000,8.2500,158800
1995-10-13,8.0000,8.3750,8.0000,8.3750,5200
1995-10-16,8.1900,8.3750,8.0000,8.3750,15800
1995-10-17,8.3750,8.3750,8.1250,8.3750,35200
1995-10-18,8.1250,8.4400,8.1250,8.1250,28600
1995-10-19,8.1250,8.5000,8.1250,8.3750,87800
1995-10-20,8.2500,8.6250,8.2500,8.5000,9200
1995-10-23,8.6250,8.6250,8.5000,8.6250,29000
1995-10-24,8.6250,8.6250,8.3750,8.6250,36400
1995-10-25,8.6250,8.6250,8.1250,8.1250,191200
1995-10-26,8.3750,8.3750,8.1250,8.3750,16600
1995-10-27,8.3750,8.3750,8.1250,8.3750,20800
1995-10-30,8.3750,8.3750,8.1250,8.3750,108400
1995-10-31,8.2500,8.3750,8.2500,8.2500,38000
1995-11-01,8.3750,8.3750,8.1250,8.1250,52000
1995-11-02,8.3750,8.3750,8.1250,8.1550,93400
1995-11-03,8.3750,8.3750,8.1250,8.3100,113600
1995-11-06,8.3750,8.7500,8.1900,8.7500,721200
1995-11-07,8.8750,9.2500,8.5000,9.2500,353000
1995-11-08,9.2500,10.1250,9.0000,9.8750,408600
1995-11-09,10.0000,10.1250,9.6250,10.0000,165800
1995-11-10,9.7500,10.0000,9.2500,9.5000,123600
1995-11-13,9.6250,9.7500,9.3750,9.6250,67200
1995-11-14,9.7500,9.8750,9.5000,9.6900,44200
1995-11-15,9.8750,9.8750,9.5000,9.8750,43600
1995-11-16,9.7500,10.2500,9.7500,10.1250,364600
1995-11-17,10.0000,10.2500,10.0000,10.2500,138800
1995-11-20,10.3750,10.7500,9.7500,9.8100,318800
1995-11-21,10.0000,10.0000,9.5000,9.5600,144200
1995-11-22,9.7500,9.7500,9.5000,9.5000,30400
1995-11-24,9.7500,9.7500,9.5000,9.6900,59600
1995-11-27,9.8750,10.2500,9.6900,10.2500,75400
1995-11-28,10.2500,10.2500,9.7500,9.7500,14200
1995-11-29,10.0600,10.3750,9.8750,10.3750,279000
1995-11-30,10.3750,10.3750,10.0000,10.3100,90000
1995-12-01,10.0000,10.7500,10.0000,10.5000,194000
1995-12-04,10.6250,10.6250,10.2500,10.6250,48400
1995-12-05,10.6250,10.6250,10.3100,10.5000,96000
1995-12-06,10.5000,10.5000,10.0000,10.2500,49000
1995-12-07,9.8750,10.2500,9.6250,10.0000,141000
1995-12-08,10.0000,10.0000,9.6250,9.6250,49400
1995-12-11,9.6250,9.8750,9.6250,9.6250,500800
1995-12-12,9.8750,10.0000,9.6250,9.6250,124000
1995-12-13,9.6250,9.8750,9.6250,9.8750,56800
1995-12-14,10.0000,10.0000,8.8750,9.0000,154400
1995-12-15,9.2500,9.3750,8.7500,9.1250,125800
1995-12-18,9.1250,9.6900,9.0000,9.6250,186600
1995-12-19,9.5000,9.7500,9.5000,9.7500,56200
1995-12-20,9.8100,10.6250,9.7500,10.5600,297600
1995-12-21,10.5000,12.5000,10.5000,11.8750,1469800
1995-12-22,12.0000,12.6250,11.6250,12.1900,447200
1995-12-26,12.2500,12.6250,12.1250,12.5000,123400
1995-12-27,12.0000,13.0000,12.0000,12.6250,343200
1995-12-28,12.5000,12.8750,12.3750,12.5000,83800
1995-12-29,12.8750,13.2500,12.5000,13.2500,100000
1996-01-02,12.7500,13.0000,12.6250,13.0000,108000
1996-01-03,12.6250,13.2500,12.6250,12.8750,176600
1996-01-04,12.8750,13.5000,12.5000,12.7500,585600
1996-01-05,12.5000,13.3750,12.5000,13.3750,430800
1996-01-08,13.1250,13.6250,13.0000,13.3750,94600
1996-01-09,13.3750,13.5000,12.8750,12.8750,79800
1996-01-10,12.7500,12.8750,12.0000,12.0000,84800
1996-01-11,12.2500,12.5000,11.7500,12.0000,326000
1996-01-12,11.7500,12.0000,11.3750,11.5000,65200
1996-01-15,11.7500,11.7500,11.0000,11.0000,57600
1996-01-16,11.2500,12.1250,11.1900,12.0600,153600
1996-01-17,12.0600,12.7500,12.0600,12.5000,238000
1996-01-18,12.3750,12.5600,12.1250,12.3750,101600
1996-01-19,12.1250,12.3750,11.8750,12.3750,280800
1996-01-22,12.4400,12.8750,12.1250,12.6250,231200
1996-01-23,12.8750,12.8750,12.2500,12.5600,202800
1996-01-24,12.2500,12.8100,12.1250,12.5600,338200
1996-01-25,12.5600,13.3750,12.5600,13.1250,196400
1996-01-26,13.3750,13.3750,13.0000,13.2500,105200
1996-01-29,13.0000,14.0000,13.0000,13.6250,209600
1996-01-30,14.2500,14.5000,13.6250,13.8750,415800
1996-01-31,14.0000,14.0000,13.5000,13.5000,96200
1996-02-01,13.6900,13.8750,13.5000,13.8750,239400
1996-02-02,13.6250,13.8750,13.6250,13.6250,53800
1996-02-05,13.6250,13.6900,13.1250,13.3100,132000
1996-02-06,13.0000,13.2500,12.8750,13.0000,29600
1996-02-07,12.8750,13.1250,11.7500,11.8100,195800
1996-02-08,11.7500,12.1250,11.7500,12.1250,145200
1996-02-09,11.7500,12.6250,11.7500,12.5000,130200
1996-02-12,12.7500,12.7500,12.3750,12.4400,17800
1996-02-13,12.2500,13.3100,12.1250,12.8750,246600
1996-02-14,12.8750,13.2500,12.5000,12.5600,330800
1996-02-15,12.5600,12.6250,11.6250,11.7500,544800
1996-02-16,12.1250,12.6250,11.5000,12.2500,220600
1996-02-20,12.2500,12.8750,12.2500,12.4400,189600
1996-02-21,12.6250,13.2500,12.3750,13.2500,308800
1996-02-22,13.2500,14.3750,13.2500,14.1900,581400
1996-02-23,14.5000,14.7500,13.7500,14.2500,322000
1996-02-26,13.8750,14.3750,13.7500,14.0000,222800
1996-02-27,13.7500,14.2500,13.7500,14.1250,8000
1996-02-28,14.1250,14.7500,13.7500,14.0000,214000
1996-02-29,13.7500,14.1250,13.7500,13.8750,194000
1996-03-01,14.1250,14.2500,13.7500,14.0000,231200
1996-03-04,13.8100,14.1250,13.7500,14.1250,150400
1996-03-05,14.1250,14.5000,13.8750,14.1250,288000
1996-03-06,14.5000,15.1250,14.5000,14.9400,274600
1996-03-07,15.1250,15.3750,14.5000,14.6250,238400
1996-03-08,14.2500,14.6250,13.7500,13.8100,276400
1996-03-11,14.1250,14.3750,13.7500,14.1250,182400
1996-03-12,14.0000,14.2500,13.8750,13.9400,167000
1996-03-13,14.2500,14.3750,14.0000,14.3750,25400
1996-03-14,14.3750,14.7500,14.1250,14.7500,69800
1996-03-15,14.6250,14.8750,14.5000,14.7500,141200
1996-03-18,14.5000,14.7500,14.2500,14.2500,397200
1996-03-19,14.1250,14.1250,13.2500,13.4400,706200
1996-03-20,13.1250,14.0000,13.1250,13.8750,192400
1996-03-21,13.6250,14.5000,13.6250,13.8750,192400
1996-03-22,13.8750,14.0600,13.8750,14.0000,33000
1996-03-25,13.8750,14.3750,13.8750,13.9400,29800
1996-03-26,13.8750,13.8750,13.8750,13.8750,15600
1996-03-27,13.8750,14.1250,13.3750,13.5600,99200
1996-03-28,13.6250,13.6250,13.3750,13.3750,71200
1996-03-29,13.3750,13.5000,12.6250,13.2500,281800
1996-04-01,14.1250,14.2500,13.7500,14.0000,100000
1996-04-02,13.3750,13.5000,12.7500,13.5000,105200
1996-04-03,14.1250,15.2500,14.0000,15.2500,506600
1996-04-04,13.8125,14.1250,13.7500,14.1250,230400
1996-04-08,14.2500,14.6250,13.7500,13.8125,381800
1996-04-09,15.2500,15.2500,14.7500,14.7500,322200
1996-04-10,15.0000,15.0000,14.2500,14.3750,120800
1996-04-11,14.1250,14.3750,13.7500,14.1250,52400
1996-04-12,14.0000,14.2500,13.8750,13.9375,360600
1996-04-15,14.6250,14.8750,14.5000,14.7500,285400
1996-04-16,13.3100,13.7500,13.2500,13.2500,167000
1996-04-17,13.2500,13.6250,13.2500,13.5000,124600
1996-04-18,14.5000,14.7500,14.2500,14.2500,50400
1996-04-19,13.6875,14.1250,13.2500,13.4375,123800
1996-04-22,13.8750,14.0625,13.8750,14.0000,231400
1996-04-23,13.8750,15.0000,13.8750,14.2500,500600
1996-04-24,14.5000,14.8750,14.1250,14.8750,337200
1996-04-25,14.3750,14.3750,13.8750,13.9375,466000
1996-04-26,13.8750,13.8750,13.8750,13.8750,385200
1996-04-29,13.3750,13.5000,12.6250,13.2500,265000
1996-04-30,15.3750,15.3750,14.6250,14.6250,118000
1996-05-01,13.5000,13.5000,13.0000,13.0000,144600
1996-05-02,13.3750,13.5000,12.7500,13.5000,562800
1996-05-03,14.1250,15.2500,14.0000,15.2500,653800
1996-05-06,15.8750,16.6250,15.8750,16.0000,460400
1996-05-07,16.2500,16.2500,15.3750,15.6250,186800
1996-05-08,14.1250,15.3125,14.1250,15.0000,128600
1996-05-09,15.2500,15.2500,14.7500,14.7500,105200
1996-05-10,15.0000,15.0000,14.2500,14.3750,326000
1996-05-13,15.2500,15.3750,14.6250,14.8750,176000
1996-05-14,15.0600,15.1250,14.7500,15.0000,94800
1996-05-15,13.7500,13.7500,13.2500,13.2500,537600
1996-05-16,13.3125,13.7500,13.2500,13.2500,504400
1996-05-17,13.2500,13.6250,13.2500,13.5000,157400
1996-05-20,16.2500,16.2500,15.7500,15.9400,56200
1996-05-21,15.7500,16.6250,15.7500,16.5600,1177200
1996-05-22,13.6250,14.0000,13.3750,13.8750,167800
1996-05-23,13.8750,15.0000,13.8750,14.2500,631200
1996-05-24,14.5000,14.8750,14.1250,14.8750,775600
1996-05-28,18.6250,18.8750,18.3750,18.3750,199400
1996-05-29,15.4375,15.7500,15.1250,15.3750,446600
1996-05-30,15.3750,15.3750,14.6250,14.6250,456000
1996-05-31,18.7500,18.7500,18.3750,18.6250,26400
1996-06-03,15.1250,16.3750,14.8750,15.9375,36600
1996-06-04,18.7500,19.2500,18.3750,19.0000,233000
1996-06-05,19.2500,19.2500,18.3750,18.3750,105200
1996-06-06,15.8750,16.6250,15.8750,16.0000,108800
1996-06-07,16.2500,16.2500,15.3750,15.6250,292200
1996-06-10,15.2500,15.2500,14.7500,14.8750,224600
1996-06-11,18.3750,18.8750,18.2500,18.6250,172000
1996-06-12,18.8750,18.8750,17.8750,18.0000,86200
1996-06-13,15.2500,15.3750,14.6250,14.8750,141600
1996-06-14,15.0625,15.1250,14.7500,15.0000,301200
1996-06-17,15.8750,16.3750,15.8750,16.3750,142000
1996-06-18,16.5000,16.8750,16.3750,16.5000,119600
1996-06-19,16.5000,16.5000,15.0000,15.2500,226400
1996-06-20,16.2500,16.2500,15.7500,15.9375,736800
1996-06-21,15.7500,16.6250,15.7500,16.5625,240400
1996-06-24,18.6250,19.5000,18.3750,18.8750,144400
1996-06-25,16.3750,16.6250,15.8750,15.9900,167200
1996-06-26,16.2500,16.3750,14.8750,14.8750,143200
1996-06-27,15.1250,15.1250,14.6250,14.8750,167400
1996-06-28,18.6250,18.8750,18.3750,18.3750,168600
1996-07-01,18.7500,18.7500,18.3750,18.6250,843000
1996-07-02,16.6250,16.8750,16.3750,16.5000,83800
1996-07-03,18.3750,18.7500,18.3750,18.5000,27400
1996-07-05,19.2500,19.2500,18.3750,18.3750,299400
1996-07-08,15.2500,15.6250,15.0000,15.2500,84400
1996-07-09,15.6250,15.8750,15.2500,15.2500,90200
1996-07-10,15.5000,15.5000,14.3750,14.7500,170000
1996-07-11,18.3750,18.8750,18.2500,18.6250,253000
1996-07-12,18.8750,18.8750,17.8750,18.0000,324000
1996-07-15,13.8750,13.8750,12.2500,12.3750,419000
1996-07-16,12.7500,13.0000,11.3750,11.6250,446400
1996-07-17,17.0000,17.8750,16.7500,17.0000,722600
1996-07-18,16.5000,16.8750,16.3750,16.5000,288800
1996-07-19,16.5000,16.5000,15.0000,15.2500,198200
1996-07-22,12.7500,13.0000,12.2500,12.3750,205200
1996-07-23,12.5000,13.2500,12.5000,12.7500,153200
1996-07-24,16.0000,16.3750,16.0000,16.0625,327200
1996-07-25,16.3750,16.6250,15.8750,16.0000,467400
1996-07-26,16.2500,16.3750,14.8750,14.8750,254800
1996-07-29,13.3100,13.6250,13.1250,13.1250,159200
1996-07-30,13.0000,13.1250,11.6250,12.2500,239800
1996-07-31,12.1250,12.3750,11.7500,12.3750,224400
1996-08-01,15.5000,17.2500,15.3750,16.5000,125800
1996-08-02,16.8750,16.8750,16.3750,16.5000,414200
1996-08-05,15.5000,16.3750,15.1250,15.5000,303000
1996-08-06,12.6250,12.7500,12.0000,12.5600,292600
1996-08-07,12.3750,12.5000,12.0000,12.2500,244400
1996-08-08,15.2500,15.6250,15.0000,15.2500,217600
1996-08-09,15.6250,15.8750,15.2500,15.2500,2436200
1996-08-12,13.7500,14.2500,13.5000,13.5625,271800
1996-08-13,12.8750,13.0000,12.3750,12.8100,275400
1996-08-14,12.9700,13.7500,12.6250,13.2500,291800
1996-08-15,13.7500,13.8750,12.2500,12.3750,286800
1996-08-16,12.7500,13.0000,11.3750,11.6250,358600
1996-08-19,13.5000,13.5000,12.5000,12.7500,75200
1996-08-20,13.6250,13.6250,12.8750,13.1250,105800
1996-08-21,13.5000,13.5000,13.1250,13.2500,132800
1996-08-22,12.7500,13.0000,12.2500,12.3750,296400
1996-08-23,12.5000,13.2500,12.5000,12.7500,101600
1996-08-26,13.2500,13.6250,13.1250,13.3750,186400
1996-08-27,14.0000,14.5000,13.7500,14.3100,479600
1996-08-28,14.2500,15.7500,14.2500,15.6250,545400
1996-08-29,13.3125,13.6250,13.1250,13.1250,766800
1996-08-30,13.0000,13.1250,11.6250,12.2500,474000
1996-09-03,15.7500,16.0000,15.2500,15.5600,443000
1996-09-04,15.7500,15.8750,15.3750,15.3750,166000
1996-09-05,13.1250,13.2500,12.3750,12.6250,222800
1996-09-06,12.6250,12.7500,12.0000,12.5625,122000
1996-09-09,12.2500,12.5000,12.0000,12.2188,243000
1996-09-10,15.4400,15.5600,15.1250,15.4400,217800
1996-09-11,15.6250,15.8750,15.2500,15.6250,207800
1996-09-12,12.2500,13.0000,12.1875,12.8125,674600
1996-09-13,12.8750,13.0000,12.3750,12.8125,1267400
1996-09-16,13.7500,14.1875,13.6250,13.6250,1246000
1996-09-17,17.4400,17.4400,15.8750,16.0600,748400
1996-09-18,16.0000,16.1250,15.1250,15.5000,609400
1996-09-19,14.0000,14.0000,13.2500,13.6250,279200
1996-09-20,13.6250,13.6250,12.8750,13.1250,510600
1996-09-23,13.6250,13.8750,13.2500,13.8750,297800
1996-09-24,16.0000,16.0000,14.6250,15.1250,605800
1996-09-25,15.0000,15.5000,14.8750,15.3100,190400
1996-09-26,14.0000,14.0000,13.3750,13.8750,386600
1996-09-27,14.0000,14.5000,13.7500,14.3125,236600
1996-09-30,15.5000,16.1250,15.3750,15.8750,103600
1996-10-01,14.6250,14.6250,14.3750,14.4400,48800
1996-10-02,14.3750,15.0000,14.3750,15.0000,125400
1996-10-03,15.7500,16.0000,15.2500,15.5625,211800
1996-10-04,15.7500,15.8750,15.3750,15.3750,160200
1996-10-07,15.5000,15.5000,15.0000,15.1250,37800
1996-10-08,15.2500,15.3750,14.5000,14.5000,179600
1996-10-09,15.3125,15.3750,14.8750,15.3750,182200
1996-10-10,15.4375,15.5625,15.1250,15.4375,218200
1996-10-11,15.6250,15.8750,15.2500,15.6250,41000
1996-10-14,15.2500,15.8750,15.0000,15.5000,131200
1996-10-15,15.5000,15.8750,15.5000,15.6900,183800
1996-10-16,18.2500,18.6250,17.3125,17.3750,350600
1996-10-17,17.1875,17.4375,15.8750,16.0625,156800
1996-10-18,16.0000,16.1250,15.1250,15.5000,263000
1996-10-21,15.6250,16.3750,15.6250,16.0600,293000
1996-10-22,16.0000,16.6250,16.0000,16.3100,347800
1996-10-23,15.2500,16.0625,15.1875,15.6250,269800
1996-10-24,16.0000,16.0000,14.6250,15.1250,167800
1996-10-25,15.0000,15.5000,14.8750,15.3125,559000
1996-10-28,17.0000,17.3750,16.2500,16.4400,281400
1996-10-29,16.5000,17.0000,16.4400,16.8100,418200
1996-10-30,14.7500,14.8750,14.4375,14.7500,231400
1996-10-31,16.3750,16.6250,16.3750,16.6250,294800
1996-11-01,14.6250,14.6250,14.3750,14.4375,256800
1996-11-04,15.0000,15.5000,14.9375,15.1250,218000
1996-11-05,16.2500,16.5000,16.2500,16.3100,72400
1996-11-06,16.3750,16.7500,16.1900,16.5000,243400
1996-11-07,15.5000,15.5000,15.0000,15.1250,89800
1996-11-08,15.2500,15.3750,14.5000,14.5000,231000
1996-11-11,15.0000,15.2500,15.0000,15.0000,111800
1996-11-12,15.6250,15.9400,15.1900,15.2500,117800
1996-11-13,15.1250,15.8750,14.5000,15.7500,404800
1996-11-14,15.2500,15.8750,15.0000,15.5000,353800
1996-11-15,15.5000,15.8750,15.5000,15.6875,48600
1996-11-18,15.6250,16.2500,15.3750,15.7500,277200
1996-11-19,15.6250,16.7500,15.6250,16.3100,245400
1996-11-20,16.2500,16.3100,16.1250,16.2500,32400
1996-11-21,15.6250,16.3750,15.6250,16.0625,22600
1996-11-22,16.0000,16.6250,16.0000,16.3125,121200
1996-11-25,16.5000,17.2500,16.2500,17.1250,295200
1996-11-26,16.3750,16.3750,15.6250,16.2500,179000
1996-11-27,16.5000,16.5000,15.6250,16.1250,124400
1996-11-29,16.5000,17.0000,16.4375,16.8125,20400
1996-12-02,15.8750,16.3100,15.7500,15.7600,132000
1996-12-03,16.0000,16.3750,15.3750,15.5000,401000
1996-12-04,16.5000,16.7500,16.2500,16.5000,313200
1996-12-05,16.2500,16.5000,16.2500,16.3125,131800
1996-12-06,16.3750,16.7500,16.1875,16.5000,354600
1996-12-09,16.6250,16.6250,15.8750,16.3100,145000
1996-12-10,16.3750,16.9400,16.1250,16.1250,349800
1996-12-11,16.2500,16.2500,15.2500,15.6875,214600
1996-12-12,15.6250,15.9375,15.1875,15.2500,195000
1996-12-13,15.1250,15.8750,14.5000,15.7500,427000
1996-12-16,15.2500,15.6250,14.8750,15.3750,270200
1996-12-17,15.3750,15.5600,15.0000,15.0000,98800
1996-12-18,15.6250,16.2500,15.4375,15.8750,265200
1996-12-19,15.6250,16.7500,15.6250,16.3125,940000
1996-12-20,16.2500,16.3125,16.1250,16.2500,1548600
1996-12-23,18.1250,18.1250,17.1250,17.3750,299600
1996-12-24,17.2500,17.5600,17.2500,17.2500,231000
1996-12-26,16.3750,16.3750,15.6250,16.2500,209000
1996-12-27,16.1250,16.5000,15.6250,16.1250,238600
1996-12-30,18.5000,19.2500,18.2500,19.2500,225400
1996-12-31,19.7500,21.1250,19.3750,20.1250,1198000
1997-01-02,19.5000,19.8750,18.8750,19.1250,646200
1997-01-03,19.2500,19.3750,18.8750,19.1900,229000
1997-01-06,19.1900,21.0000,19.1250,20.6250,1396400
1997-01-07,21.6250,21.7500,20.6250,21.6900,2268400
1997-01-08,22.5000,23.0000,22.1900,22.5650,1695200
1997-01-09,22.8750,23.2500,21.6250,22.0000,347000
1997-01-10,21.7500,23.7500,21.7500,23.0000,1194600
1997-01-13,23.1250,24.2500,22.8150,23.7500,650000
1997-01-14,23.7500,23.8750,22.5650,22.6250,1397800
1997-01-15,22.5000,23.1250,21.8750,23.1250,555200
1997-01-16,23.7500,24.6900,23.3750,24.5650,1129400
1997-01-17,24.3750,25.7500,24.0000,24.1250,949600
1997-01-20,24.1250,24.1250,21.8750,22.0000,1138400
1997-01-21,22.2500,22.7500,20.6250,20.7500,933600
1997-01-22,21.1250,21.8750,20.0000,20.7500,1062800
1997-01-23,20.8750,21.3750,20.3750,20.4400,1259600
1997-01-24,20.8150,21.0000,20.4400,20.8750,735800
1997-01-27,22.2500,22.5000,21.1250,22.4400,472800
1997-01-28,23.0000,23.9400,22.6250,23.1900,958600
1997-01-29,23.3150,23.6250,22.5000,22.6900,388600
1997-01-30,22.8750,24.3150,22.6250,24.1250,425000
1997-01-31,24.2500,25.6250,24.0000,24.5000,722400
1997-02-03,24.7500,25.1250,23.8750,24.1900,320200
1997-02-04,24.2500,24.5650,23.3750,23.3750,224200
1997-02-05,23.6250,23.7500,22.7500,23.0000,264800
1997-02-06,23.0000,23.3750,22.7500,23.0000,165600
1997-02-07,23.1250,23.3750,22.3750,22.6250,454400
1997-02-10,22.7500,23.0650,22.5000,23.0000,235200
1997-02-11,22.8750,23.6250,22.4400,22.6250,293800
1997-02-12,23.0000,23.0000,21.5000,23.0000,393000
1997-02-13,23.5000,24.5000,23.0000,23.8750,463200
1997-02-14,24.1250,24.5000,23.6250,23.8750,375600
1997-02-18,23.8750,24.7500,23.4400,24.3750,392600
1997-02-19,24.5000,25.2500,24.1250,24.6250,609400
1997-02-20,24.7500,25.1250,24.3750,25.1250,292800
1997-02-21,24.8750,26.3750,24.8750,24.8750,544000
1997-02-24,25.0000,26.1250,24.3150,25.5650,529600
1997-02-25,25.7500,25.7500,23.0000,23.6250,811000
1997-02-26,23.6250,23.8750,22.8750,23.3750,282200
1997-02-27,23.5000,23.7500,23.1250,23.3150,187800
1997-02-28,23.5000,23.5000,23.1250,23.1250,77200
1997-03-03,22.3150,23.0000,21.5000,21.7500,312400
1997-03-04,21.8750,22.2500,21.6250,22.2500,160200
1997-03-05,22.0000,22.6250,22.0000,22.5000,225400
1997-03-06,22.7500,23.0000,22.6250,23.0000,453600
1997-03-07,23.3150,23.9400,23.1250,23.6900,2526600
1997-03-10,24.1250,25.1250,23.6900,24.8750,873400
1997-03-11,25.2500,25.7500,24.8750,25.1250,1300200
1997-03-12,24.8750,25.3150,24.3750,24.9400,921400
1997-03-13,24.9400,25.3750,23.1250,23.5650,1011400
1997-03-14,23.8750,24.7500,23.3750,23.7500,766800
1997-03-17,23.3750,24.0000,22.9400,23.1250,698000
1997-03-18,23.0000,23.3750,23.0000,23.2500,323200
1997-03-19,23.1250,23.3750,21.5000,22.0000,2406400
1997-03-20,22.0000,22.2500,21.7500,21.7500,524800
1997-03-21,21.8750,22.3750,21.8750,22.1900,391000
1997-03-24,21.9400,22.3750,21.9400,22.0650,156000
1997-03-25,21.9400,22.7500,21.9400,22.5650,569000
1997-03-26,23.3750,23.4400,22.3750,23.0000,534400
1997-03-27,23.0650,23.3750,21.3750,22.0000,524400
1997-03-31,21.3750,21.6250,20.2500,20.2500,286800
1997-04-01,20.1250,20.6250,19.6250,20.0000,424200
1997-04-02,19.6250,19.8750,18.2500,19.1250,583600
1997-04-03,19.1250,19.8750,18.3750,18.6250,759600
1997-04-04,19.2500,20.7500,19.0000,20.4400,1051800
1997-04-07,20.5000,21.7500,20.5000,21.7500,534200
1997-04-08,21.5650,22.1250,21.1250,21.3750,746000
1997-04-09,21.6250,21.6250,20.3750,20.6250,498200
1997-04-10,20.3750,21.0650,19.6250,20.7500,414600
1997-04-11,20.5000,21.2500,19.3750,19.5000,849400
1997-04-14,19.1900,19.6250,18.2500,18.6250,410000
1997-04-15,19.1250,19.7500,18.5000,18.6900,349200
1997-04-16,18.7500,18.8750,17.0000,17.1250,517800
1997-04-17,17.2500,17.5000,16.0000,16.2500,1389600
1997-04-18,16.2500,17.3750,16.0000,17.2500,1352000
1997-04-21,17.3750,17.6250,16.3750,16.6250,538600
1997-04-22,16.7500,17.3750,16.6250,17.2500,245600
1997-04-23,17.5000,17.5000,16.3150,16.3750,435600
1997-04-24,16.0650,16.5650,15.7500,15.8150,685600
1997-04-25,16.1250,16.1250,13.8150,15.0000,2021600
1997-04-28,15.0000,15.2500,14.1250,14.2500,746200
1997-04-29,15.0650,15.3750,14.6250,15.2500,901400
1997-04-30,15.2500,16.0000,15.0000,15.8750,681200
1997-05-01,15.5000,15.8750,14.8750,15.2500,603800
1997-05-02,15.3750,16.8750,15.1250,16.8150,1618000
1997-05-05,17.3750,18.6900,17.0000,17.8750,2064800
1997-05-06,18.1250,18.8750,17.8750,18.1250,1077600
1997-05-07,17.6900,18.4400,17.5650,17.8750,462600
1997-05-08,17.9400,18.2500,17.8750,18.1250,772600
1997-05-09,18.1250,18.1250,16.9400,17.0000,310400
1997-05-12,17.3750,17.6250,16.6250,16.8750,118600
1997-05-13,16.7500,17.1250,16.7500,17.0000,937600
1997-05-14,17.0650,17.6250,16.8750,17.2500,377000
1997-05-15,17.1900,17.3750,16.6250,17.1250,287600
1997-05-16,17.1250,17.3750,16.6900,17.0000,324800
1997-05-19,17.1250,17.6900,16.8750,17.3750,176400
1997-05-20,17.0000,17.5000,17.0000,17.2500,328000
1997-05-21,17.5000,17.6250,17.0000,17.1250,168200
1997-05-22,17.5000,17.8750,17.5000,17.8750,241200
1997-05-23,17.6900,17.8750,17.6900,17.8750,101800
1997-05-27,18.1250,19.6250,17.6900,19.5000,1663200
1997-05-28,19.6250,20.0000,19.0000,20.0000,457400
1997-05-29,20.0000,20.2500,19.7500,20.2500,312200
1997-05-30,19.7500,20.2500,19.3150,20.2500,672800
1997-06-02,20.0000,21.3150,20.0000,21.3150,570600
1997-06-03,21.2500,21.6900,20.8750,21.3150,570000
1997-06-04,21.2500,21.8750,21.2500,21.8750,619400
1997-06-05,21.8750,22.6900,21.7500,22.5650,634200
1997-06-06,22.6250,22.7500,22.2500,22.5000,100800
1997-06-09,22.5000,23.8150,22.1250,23.7500,327600
1997-06-10,23.5000,23.5650,23.0650,23.3150,559800
1997-06-11,23.0000,23.2500,21.6250,22.6250,1088200
1997-06-12,23.1900,23.7500,22.9400,23.7500,368000
1997-06-13,23.9400,24.5650,23.3750,24.4400,679800
1997-06-16,24.3750,24.7500,24.3750,24.5000,390200
1997-06-17,24.3150,24.6900,24.0000,24.2500,444000
1997-06-18,24.0000,24.2500,23.7500,24.0000,267600
1997-06-19,24.0000,24.7500,23.8750,24.7500,315000
1997-06-20,24.2500,24.8750,24.2500,24.2500,528200
1997-06-23,23.8750,24.0650,22.9400,23.1900,389400
1997-06-24,23.0000,23.3750,21.7500,22.5000,389200
1997-06-25,22.5000,22.6250,22.3150,22.3750,288800
1997-06-26,22.2500,22.2500,21.1900,21.2500,313800
1997-06-27,20.3750,21.0650,19.8150,19.8150,754400
1997-06-30,20.0650,20.1250,18.1250,19.1250,1372400
1997-07-01,19.8750,20.8150,19.3150,20.0650,1326600
1997-07-02,20.1250,20.1250,19.5000,19.7500,269200
1997-07-03,19.8750,20.3150,19.6250,20.1900,411800
1997-07-07,20.5000,20.7500,19.6900,19.8150,662400
1997-07-08,19.5650,19.8750,19.0650,19.5650,554800
1997-07-09,19.0000,19.7500,18.5000,19.0650,1110600
1997-07-10,19.0000,19.0000,18.7500,19.0000,310000
1997-07-11,19.0650,19.4400,18.8750,19.1900,769200
1997-07-14,18.4400,19.0650,16.9400,17.0650,2167200
1997-07-15,18.0000,18.2500,17.3750,17.9400,1880400
1997-07-16,18.0650,18.6250,17.5000,18.5000,950000
1997-07-17,18.6250,18.6250,18.1250,18.3750,564600
1997-07-18,18.2500,18.4400,17.2500,17.5000,418600
1997-07-21,17.3750,17.5000,16.8750,17.0000,1084200
1997-07-22,17.2500,18.1250,17.0000,18.0000,713600
1997-07-23,18.8750,19.3150,18.6250,19.1250,467600
1997-07-24,19.2500,19.6250,18.3750,18.5000,431400
1997-07-25,18.6250,19.4400,18.3750,18.6250,454800
1997-07-28,18.3750,18.7500,17.8750,17.9400,725800
1997-07-29,18.2500,18.5650,18.1900,18.5650,2165800
1997-07-30,18.2500,18.5650,16.9400,17.0650,1280000
1997-07-31,17.4400,17.8150,17.3750,17.5650,633800
1997-08-01,17.8750,17.8750,16.8750,17.0000,505800
1997-08-04,16.6250,17.0000,16.0650,16.8150,577000
1997-08-05,17.1250,17.6900,16.6250,17.5650,548200
1997-08-06,17.6250,17.6250,17.2500,17.4400,129600
1997-08-07,17.5000,17.5650,16.8750,17.0000,455800
1997-08-08,16.7500,17.0000,16.6250,16.9400,257600
1997-08-11,16.8750,17.0650,15.9400,15.9400,500200
1997-08-12,16.0650,16.2500,14.6900,15.0000,1685200
1997-08-13,15.2500,15.8150,14.6900,15.0650,1018400
1997-08-14,15.2500,15.5000,15.1250,15.4400,284200
1997-08-15,15.6250,15.6250,15.0000,15.5650,231600
1997-08-18,15.5000,15.7500,15.0000,15.6250,343600
1997-08-19,15.8150,16.4400,15.6250,16.2500,530800
1997-08-20,16.5650,17.0650,16.3750,16.8750,611800
1997-08-21,16.7500,16.8750,15.8750,16.1250,461200
1997-08-22,15.5000,16.4400,15.1250,16.3750,465800
1997-08-25,16.3750,16.9400,16.2500,16.9400,394000
1997-08-26,16.7500,17.1250,16.0000,16.1250,356200
1997-08-27,16.0000,16.3750,16.0000,16.3750,131200
1997-08-28,16.4400,17.0000,16.1250,16.7500,316600
1997-08-29,16.6250,17.1900,16.5000,17.1250,396000
1997-09-02,17.2500,17.7500,17.0000,17.6250,579000
1997-09-03,17.5650,17.9400,17.3750,17.9400,584000
1997-09-04,17.5650,18.0000,17.4400,17.5650,217400
1997-09-05,17.6900,18.1250,17.5650,18.0000,203000
1997-09-08,18.1900,18.1900,17.6250,17.9400,243400
1997-09-09,18.0650,18.0650,17.8750,18.0650,245800
1997-09-10,17.8150,18.0650,17.4400,17.8150,456000
1997-09-11,17.6250,17.9400,17.5000,17.6900,323000
1997-09-12,17.8150,18.0000,17.6900,17.9400,736800
1997-09-15,17.9400,17.9400,17.7500,17.9400,210000
1997-09-16,17.9400,18.1900,17.6250,18.0000,345800
1997-09-17,18.1900,19.1250,17.8150,19.0000,1569200
1997-09-18,19.1250,20.5000,18.8150,20.0000,1733600
1997-09-19,19.5650,20.1250,19.1900,19.9400,512000
1997-09-22,20.1250,20.2500,19.9400,20.2500,186000
1997-09-23,20.2500,20.4400,19.7500,19.9400,551800
1997-09-24,19.7500,20.0000,18.2500,19.3750,1004200
1997-09-25,18.5650,19.1250,18.0000,18.4400,737800
1997-09-26,18.3750,18.6900,18.2500,18.4400,430000
1997-09-29,18.3750,19.4400,18.3750,19.4400,378000
1997-09-30,19.8750,20.1250,18.8750,18.8750,915200
1997-10-01,18.8750,19.1900,17.6900,17.7500,1170200
1997-10-02,17.7500,17.8750,16.7500,17.0000,1655400
1997-10-03,17.4400,18.4400,17.1900,17.4400,914200
1997-10-06,17.5650,17.5650,17.0000,17.1250,266000
1997-10-07,17.1900,17.2500,16.5650,16.6900,867400
1997-10-08,16.8750,16.8750,16.4400,16.6250,961800
1997-10-09,16.6250,17.9400,16.5650,17.7500,865600
1997-10-10,17.6250,18.3750,17.4400,18.1900,796000
1997-10-13,18.1250,18.7500,17.1900,17.1900,977000
1997-10-14,17.5000,17.6250,17.0000,17.4400,703600
1997-10-15,17.5650,17.6250,17.1900,17.5000,202400
1997-10-16,17.1250,17.5650,16.7500,16.9400,364200
1997-10-17,16.8150,17.0650,15.4400,16.1900,722200
1997-10-20,16.1250,16.3750,15.7500,16.2500,644000
1997-10-21,16.4400,16.8750,16.1900,16.6250,406600
1997-10-22,16.8150,17.1900,16.6250,16.8750,271200
1997-10-23,16.6250,17.1900,16.1900,16.7500,198600
1997-10-24,17.1250,17.1900,16.3750,16.7500,169000
1997-10-27,16.2500,16.5000,15.1900,15.3150,289800
1997-10-28,14.6250,15.8150,14.1250,14.9400,1055600
1997-10-29,15.3750,15.6250,15.1250,15.3150,460400
1997-10-30,15.0000,15.3150,14.6250,14.9400,192200
1997-10-31,15.2500,15.2500,14.5000,14.7500,554800
1997-11-03,14.8150,15.2500,14.5000,15.0000,409200
1997-11-04,15.0000,15.6250,14.8150,14.9400,307600
1997-11-05,15.1900,15.5650,15.0000,15.1900,275600
1997-11-06,15.1900,15.3150,14.8150,15.0650,307600
1997-11-07,14.7500,15.5000,14.5000,14.7200,319800
1997-11-10,15.0000,15.1250,14.7500,14.8150,196600
1997-11-11,15.0000,15.0000,14.3750,14.5000,156400
1997-11-12,14.0650,14.3750,13.5300,13.9400,231400
1997-11-13,14.2500,14.3750,13.2500,14.1250,308400
1997-11-14,14.2500,14.7500,14.2500,14.6250,526200
1997-11-17,15.0000,15.0650,13.6250,13.8750,578400
1997-11-18,14.0000,14.3150,13.7500,14.1900,489600
1997-11-19,14.0650,14.1250,13.8750,13.9700,160600
1997-11-20,13.7500,14.8150,13.7500,14.7500,368000
1997-11-21,15.0000,15.1250,14.3750,14.3750,283400
1997-11-24,14.5000,14.5000,13.8150,14.0650,309400
1997-11-25,13.8150,14.0650,13.8150,14.0000,212000
1997-11-26,13.8750,14.0000,13.6900,13.7800,86000
1997-11-28,13.8150,13.8750,13.5000,13.8450,132400
1997-12-01,14.0000,14.1900,13.6900,14.1900,355000
1997-12-02,14.0650,14.7500,14.0650,14.3750,381600
1997-12-03,14.1250,14.3750,13.8750,14.0300,213200
1997-12-04,14.0650,14.0650,13.8150,13.9400,122000
1997-12-05,14.0000,14.0000,13.5650,13.8750,351800
1997-12-08,13.8750,13.8750,13.4400,13.6250,173400
1997-12-09,13.5650,13.5650,12.6900,12.8750,300600
1997-12-10,12.8150,13.2500,12.6250,13.0650,599800
1997-12-11,13.0000,13.7500,13.0000,13.6900,1002000
1997-12-12,13.8750,13.9400,13.4050,13.8750,473600
1997-12-15,14.0000,15.1900,13.8150,14.9400,514200
1997-12-16,15.2500,17.2500,15.0000,16.8750,1307600
1997-12-17,16.7500,17.7500,16.6250,17.0650,719200
1997-12-18,16.8750,17.1900,16.0000,16.3750,225200
1997-12-19,16.2500,18.1250,15.7500,18.0000,611600
1997-12-22,17.8750,18.0000,17.4400,17.7500,446800
1997-12-23,17.9700,17.9700,16.8750,17.1700,309600
1997-12-24,17.0650,17.1250,16.5000,16.5000,111800
1997-12-26,16.7500,16.9700,16.6550,16.7200,16600
1997-12-29,16.7200,17.0000,16.0650,16.1900,298200
1997-12-30,16.1900,17.3150,16.0000,16.8750,364400
1997-12-31,16.7500,16.8150,16.2500,16.5000,199600
1998-01-02,16.3150,16.7200,16.2500,16.6900,194400
1998-01-05,16.6250,16.6900,16.5000,16.5650,182600
1998-01-06,16.6900,16.6900,16.4400,16.4400,232600
1998-01-07,16.4400,16.5000,16.0000,16.3150,274200
1998-01-08,16.0300,16.8750,15.7500,16.5650,400600
1998-01-09,16.7500,16.7500,16.0000,16.4050,341800
1998-01-12,16.0000,16.1250,15.6250,15.9400,977800
1998-01-13,16.2500,16.7500,16.2500,16.5000,284000
1998-01-14,16.4400,17.4400,16.4400,17.2500,178600
1998-01-15,17.1250,18.2500,17.1250,17.8150,823000
1998-01-16,17.7500,18.3750,17.5000,18.2500,508000
1998-01-20,18.5000,18.5000,17.8150,18.2500,501200
1998-01-21,18.3150,18.3150,17.5000,17.8750,408600
1998-01-22,17.5000,18.1900,17.5000,17.8750,275200
1998-01-23,17.8150,18.3750,17.8150,18.3750,810200
1998-01-26,18.0000,18.3150,17.9400,18.2500,973200
1998-01-27,18.3750,18.7500,18.0650,18.6250,991400
1998-01-28,18.5650,19.6900,18.5650,19.1250,686400
1998-01-29,19.3750,20.1250,19.0000,19.5000,601000
1998-01-30,19.8150,19.8150,19.3150,19.6250,317800
1998-02-02,19.8150,20.1900,18.7500,19.0650,1031800
1998-02-03,19.0000,19.0650,18.5000,18.7500,571400
1998-02-04,18.6250,18.6250,18.0000,18.1550,798000
1998-02-05,17.8750,18.1900,17.0000,17.0300,1625200
1998-02-06,16.7500,18.1250,16.7500,18.1100,1316000
1998-02-09,18.1250,18.3750,17.7500,17.8150,238200
1998-02-10,18.1250,18.2500,17.7500,18.0000,307400
1998-02-11,18.0000,18.0650,17.7500,18.0650,278000
1998-02-12,18.1250,18.3150,17.5650,18.1250,646600
1998-02-13,18.3150,19.1900,17.8750,19.0000,551400
1998-02-17,19.0000,19.5300,18.4400,19.0000,577200
1998-02-18,18.6250,19.3150,18.6250,18.7500,450600
1998-02-19,18.6250,19.0650,18.5000,18.8150,1208800
1998-02-20,18.7500,18.8600,18.3750,18.7500,114400
1998-02-23,18.8750,19.0650,18.5000,18.6250,906600
1998-02-24,18.5950,18.6250,18.1250,18.2800,422000
1998-02-25,18.3150,18.3150,17.9050,18.0650,281800
1998-02-26,18.0000,18.3750,17.9050,18.2500,616800
1998-02-27,18.0000,18.9400,18.0000,18.6900,340000
1998-03-02,18.3750,18.7500,18.1250,18.3150,348800
1998-03-03,18.5000,18.5000,18.1250,18.3750,130400
1998-03-04,18.1250,18.3150,17.7500,18.0650,163800
1998-03-05,17.5000,17.8150,17.5000,17.5000,291200
1998-03-06,17.5000,17.8150,17.2500,17.4400,564400
1998-03-09,17.2500,17.5000,17.0000,17.3750,325200
1998-03-10,17.3750,17.5650,17.1900,17.5000,139400
1998-03-11,17.6250,17.6250,16.8750,16.9700,255600
1998-03-12,17.1250,17.2500,16.8750,17.2500,87600
1998-03-13,17.1250,17.5650,17.1250,17.5000,407800
1998-03-16,17.6250,17.6250,17.3150,17.5300,320600
1998-03-17,17.3750,17.5650,17.1250,17.5000,391200
1998-03-18,17.1900,17.5000,17.0650,17.3150,288000
1998-03-19,17.1250,17.3150,16.7500,16.7800,250600
1998-03-20,16.8150,16.8750,16.2500,16.3750,397800
1998-03-23,16.3750,17.1900,16.2500,16.5000,620600
1998-03-24,16.5000,16.6900,16.0650,16.5000,501400
1998-03-25,16.4700,16.6250,16.2500,16.3750,171400
1998-03-26,16.3750,16.3750,16.0000,16.3750,120800
1998-03-27,16.2500,16.5000,16.1250,16.2500,55600
1998-03-30,16.2500,16.4700,16.0300,16.0650,329000
1998-03-31,16.2500,16.6250,15.8750,15.9700,458400
1998-04-01,16.0000,16.0650,15.5000,15.5300,918600
1998-04-02,15.8150,16.1250,15.6250,16.0000,714000
1998-04-03,16.1250,16.1900,16.0000,16.0000,150600
1998-04-06,16.1250,16.6250,16.0650,16.4700,458200
1998-04-07,16.1900,16.9400,16.1250,16.4400,321800
1998-04-08,16.3750,16.7500,16.3750,16.4050,411200
1998-04-09,16.5000,16.8150,16.3750,16.5300,103600
1998-04-13,16.3750,16.6250,16.3150,16.4400,196200
1998-04-14,16.8150,16.8150,16.5000,16.8150,410800
1998-04-15,16.8750,16.8750,16.5000,16.5950,308400
1998-04-16,16.3750,16.7500,15.9400,16.0300,339400
1998-04-17,16.2500,16.9400,15.9400,16.9400,388000
1998-04-20,16.5000,16.9400,15.8750,16.1900,521400
1998-04-21,16.1900,16.5000,16.0650,16.1900,204400
1998-04-22,15.8750,16.4400,15.6700,15.8750,587600
1998-04-23,15.7500,15.8150,15.3750,15.7500,477200
1998-04-24,15.8150,15.8750,15.5650,15.7800,231200
1998-04-27,15.8150,15.8150,15.2500,15.3750,319000
1998-04-28,15.7500,15.8750,15.0000,15.3750,378000
1998-04-29,15.3750,16.0650,15.1250,15.5000,165200
1998-04-30,16.1250,16.1250,15.5000,15.5650,359400
1998-05-01,15.7500,15.7500,15.0000,15.4400,899200
1998-05-04,15.5000,15.6900,15.0000,15.1900,472200
1998-05-05,15.1250,15.3750,15.0000,15.1900,313200
1998-05-06,15.3150,15.3150,14.6900,14.7500,601200
1998-05-07,14.9400,15.2500,14.6900,15.0000,301000
1998-05-08,15.2500,15.3150,14.9400,15.2500,347800
1998-05-11,15.3150,15.5000,14.3750,14.5650,406000
1998-05-12,14.8750,15.0000,14.3750,15.0000,147600
1998-05-13,15.0000,15.0000,14.3750,14.5000,235200
1998-05-14,14.5000,14.5000,14.1250,14.2500,141000
1998-05-15,14.1900,14.3450,14.0650,14.3450,286600
1998-05-18,14.2500,14.3750,13.8750,14.1250,210000
1998-05-19,14.6250,14.9400,14.1250,14.3750,495200
1998-05-20,14.3750,14.3750,13.7500,13.8750,281200
1998-05-21,13.7500,14.3750,13.7500,14.3750,228200
1998-05-22,14.4400,14.6900,14.4050,14.5300,696800
1998-05-26,14.8150,14.8750,14.0000,14.1550,294400
1998-05-27,13.9400,14.1250,13.5000,14.0650,386600
1998-05-28,14.0650,15.2500,14.0000,15.0000,1436600
1998-05-29,15.0000,15.1250,14.3150,14.3750,240600
1998-06-01,14.4400,14.4400,13.9700,14.1250,113800
1998-06-02,14.2500,14.2500,14.0000,14.0000,347800
1998-06-03,14.1250,14.1250,13.6250,13.6550,235600
1998-06-04,13.7500,14.0000,13.5000,13.6250,292400
1998-06-05,13.8750,14.3150,13.1250,13.4400,1745000
1998-06-08,13.6250,14.0000,13.3750,13.6250,720000
1998-06-09,13.8750,14.5000,13.6900,14.3450,1093200
1998-06-10,14.1250,14.4050,13.9400,14.1900,648600
1998-06-11,14.4400,14.4400,13.5650,13.8750,594400
1998-06-12,13.9400,14.0000,13.5000,13.8750,225200
1998-06-15,13.8150,13.8750,13.1250,13.2500,248000
1998-06-16,13.3750,13.7500,13.3150,13.6900,448400
1998-06-17,13.6900,14.0650,13.6900,13.9050,322800
1998-06-18,14.0000,14.1250,13.6550,13.8150,363400
1998-06-19,13.6900,13.9400,13.6900,13.7800,505400
1998-06-22,13.8750,13.8750,13.6250,13.6900,153200
1998-06-23,14.0650,14.5650,13.7500,14.2500,784600
1998-06-24,14.4400,14.4400,13.5650,13.8150,397600
1998-06-25,13.8150,14.5000,13.6900,13.8750,451000
1998-06-26,13.8750,14.6250,13.8750,14.5000,958600
1998-06-29,14.5000,14.5650,13.6900,13.8150,714400
1998-06-30,13.3750,13.3750,10.7500,11.2500,7886400
1998-07-01,11.5000,11.6250,10.8750,10.9400,1688600
1998-07-02,10.9400,11.1900,10.7500,11.0650,2043800
1998-07-06,11.2500,11.3450,10.7500,11.0000,903800
1998-07-07,10.9400,11.0000,10.3150,10.5000,1194400
1998-07-08,10.5000,10.6250,10.2200,10.5000,1308800
1998-07-09,10.6900,10.7500,10.1250,10.5000,475800
1998-07-10,10.5000,10.5650,9.9400,10.0650,766000
1998-07-13,10.1250,10.1900,9.6900,9.9700,454000
1998-07-14,10.0000,10.1900,9.3750,9.7500,1340800
1998-07-15,9.7500,10.2800,9.7500,10.2800,829400
1998-07-16,10.3150,10.4400,10.0650,10.4400,370000
1998-07-17,10.4400,10.4400,9.9400,10.0000,302400
1998-07-20,10.0650,10.8150,10.0000,10.7500,352200
1998-07-21,10.9400,10.9400,10.3750,10.5000,491400
1998-07-22,10.6250,10.6250,10.2500,10.4400,382000
1998-07-23,10.3150,10.6900,9.9400,9.9850,483400
1998-07-24,9.9700,10.5650,9.8750,10.4050,671800
1998-07-27,10.0650,10.5650,10.0650,10.5000,588000
1998-07-28,10.6250,10.9400,10.3750,10.5300,515400
1998-07-29,10.7500,10.7500,10.2800,10.5000,282800
1998-07-30,10.5650,10.5650,10.4050,10.5300,431200
1998-07-31,10.4400,10.6900,10.3750,10.4400,323600
1998-08-03,10.5000,10.5000,10.2500,10.3150,119400
1998-08-04,10.5000,10.5650,9.5950,9.6550,687000
1998-08-05,9.6250,9.8750,9.4400,9.7800,258600
1998-08-06,9.6250,10.2500,9.5000,10.2500,104200
1998-08-07,10.1250,10.8750,10.1250,10.5650,427800
1998-08-10,10.6250,11.0000,10.4400,11.0000,174800
1998-08-11,10.5000,10.7500,10.1550,10.1900,840200
1998-08-12,10.5000,10.7500,10.1550,10.2800,190200
1998-08-13,10.2200,10.2500,9.8750,9.8750,168800
1998-08-14,9.8750,10.0000,9.6250,9.6900,239400
1998-08-17,9.5650,9.5650,9.0300,9.0650,407000
1998-08-18,9.2500,9.4700,9.0650,9.4050,374000
1998-08-19,9.3750,9.3750,9.0300,9.1400,308400
1998-08-20,9.1250,9.1250,8.3750,8.4400,269000
1998-08-21,8.2800,8.5950,7.4400,8.5950,581400
1998-08-24,8.7500,9.3750,8.1900,8.1900,521000
1998-08-25,8.4400,8.5000,8.0650,8.0650,420200
1998-08-26,8.0000,8.0000,7.7500,7.9200,332600
1998-08-27,7.6900,8.3150,7.6250,8.1900,379400
1998-08-28,8.2500,8.7500,7.8750,8.0650,283200
1998-08-31,8.0650,8.0650,7.2500,7.6250,602600
1998-09-01,7.8750,8.3150,7.7500,8.2500,257000
1998-09-02,8.2500,8.5000,7.9700,8.4400,501200
1998-09-03,8.1900,8.9400,8.0650,8.8300,220400
1998-09-04,9.1250,10.1550,9.0000,10.0650,450600
1998-09-08,10.5000,10.5000,9.5650,9.9400,488200
1998-09-09,9.8750,9.8750,9.2500,9.3150,490600
1998-09-10,9.0650,9.4400,8.9400,9.4400,575200
1998-09-11,9.4400,9.4400,9.0000,9.1900,485400
1998-09-14,9.0650,9.4400,9.0650,9.3750,547000
1998-09-15,9.1900,9.7500,9.1550,9.7200,212200
1998-09-16,9.7500,10.0000,9.5300,9.8150,218600
1998-09-17,9.5950,10.8750,9.5000,10.4700,308000
1998-09-18,10.4400,11.3150,10.4400,11.2200,364400
1998-09-21,10.7800,12.0650,10.5000,11.8750,742400
1998-09-22,12.2500,13.9400,12.1900,13.8750,1354600
1998-09-23,13.6250,13.7200,12.8150,13.0300,600400
1998-09-24,12.7500,13.0650,12.0000,12.3750,534600
1998-09-25,12.0000,12.1250,11.3750,12.0000,468600
1998-09-28,12.4700,12.5650,11.8750,12.3150,560400
1998-09-29,12.1250,12.3150,11.2500,12.0000,351600
1998-09-30,11.6900,11.8750,11.3750,11.5000,343000
1998-10-01,11.1900,11.2500,10.5000,10.5000,692200
1998-10-02,10.3150,11.8150,10.0000,11.7200,430400
1998-10-05,11.5000,11.6900,10.5650,10.6900,388200
1998-10-06,10.8150,11.1250,10.6250,10.8750,158800
1998-10-07,10.9400,11.0000,10.6250,10.8150,137600
1998-10-08,10.5000,11.3750,10.0000,11.2500,325400
1998-10-09,11.4400,13.0000,11.1900,12.7500,344600
1998-10-12,12.7500,13.0000,11.5000,11.6900,195800
1998-10-13,11.5650,11.5650,10.5000,10.6900,238800
1998-10-14,10.5000,11.0000,10.5000,10.5950,139000
1998-10-15,10.5000,11.4400,10.5000,11.2800,150400
1998-10-16,11.4400,12.9400,11.2500,11.5650,716400
1998-10-19,11.3750,12.0000,11.3750,11.8750,161600
1998-10-20,11.6250,12.5000,11.6250,12.0300,149200
1998-10-21,12.5000,12.5650,12.0000,12.0650,425000
1998-10-22,12.3150,12.5300,11.9400,12.4400,364600
1998-10-23,12.4400,12.5300,12.1250,12.5000,186000
1998-10-26,12.5650,13.1900,12.1250,13.1900,454800
1998-10-27,13.1550,13.3750,12.8150,12.8750,1072000
1998-10-28,12.8150,13.1900,12.7500,13.1250,214400
1998-10-29,13.2500,13.3750,13.0000,13.3150,496400
1998-10-30,13.3150,13.5000,13.1250,13.1900,391200
1998-11-02,13.1550,13.6250,13.1550,13.5000,401000
1998-11-03,13.4400,13.6250,13.1250,13.6250,196400
1998-11-04,13.5650,13.7500,12.9400,13.0950,394600
1998-11-05,12.8750,12.8750,12.0650,12.6250,233400
1998-11-06,12.6250,13.3750,12.6250,13.3150,89800
1998-11-09,13.0000,13.3750,12.4400,12.6250,300800
1998-11-10,12.8150,12.8750,12.3750,12.8150,123000
1998-11-11,12.7500,13.0000,12.5000,12.6900,177200
1998-11-12,12.6250,12.9400,12.6250,12.8150,78800
1998-11-13,12.9400,12.9400,12.6900,12.6900,85400
1998-11-16,12.7500,13.0000,12.1900,12.4700,111400
1998-11-17,12.3150,12.5000,12.3150,12.3150,51600
1998-11-18,12.3150,12.5000,12.1900,12.2800,86000
1998-11-19,12.3750,12.5000,12.2800,12.5000,254000
1998-11-20,12.3750,12.5000,12.2500,12.3150,194400
1998-11-23,12.4400,12.5000,12.0000,12.1550,233200
1998-11-24,12.0650,12.1250,11.7800,11.8750,290200
1998-11-25,11.7500,11.9400,11.5000,11.5000,147400
1998-11-27,11.5000,11.9400,11.5000,11.9400,128000
1998-11-30,11.7500,12.0000,11.7500,11.8450,249000
1998-12-01,11.8150,12.3150,11.7800,12.0650,208400
1998-12-02,12.3150,13.2500,12.0650,12.7500,428600
1998-12-03,12.9400,13.5950,12.7500,13.5950,932800
1998-12-04,13.7800,14.1900,13.7500,13.9050,751600
1998-12-07,13.8750,13.9050,13.6900,13.7800,538600
1998-12-08,13.8750,13.9050,13.6900,13.8150,431000
1998-12-09,13.8750,13.8750,13.5000,13.5650,267000
1998-12-10,13.7500,13.8150,13.4400,13.4700,370800
1998-12-11,13.4050,13.5000,13.3750,13.5000,130200
1998-12-14,13.4700,13.4700,12.8150,12.8150,137000
1998-12-15,13.0000,13.6250,12.2500,12.3750,1104400
1998-12-16,12.4050,13.0000,12.0000,12.9050,774200
1998-12-17,12.8150,13.4400,12.7500,13.2500,671600
1998-12-18,13.4400,13.6900,13.1900,13.5000,307600
1998-12-21,13.3750,13.7500,13.3150,13.6900,279000
1998-12-22,13.6250,13.8150,13.3750,13.4400,133600
1998-12-23,13.4400,13.4400,13.0000,13.1900,94600
1998-12-24,13.3150,13.4400,13.0000,13.1250,12600
1998-12-28,13.4400,14.2200,13.0000,14.2200,226600
1998-12-29,14.0650,14.6900,13.7500,13.7500,506400
1998-12-30,13.7500,14.5000,13.6900,14.2500,320200
1998-12-31,14.2500,15.0000,14.2500,14.8750,341800
1999-01-04,14.9400,15.3150,14.5950,14.7200,615800
1999-01-05,14.7200,14.8150,13.8750,13.9400,160000
1999-01-06,14.0650,15.4700,13.9400,14.8750,699200
1999-01-07,14.6900,14.8150,14.2500,14.4400,133600
1999-01-08,14.4400,14.6900,14.2500,14.5000,151000
1999-01-11,14.6900,14.6900,14.0650,14.0650,169400
1999-01-12,14.2500,14.5000,13.6250,13.6250,147800
1999-01-13,13.3750,14.1900,13.0650,14.1250,258400
1999-01-14,14.0650,14.3750,13.8750,13.9200,500200
1999-01-15,13.9400,14.9400,13.8750,14.8750,211600
1999-01-19,14.8150,14.9400,14.5650,14.7500,201800
1999-01-20,15.0000,15.2200,14.7500,15.0650,233600
1999-01-21,15.0650,15.0650,14.4050,14.5650,172400
1999-01-22,14.4400,14.7500,14.4400,14.5950,191200
1999-01-25,14.5300,14.6250,14.2500,14.3450,143400
1999-01-26,14.3450,15.6250,14.3450,15.5000,576800
1999-01-27,16.0000,16.2500,14.5300,14.5950,850600
1999-01-28,14.8150,15.1900,14.6250,15.0000,465000
1999-01-29,15.2500,15.9050,15.0000,15.7500,755000
1999-02-01,15.6900,15.9400,15.5650,15.8150,428400
1999-02-02,13.3750,14.5650,12.3750,14.3150,1025200
1999-02-03,14.3750,14.3750,13.3150,13.8150,622600
1999-02-04,13.9400,14.0000,13.3150,13.5950,506000
1999-02-05,13.6250,13.6900,13.2500,13.4050,583800
1999-02-08,13.2500,13.3750,13.0950,13.1550,272600
1999-02-09,13.1900,13.5000,12.6900,12.7350,150200
1999-02-10,12.8750,13.0650,12.3750,12.4400,277200
1999-02-11,12.5650,12.6900,12.1250,12.5000,199800
1999-02-12,12.3750,12.5650,11.8750,11.9700,182200
1999-02-16,12.1250,12.3750,11.9550,12.2800,206200
1999-02-17,12.1250,12.4400,11.8150,12.4400,229000
1999-02-18,12.4050,12.7500,12.1900,12.5650,204000
1999-02-19,12.6250,13.5000,12.6250,13.4050,434600
1999-02-22,13.5000,13.6250,12.4050,13.3450,287400
1999-02-23,13.3750,13.3750,13.0000,13.1550,174600
1999-02-24,13.2500,13.3150,12.1250,12.1550,551400
1999-02-25,12.1250,12.2500,11.3150,11.5000,321400
1999-02-26,11.3750,12.4700,11.2500,11.7500,236800
1999-03-01,11.8750,12.2500,11.5000,12.2500,352400
1999-03-02,12.0000,12.7500,12.0000,12.3150,47200
1999-03-03,12.3150,12.4400,11.7500,12.0000,121400
1999-03-04,11.9400,12.3150,11.9400,12.3150,92400
1999-03-05,12.2500,13.3750,12.2500,12.8150,176600
1999-03-08,12.9400,13.3750,12.7500,13.3750,617200
1999-03-09,13.5650,13.6900,13.3150,13.3150,195800
1999-03-10,13.5000,13.7200,13.1250,13.1550,185400
1999-03-11,13.5000,13.6250,12.7500,13.5000,292800
1999-03-12,13.6250,13.6250,13.2500,13.3750,108800
1999-03-15,13.4400,13.6250,13.0000,13.5650,158200
1999-03-16,13.5650,14.0650,13.4400,13.9050,214600
1999-03-17,13.8150,13.8750,13.1250,13.3150,124600
1999-03-18,13.2200,13.3150,13.1900,13.1900,109400
1999-03-19,13.1550,13.5000,13.1250,13.3150,475600
1999-03-22,13.5000,13.5000,12.8150,12.8750,85400
1999-03-23,12.7500,12.8150,12.3150,12.3150,250200
1999-03-24,12.3150,12.4400,11.8450,11.8750,176600
1999-03-25,12.0000,12.2200,11.8150,12.1550,384200
1999-03-26,12.1900,12.3450,12.1250,12.3150,327000
1999-03-29,12.5000,13.3750,12.4400,13.3450,389400
1999-03-30,13.3150,13.3150,12.3750,12.4400,306600
1999-03-31,12.5650,12.8150,12.4400,12.6250,184200
1999-04-01,12.4400,12.6250,11.3150,12.1900,674000
1999-04-05,12.1900,12.9400,12.1900,12.5300,178600
1999-04-06,12.5650,12.5650,11.8750,12.1250,319800
1999-04-07,12.0650,12.3750,11.9400,12.1250,215600
1999-04-08,12.0650,12.2500,11.6250,11.7200,465600
1999-04-09,11.6900,12.5000,11.6900,12.5000,785800
1999-04-12,12.4700,13.1900,12.1900,13.0650,264400
1999-04-13,13.0000,13.1900,12.1250,12.1550,198400
1999-04-14,12.5650,12.5650,12.1250,12.1900,83800
1999-04-15,12.3750,12.5000,11.6900,12.0000,304200
1999-04-16,12.1250,12.5650,11.9050,12.0950,2174600
1999-04-19,11.8750,11.9400,11.2500,11.2950,524800
1999-04-20,11.2500,11.6550,11.0650,11.5000,301400
1999-04-21,11.6250,11.6250,11.2500,11.4400,314400
1999-04-22,11.5000,11.5000,10.1900,10.6250,1242000
1999-04-23,10.3750,10.4400,10.1250,10.4400,235200
1999-04-26,10.3450,10.8750,10.2800,10.4400,210600
1999-04-27,10.0650,10.6900,10.0000,10.6250,538600
1999-04-28,10.6250,10.6250,10.2500,10.4400,139000
1999-04-29,10.3150,10.4700,10.2500,10.4400,60800
1999-04-30,10.5000,10.6550,10.3150,10.5650,497600
1999-05-03,10.5650,10.6900,10.5000,10.5650,310600
1999-05-04,10.4400,10.6250,10.3150,10.5300,98600
1999-05-05,10.3150,10.5000,10.0000,10.3150,135400
1999-05-06,10.2500,10.3450,10.1250,10.3150,94400
1999-05-07,10.1250,10.3750,10.1250,10.2800,296600
1999-05-10,10.3150,10.4700,10.2500,10.3750,358600
1999-05-11,10.3750,10.4400,10.1900,10.2800,248800
1999-05-12,10.3150,10.3150,10.0000,10.0650,147400
1999-05-13,10.2500,10.4400,10.0000,10.3150,527400
1999-05-14,10.3150,10.3750,10.0300,10.1250,222200
1999-05-17,10.0650,10.2500,10.0650,10.2500,202400
1999-05-18,10.4400,10.5000,10.2500,10.3750,132400
1999-05-19,10.3150,10.5000,10.2500,10.4400,320600
1999-05-20,10.3150,10.3750,10.1900,10.1900,203400
1999-05-21,10.2200,10.2800,10.0650,10.1250,343200
1999-05-24,10.0650,10.1900,9.8750,9.9700,449200
1999-05-25,9.8750,10.0300,9.6900,10.0000,621400
1999-05-26,9.9850,10.0650,9.7800,9.9400,460000
1999-05-27,9.9050,9.9400,9.8450,9.9400,87800
1999-05-28,9.8900,10.0300,9.8750,10.0300,443400
1999-06-01,10.0000,10.1250,9.9700,10.0000,78800
1999-06-02,9.9700,10.3750,9.9400,10.3750,139600
1999-06-03,10.4400,11.0000,10.3450,10.5950,139000
1999-06-04,10.5800,10.9400,10.5000,10.9400,227000
1999-06-07,10.9200,11.4400,10.9200,11.2950,128400
1999-06-08,11.3750,11.3750,10.5000,10.7800,202800
1999-06-09,10.7500,11.1250,10.7500,11.1250,147600
1999-06-10,10.8750,11.5000,10.8750,11.3150,190000
1999-06-11,11.2500,11.4400,10.9400,10.9400,135000
1999-06-14,11.1250,11.1250,10.8150,10.8750,67800
1999-06-15,10.8750,11.3750,10.8150,11.1250,152800
1999-06-16,11.1250,11.8150,11.1250,11.6250,312200
1999-06-17,11.5000,12.0000,11.3750,12.0000,184600
1999-06-18,12.2500,12.3150,11.9400,11.9700,153200
1999-06-21,11.9400,12.1250,11.8750,12.0000,92800
1999-06-22,11.9400,12.0300,11.6900,11.9400,107000
1999-06-23,11.9700,11.9700,11.6250,11.8150,180000
1999-06-24,11.7500,11.7500,11.5650,11.7500,60800
1999-06-25,11.6250,11.8750,11.6250,11.7800,186200
1999-06-28,11.7500,11.9050,11.7500,11.8600,126000
1999-06-29,11.8150,12.3750,11.8150,12.2500,224600
1999-06-30,12.3450,12.3450,11.8150,12.0650,328200
1999-07-01,11.9400,12.3750,11.8750,12.3750,319600
1999-07-02,12.1900,12.6250,12.1900,12.5000,1116800
1999-07-06,12.5300,12.5650,12.3150,12.4400,388400
1999-07-07,12.5650,12.6550,12.4700,12.5950,315400
1999-07-08,12.5650,13.0000,12.5650,12.8150,120600
1999-07-09,12.8150,12.9400,12.7500,12.8150,147000
1999-07-12,12.7500,13.0000,12.6900,12.7800,828000
1999-07-13,12.8750,13.0000,12.5950,13.0000,158600
1999-07-14,12.8750,13.2500,12.8750,13.0650,198000
1999-07-15,13.0000,13.0650,12.7500,12.9050,224200
1999-07-16,12.9400,13.0000,12.7500,12.7500,376200
1999-07-19,12.8150,13.0000,11.2500,11.8150,371400
1999-07-20,11.5000,11.9400,11.4400,11.5650,183800
1999-07-21,11.4400,12.0000,11.4400,11.5000,964200
1999-07-22,11.6250,11.7500,11.4400,11.5950,1420200
1999-07-23,11.5300,11.6550,11.5000,11.6250,1233600
1999-07-26,11.5650,11.7500,11.5000,11.6900,102600
1999-07-27,11.7500,11.8150,11.5650,11.8150,139800
1999-07-28,11.6250,11.7500,11.5000,11.5300,684000
1999-07-29,11.5000,11.5300,11.0650,11.5000,294800
1999-07-30,11.5000,12.6250,11.4400,12.6250,885000
1999-08-02,12.5000,13.2500,12.3450,12.6900,277800
1999-08-03,12.7200,12.9400,12.5650,12.7500,626400
1999-08-04,12.6250,12.8150,12.6250,12.7800,621400
1999-08-05,12.6250,12.7200,12.0000,12.3450,249800
1999-08-06,12.2500,12.2500,12.0000,12.0650,117400
1999-08-09,12.3450,12.3450,11.8750,12.1900,579800
1999-08-10,11.6900,12.0650,11.3150,12.0000,698000
1999-08-11,12.1250,12.3750,12.1250,12.2500,443400
1999-08-12,12.1550,12.1900,11.8750,11.9400,184800
1999-08-13,12.0000,12.0650,11.8150,11.8750,151800
1999-08-16,11.9050,12.2500,11.8750,12.1900,318600
1999-08-17,12.3150,12.5000,12.1900,12.4400,239800
1999-08-18,12.4700,13.2500,12.4700,13.0000,547000
1999-08-19,12.8750,12.8750,12.3150,12.5950,161800
1999-08-20,13.3750,13.5000,13.1250,13.3750,1094000
1999-08-23,13.2800,17.4050,13.1250,16.4700,3791200
1999-08-24,15.8150,16.5000,15.7200,15.9400,2212000
1999-08-25,15.7500,15.8150,15.4400,15.4550,742800
1999-08-26,15.6250,15.6250,14.2500,14.5000,1021000
1999-08-27,14.6250,14.8150,13.7500,13.8450,667400
1999-08-30,14.2500,14.2500,13.7500,13.9400,867200
1999-08-31,14.0000,14.0650,13.8750,13.8750,221000
1999-09-01,14.0300,14.5300,13.9400,14.3750,723600
1999-09-02,14.4700,15.5650,14.4050,15.1900,1573000
1999-09-03,15.7800,16.8750,15.0950,16.7500,1232800
1999-09-07,16.6900,16.8750,15.5300,16.2200,975600
1999-09-08,16.3450,16.5650,15.4050,15.8750,564800
1999-09-09,15.8150,16.0000,15.7800,16.0000,281600
1999-09-10,16.0000,16.0650,15.8750,16.0300,321400
1999-09-13,16.1250,16.1250,15.7200,15.8450,255200
1999-09-14,15.7500,16.0000,15.7500,15.8300,195000
1999-09-15,15.7800,15.7800,14.6900,14.8750,348400
1999-09-16,14.9400,14.9400,14.5300,14.5650,203600
1999-09-17,14.7800,15.8150,14.7500,15.8150,408800
1999-09-20,15.6550,15.9400,14.8150,14.8150,187400
1999-09-21,14.8450,15.1900,14.8150,15.1250,436600
1999-09-22,15.2500,16.6900,15.1250,16.6250,426200
1999-09-23,16.7500,16.7500,15.7500,15.8450,455600
1999-09-24,15.8750,15.8750,15.1250,15.1900,281800
1999-09-27,15.4400,16.1250,15.3150,16.0650,338600
1999-09-28,15.8750,16.0650,15.4400,15.5000,486400
1999-09-29,15.5450,16.0000,15.4050,15.4050,300600
1999-09-30,15.5000,15.9400,15.3750,15.5300,273400
1999-10-01,15.5000,15.5950,15.3750,15.4700,187800
1999-10-04,15.3750,15.6250,15.1900,15.5000,196800
1999-10-05,15.5950,15.6250,15.3150,15.3600,456000
1999-10-06,15.3750,16.1250,15.3750,16.0300,260000
1999-10-07,16.0300,16.2200,16.0000,16.0650,203000
1999-10-08,16.0000,16.7500,16.0000,16.5300,226800
1999-10-11,16.5650,16.6250,15.8150,16.1900,163800
1999-10-12,16.2800,16.3750,15.9700,15.9700,67800
1999-10-13,15.9400,16.0950,15.8150,16.0000,134800
1999-10-14,16.0000,16.1900,15.6900,15.8750,190600
1999-10-15,15.8150,15.8450,15.5300,15.8150,223000
1999-10-18,14.9700,15.1900,14.2500,14.3450,205200
1999-10-19,14.7500,15.8150,14.5650,15.8150,278400
1999-10-20,15.7500,16.0000,14.8150,16.0000,151600
1999-10-21,15.9050,16.0000,15.0650,15.3450,92400
1999-10-22,15.2800,15.7200,15.0950,15.6550,82800
1999-10-25,15.5000,16.3150,15.0000,16.2500,205800
1999-10-26,16.4850,16.5000,15.8150,16.0000,107400
1999-10-27,14.8750,15.0000,13.6250,14.3150,884600
1999-10-28,14.5000,14.7500,14.3150,14.4400,343000
1999-10-29,14.4050,14.5650,13.9700,14.3150,378600
1999-11-01,14.3150,14.3150,13.1250,13.2200,725600
1999-11-02,13.3150,13.4400,13.0650,13.0650,235800
1999-11-03,13.0650,13.6550,13.0650,13.5650,259600
1999-11-04,13.6250,13.6250,13.1250,13.5000,113200
1999-11-05,13.5650,13.8750,13.5000,13.7200,329800
1999-11-08,13.9400,14.3150,13.8150,14.1250,140400
1999-11-09,14.4700,14.8150,13.3150,13.5000,555600
1999-11-10,13.5000,13.6250,13.2500,13.5000,150600
1999-11-11,13.4400,13.5650,12.9050,13.0000,325000
1999-11-12,13.1250,13.1900,12.9400,13.1550,220000
1999-11-15,13.1550,13.2500,13.1250,13.1900,236400
1999-11-16,13.1250,13.1900,12.5650,12.9400,427200
1999-11-17,12.9400,13.3450,12.1900,12.4400,415800
1999-11-18,12.4700,13.5000,12.4700,13.0000,599600
1999-11-19,13.2500,13.2500,12.5000,12.7800,203600
1999-11-22,12.8450,12.8450,11.6900,12.6900,575800
1999-11-23,12.5650,13.1900,12.5650,13.1900,584800
1999-11-24,13.0000,13.1900,12.7500,13.0650,247200
1999-11-26,12.8750,13.1900,12.8750,13.1250,155600
1999-11-29,13.1250,13.1550,12.9050,13.0300,557800
1999-11-30,13.0300,13.4050,12.9400,13.2800,677400
1999-12-01,13.2500,13.4050,13.0950,13.3750,150000
1999-12-02,13.2200,13.2500,12.9700,13.1550,202200
1999-12-03,13.0300,14.1900,13.0300,14.1900,329800
1999-12-06,13.8450,14.0950,13.0000,13.9400,417600
1999-12-07,13.9400,14.1250,13.0650,13.0950,291200
1999-12-08,13.0650,13.3150,12.8750,13.2800,796400
1999-12-09,13.2500,13.2500,12.8750,13.0650,508600
1999-12-10,13.0000,13.6250,13.0000,13.5650,289600
1999-12-13,13.5000,13.6250,13.0000,13.2500,184400
1999-12-14,13.1550,13.4400,12.9400,13.3150,328400
1999-12-15,13.1900,13.6250,13.1900,13.5000,265400
1999-12-16,13.5300,14.0000,13.1900,13.4550,472600
1999-12-17,13.3150,13.5000,13.2500,13.4700,200400
1999-12-20,13.5650,14.1900,13.2800,13.8750,577200
1999-12-21,13.9050,14.0650,13.4400,13.5300,459000
1999-12-22,13.3750,14.0650,13.3750,13.9400,242000
1999-12-23,14.2500,17.2500,14.2500,16.5000,1024200
1999-12-27,16.6250,17.9400,16.3750,17.1250,683600
1999-12-28,17.0800,17.6250,17.0650,17.5450,571000
1999-12-29,17.5300,18.6250,17.0650,17.2500,314800
1999-12-30,17.2200,17.2500,16.8150,17.1900,616000
1999-12-31,17.0000,18.0000,17.0000,17.5000,247400
2000-01-03,17.7500,18.7800,17.6250,18.7500,1010000
2000-01-04,18.2500,18.3150,17.2500,17.2800,265400
2000-01-05,17.1250,17.1250,16.5000,16.7500,202000
2000-01-06,16.6250,16.9400,16.5650,16.7500,270600
2000-01-07,16.5000,18.5000,16.5000,18.2200,813200
2000-01-10,18.4550,19.1250,18.1900,18.7800,1306400
2000-01-11,18.6900,20.0650,18.4400,19.7800,1208800
2000-01-12,19.8750,19.9400,19.0000,19.5650,842400
2000-01-13,19.3150,19.8150,19.3150,19.5650,925600
2000-01-14,19.5150,23.0000,19.4700,22.0000,550800
2000-01-18,21.7200,22.0000,20.7200,21.2200,268000
2000-01-19,21.2950,21.3150,19.8150,21.0950,638000
2000-01-20,21.0650,23.0650,21.0650,22.1400,550000
2000-01-21,22.0300,25.2500,22.0000,24.5950,1096000
2000-01-24,24.0000,24.6250,23.9400,24.0950,549200
2000-01-25,24.6900,24.8750,21.5000,22.1250,620800
2000-01-26,22.1250,23.5650,22.0000,22.1250,777200
2000-01-27,21.8900,23.2500,20.6250,21.0300,560600
2000-01-28,21.1250,21.1250,20.3150,20.8600,312600
2000-01-31,20.6400,20.9400,19.9400,20.5000,492400
2000-02-01,20.4050,20.4400,18.8750,19.7950,769800
2000-02-02,19.7800,21.1250,19.7500,21.0000,551400
2000-02-03,22.3750,22.7500,21.2800,22.2200,523800
2000-02-04,22.0000,24.0000,21.1900,23.7500,615400
2000-02-07,23.8150,26.8750,23.3150,24.7500,792000
2000-02-08,25.0650,25.8150,23.8750,25.7800,594200
2000-02-09,25.5000,26.0000,24.0000,24.1250,286000
2000-02-10,24.1250,25.0000,23.5650,24.1250,560800
2000-02-11,24.0650,25.5650,24.0000,25.4700,634800
2000-02-14,25.4700,25.8150,24.9400,25.8150,264400
2000-02-15,25.6250,27.1900,25.6250,26.4050,434600
2000-02-16,26.2500,27.1900,26.2500,27.0000,441600
2000-02-17,27.7500,33.4900,27.5650,33.0000,1690600
2000-02-18,33.2500,33.2500,29.7500,30.7500,1381800
2000-02-22,30.8150,30.8150,27.5000,28.5300,980200
2000-02-23,28.5300,30.4700,27.8750,30.1700,852000
2000-02-24,30.2500,31.1900,29.7500,30.1900,1287800
2000-02-25,30.3150,30.8750,30.0950,30.5000,1485400
2000-02-28,31.3750,32.8150,30.0000,31.0000,793800
2000-02-29,33.0950,38.2500,32.8150,36.3150,1450200
2000-03-01,37.8150,41.5650,36.5650,41.2800,1777200
2000-03-02,41.2500,41.6550,37.5300,37.8600,1120800
2000-03-03,38.0000,40.0650,37.9400,40.0000,1546200
2000-03-06,42.8150,45.1900,41.7500,44.0000,2242000
2000-03-07,44.5650,44.6250,38.6250,42.0950,2466600
2000-03-08,42.5000,42.5300,35.5000,36.0300,2803600
2000-03-09,33.8750,34.6250,31.3750,32.5000,1517600
2000-03-10,33.9400,34.2500,31.7500,33.0300,1448200
2000-03-13,31.7500,32.4400,30.0000,30.7800,774800
2000-03-14,31.0000,31.0000,24.0650,26.3150,3482000
2000-03-15,26.3750,27.3750,24.0000,24.1250,2111000
2000-03-16,25.0000,28.5000,24.5000,28.3750,1465400
2000-03-17,27.9050,30.1250,27.1250,30.1100,910400
2000-03-20,32.0000,32.5300,28.4400,28.4400,1389800
2000-03-21,28.4700,28.5300,25.2500,26.7200,764400
2000-03-22,27.6250,31.5000,27.5000,29.9400,1089200
2000-03-23,30.5650,31.0000,28.8450,30.0000,774000
2000-03-24,30.0950,31.0000,26.0000,28.8750,861600
2000-03-27,28.8750,29.3750,27.1250,28.6550,635200
2000-03-28,28.5000,29.0000,26.0000,27.7200,780600
2000-03-29,27.6550,28.1550,25.4400,26.0950,1133200
2000-03-30,26.2500,26.3450,23.1550,24.0000,892600
2000-03-31,24.2500,24.7800,21.3450,23.4050,1579000
2000-04-03,23.9700,24.0000,22.4400,22.8150,824400
2000-04-04,23.0300,23.2500,19.7500,21.4400,945800
2000-04-05,20.7500,24.8150,20.7500,24.3750,1637200
2000-04-06,25.1900,27.7950,25.1900,27.7800,1048800
2000-04-07,27.7500,27.8150,26.0800,27.1550,611400
2000-04-10,27.5000,27.5000,23.6900,23.8450,350000
2000-04-11,23.5000,23.5000,21.2500,22.6900,497000
2000-04-12,22.8450,24.0000,21.8750,21.8750,423800
2000-04-13,22.0300,23.3750,21.6250,21.6250,170400
2000-04-14,21.6250,22.0000,19.0000,19.6900,410200
2000-04-17,18.8900,21.7500,18.8750,21.7500,817800
2000-04-18,21.0950,25.3750,21.0650,25.2500,566200
2000-04-19,25.3750,26.3150,24.8150,25.4050,712800
2000-04-20,27.5950,27.5950,23.0000,23.4050,852000
2000-04-24,23.0650,24.2500,21.2500,22.7500,438200
2000-04-25,22.7050,25.5000,22.5300,25.0000,703600
2000-04-26,25.3750,25.5000,23.0000,23.1250,291600
2000-04-27,22.6900,24.0650,22.5000,24.0650,167000
2000-04-28,24.3750,26.9400,24.1250,26.1250,596000
2000-05-01,26.3150,29.1900,26.0000,27.6900,800400
2000-05-02,27.3750,29.1250,27.0650,28.6250,1089000
2000-05-03,28.1250,28.2500,25.3750,26.8750,615000
2000-05-04,26.2500,28.6900,26.2500,28.2500,514200
2000-05-05,27.8750,30.6900,27.5650,30.3150,619600
2000-05-08,29.7500,33.2500,29.7500,32.5300,908000
2000-05-09,35.6900,36.6900,30.5950,31.7200,4565800
2000-05-10,31.9400,33.3150,28.4400,32.1350,1361400
2000-05-11,33.5000,34.6250,33.0000,34.6250,1221800
2000-05-12,33.6900,33.8750,30.0000,30.7500,1161600
2000-05-15,30.5000,33.5950,30.5000,33.5000,633800
2000-05-16,33.6250,34.6250,32.1250,33.2500,537600
2000-05-17,32.7200,33.8750,31.5950,32.5650,654200
2000-05-18,32.5000,35.2500,32.2500,35.0650,1347200
2000-05-19,34.5650,34.7200,31.1900,32.5300,489600
2000-05-22,32.0650,32.3150,30.6250,31.6250,340800
2000-05-23,32.0000,34.5000,31.5000,31.8150,861400
2000-05-24,31.5000,31.7500,29.5000,30.4400,1069000
2000-05-25,30.8750,31.8750,30.0650,31.2500,751400
2000-05-26,31.4400,32.5000,31.3150,32.1250,480000
2000-05-30,32.0000,35.9700,32.0000,35.0000,1168600
2000-05-31,34.4700,36.8750,34.2500,35.4400,1254800
2000-06-01,37.2500,39.8150,37.0650,39.0000,1306200
2000-06-02,40.0000,41.5000,39.7800,41.5000,3292800
2000-06-05,41.5950,43.0950,39.0000,40.2500,829600
2000-06-06,41.0300,41.0300,38.4400,38.9400,962800
2000-06-07,40.7500,41.8150,40.6250,41.0650,1793000
2000-06-08,41.7500,42.5000,40.2500,40.2500,933600
2000-06-09,41.0650,44.5950,39.6900,41.6900,1638400
2000-06-12,42.7500,43.6900,39.7500,40.0300,1079400
2000-06-13,40.3150,41.4700,39.5000,41.4700,529400
2000-06-14,41.6900,42.9700,40.2500,40.9400,1081600
2000-06-15,41.8750,42.3450,39.6250,42.1900,1418800
2000-06-16,41.6550,45.0000,41.2500,45.0000,1184400
2000-06-19,45.5000,55.0000,45.4400,54.9500,4114600
2000-06-20,56.2000,57.2000,48.0650,49.4700,3252600
2000-06-21,48.4400,52.5000,48.1250,51.2500,1942400
2000-06-22,51.6500,54.5000,49.3450,50.1500,2570600
2000-06-23,51.0000,51.2500,46.5000,48.4400,1351600
2000-06-26,48.8150,55.0000,48.6250,54.6500,1851800
2000-06-27,54.7000,58.0000,51.5000,54.2500,2944800
2000-06-28,54.7000,55.4000,54.0000,55.2000,1086400
2000-06-29,53.7000,56.2500,52.6500,54.7000,1001200
2000-06-30,53.4500,53.5500,48.1250,52.7000,2393800
2000-07-03,52.5500,54.0000,52.5000,54.0000,310800
2000-07-05,53.7500,60.4000,52.0500,59.7000,2176600
2000-07-06,59.5500,61.2500,56.2500,59.0500,1815600
2000-07-07,61.7000,62.4000,58.5000,61.7000,2826000
2000-07-10,61.8000,61.9000,59.6500,60.0500,1254200
2000-07-11,59.4000,65.3000,59.4000,62.8000,2448400
2000-07-12,65.2000,66.4000,62.8000,63.4500,1419000
2000-07-13,63.7000,63.8500,57.7500,59.0000,939600
2000-07-14,59.3500,60.7500,56.1500,57.5000,1297000
2000-07-17,59.5000,61.0000,58.6000,60.1500,1047000
2000-07-18,60.0500,63.4500,59.7500,61.3000,783800
2000-07-19,61.5500,61.7000,57.5500,57.9000,436800
2000-07-20,58.4000,60.4000,57.0000,59.2500,932600
2000-07-21,59.5500,63.4500,58.9500,60.1000,1187000
2000-07-24,60.6500,61.4000,53.7000,57.6000,912000
2000-07-25,57.9500,58.4000,54.3000,54.9500,859400
2000-07-26,54.0500,55.4500,50.7500,54.0000,1212800
2000-07-27,54.5000,54.5000,52.0000,53.4500,648400
2000-07-28,52.7500,53.0000,49.2500,49.4400,387000
2000-07-31,50.0500,50.3000,46.8750,48.9700,344200
2000-08-01,48.7350,54.3500,47.2500,52.6000,1359800
2000-08-02,53.1500,56.5000,50.0000,50.2500,473400
2000-08-03,48.4400,52.7500,46.0000,51.8000,927800
2000-08-04,53.9000,59.5000,53.5500,58.6500,1100000
2000-08-07,60.0000,60.6500,57.0000,60.3500,1617800
2000-08-08,59.9000,61.5000,58.7000,59.9000,752600
2000-08-09,60.2500,62.9500,59.7500,61.9000,913400
2000-08-10,61.0000,61.9500,55.1500,57.0000,812600
2000-08-11,56.5500,62.5000,56.5500,61.0000,1054200
2000-08-14,61.1500,62.5000,60.4000,61.8000,935200
2000-08-15,61.9000,62.2500,59.7500,62.0500,607200
2000-08-16,61.6500,64.7000,61.5500,64.2500,1514000
2000-08-17,64.4000,69.9000,64.0000,69.0000,1632000
2000-08-18,69.0000,73.5500,68.5000,71.6000,1579600
2000-08-21,71.2500,71.7500,65.5500,67.6500,1274600
2000-08-22,67.9500,70.0500,66.5000,69.9500,1465000
2000-08-23,68.9000,75.1500,68.0000,72.5500,2400000
2000-08-24,71.6300,78.5600,70.0000,78.3800,1046100
2000-08-25,77.9400,84.4400,77.0000,79.5600,1020100
2000-08-28,80.3800,80.5000,75.1300,77.0000,1279300
2000-08-29,76.3800,80.7500,75.0000,76.2500,717200
2000-08-30,75.8800,80.3100,75.5000,79.5000,468100
2000-08-31,84.7500,86.3800,81.5200,85.0000,1050200
2000-09-01,89.0000,89.0000,83.1300,86.0000,918700
2000-09-05,88.8800,88.9400,80.5000,81.8800,765200
2000-09-06,82.0000,82.0000,76.0000,79.0000,1390800
2000-09-07,79.7500,86.1300,79.6300,85.7500,512000
2000-09-08,87.1300,89.0000,83.2500,86.1900,1253900
2000-09-11,83.2500,83.4400,73.5000,74.1100,1022200
2000-09-12,77.7500,78.5000,75.5000,77.8800,2181600
2000-09-13,76.3800,76.5600,73.5000,75.7500,3575500
2000-09-14,77.3100,78.2500,75.8800,76.8800,2854200
2000-09-15,78.7200,80.5000,77.2500,80.3800,1197900
2000-09-18,79.8800,82.5000,77.6300,79.8100,1288900
2000-09-19,80.0000,83.3800,79.7500,82.8800,629700
2000-09-20,82.7500,87.0000,82.2500,86.3100,1056300
2000-09-21,84.0600,86.0000,84.0000,85.1900,701500
2000-09-22,82.0000,89.0000,80.0000,88.8100,1050700
2000-09-25,89.3800,90.0000,85.1300,85.8800,1307600
2000-09-26,86.4400,87.1300,80.5600,84.3800,992400
2000-09-27,85.3100,88.0000,85.1300,87.2500,893100
2000-09-28,87.0000,96.0000,86.1900,93.2500,1682300
2000-09-29,91.6900,94.1900,84.5000,84.5000,1096300
2000-10-02,87.3800,88.5000,80.1300,82.0000,787600
2000-10-03,82.8800,85.6300,75.3800,75.5000,938700
2000-10-04,74.5000,77.0000,68.5000,76.9400,1608600
2000-10-05,78.2500,80.5600,69.5000,72.0000,935500
2000-10-06,73.0000,74.0000,63.5000,66.1300,1769200
2000-10-09,65.5000,73.4400,64.0000,73.0000,1136800
2000-10-10,73.9400,74.0600,70.1900,72.3100,1204000
2000-10-11,71.7500,75.1300,69.3800,74.5000,919500
2000-10-12,75.7500,76.7500,64.8100,66.8800,938700
2000-10-13,65.8100,70.2500,63.0000,70.2500,1169400
2000-10-16,71.7500,76.5000,70.5000,74.0000,837100
2000-10-17,74.6300,79.8800,74.5600,78.8800,1219200
2000-10-18,76.1300,85.1900,72.5000,80.3800,1445500
2000-10-19,81.8800,83.3800,77.5600,80.0000,773100
2000-10-20,79.6900,82.5000,73.0000,79.7500,555700
2000-10-23,81.0000,93.6300,80.5000,92.9400,1811700
2000-10-24,92.5600,96.8100,91.1300,92.9400,1871200
2000-10-25,89.0000,97.1300,87.0000,96.0600,1333000
2000-10-26,96.6300,98.8800,89.6300,94.9400,1304200
2000-10-27,94.2500,96.0000,83.7500,91.0000,886100
2000-10-30,90.1300,91.2500,86.4400,90.5000,729500
2000-10-31,90.6900,96.3800,89.0000,93.1100,7193400
2000-11-01,92.6900,99.2500,91.5000,94.8100,1662200
2000-11-02,95.5000,98.5000,95.3800,97.2500,1414300
2000-11-03,97.2500,98.7500,93.7500,93.8800,1043800
2000-11-06,93.8800,95.2500,91.0000,91.6900,968000
2000-11-07,91.0000,98.5000,89.7500,96.8600,1177600
2000-11-08,96.8800,98.8800,92.0000,93.2500,502600
2000-11-09,92.5000,93.3800,88.5000,91.0000,961600
2000-11-10,86.6300,90.1300,86.0000,88.8100,679900
2000-11-13,79.5000,82.0600,68.5600,71.1900,2323700
2000-11-14,77.9500,78.0000,71.0000,73.2500,1991000
2000-11-15,74.4400,77.5000,72.1300,73.6300,1734600
2000-11-16,72.5600,72.6300,67.1300,67.7500,1330100
2000-11-17,68.3800,68.5000,59.0000,63.1300,1744900
2000-11-20,61.8800,62.6900,51.5000,55.0000,1747100
2000-11-21,56.3100,57.8100,53.8100,55.6300,1224000
2000-11-22,52.6900,59.1900,52.6300,55.0000,1656100
2000-11-24,59.5000,65.2500,57.2500,64.9400,618900
2000-11-27,69.0900,74.6300,68.6300,73.6300,1656300
2000-11-28,71.8100,72.5000,62.0000,62.6300,1662500
2000-11-29,65.5000,66.2500,60.2500,61.2500,831100
2000-11-30,57.8800,61.4800,55.6300,55.8800,1204600
2000-12-01,59.1300,70.3100,58.6300,65.6900,2033900
2000-12-04,64.3800,64.6300,58.1300,61.9400,733600
2000-12-05,64.7500,70.6300,64.3800,70.0600,1627200
2000-12-06,70.1300,73.5000,68.0000,70.6900,1096900
2000-12-07,69.8800,72.5000,67.0000,70.1300,989800
2000-12-08,73.0000,79.0000,72.3800,78.4500,1776600
2000-12-11,78.2500,84.5000,78.1300,81.8100,1097700
2000-12-12,81.6300,81.6900,72.7500,75.1900,1411200
2000-12-13,75.7500,77.6300,72.8100,75.8100,1262900
2000-12-14,74.3100,77.6300,73.0600,75.1300,791500
2000-12-15,74.6300,75.2500,70.0600,74.7500,1028700
2000-12-18,75.9100,81.4400,75.6300,81.1900,884600
2000-12-19,80.7500,83.2500,78.6300,80.0000,1029400
2000-12-20,73.3800,76.6300,71.7500,73.0000,1371400
2000-12-21,67.7500,73.5000,63.0000,64.4400,1878600
2000-12-22,66.2500,74.3800,66.2500,71.9400,935400
2000-12-26,72.8800,72.8800,68.0000,70.4400,501100
2000-12-27,69.0000,70.7500,67.1300,70.5600,523200
2000-12-28,71.5000,75.0000,67.2500,70.7500,793500
2000-12-29,70.9400,77.1300,68.5000,71.5000,1021900
2001-01-02,71.0000,72.5600,62.1300,63.1300,1281200
2001-01-03,56.2500,70.1300,56.0000,62.6300,2616600
2001-01-04,63.0000,65.5000,58.5600,59.8800,1410400
2001-01-05,60.1300,60.7500,52.3800,54.4400,2136400
2001-01-08,50.5000,50.7500,45.2500,47.0000,3299600
2001-01-09,46.8800,48.8800,45.1900,48.0000,2120500
2001-01-10,46.8800,55.7500,46.5000,53.3800,1505700
2001-01-11,53.7500,56.8800,51.5000,55.1300,1255500
2001-01-12,55.8800,60.5000,53.5000,58.5000,1337200
2001-01-16,59.4700,59.7500,57.0000,57.8800,939100
2001-01-17,59.3800,62.2500,53.8800,54.8800,1732300
2001-01-18,54.7500,57.5000,53.7500,57.0200,694000
2001-01-19,61.5600,61.5600,53.9400,57.3800,698300
2001-01-22,56.8100,62.0000,56.7500,60.8100,1103400
2001-01-23,60.3100,69.3100,60.3100,69.0000,1609700
2001-01-24,68.2500,75.1700,68.1900,70.1300,1565100
2001-01-25,69.9400,71.0600,66.3100,68.7500,680600
2001-01-26,66.8100,72.4400,66.2500,71.7500,582800
2001-01-29,72.0600,74.7500,69.8800,74.1900,465400
2001-01-30,73.8100,74.6300,67.7500,68.1100,620000
2001-01-31,69.5000,71.8800,67.2500,67.3100,647700
2001-02-01,67.0000,67.9400,62.8100,63.4400,636300
2001-02-02,63.1300,63.8800,59.8800,59.8800,648600
2001-02-05,59.8800,61.6300,58.6400,61.1300,513800
2001-02-06,62.3100,69.0000,62.2500,66.7500,1046700
2001-02-07,66.8800,67.0600,62.2700,62.8800,723300
2001-02-08,64.0600,65.7500,62.6300,65.4400,786900
2001-02-09,64.8800,64.8800,61.1900,63.5500,396800
2001-02-12,62.8100,68.2500,61.8800,68.0600,492000
2001-02-13,68.0000,69.2500,60.2500,60.8800,614600
2001-02-14,60.6300,63.5000,58.3800,62.9400,858700
2001-02-15,63.3800,64.6900,60.2500,63.3100,404100
2001-02-16,58.8800,61.0000,56.0000,58.8100,1337900
2001-02-20,59.1300,59.3800,52.6900,54.8800,1090900
2001-02-21,51.0000,56.2500,50.6300,54.6300,1039900
2001-02-22,54.3100,54.5000,45.5000,47.7500,1576600
2001-02-23,46.0600,49.1300,44.7500,48.9400,2268300
2001-02-26,50.6300,56.7500,49.7500,56.1300,1720900
2001-02-27,55.0000,56.2500,49.5000,49.8100,879900
2001-02-28,49.8800,54.1300,47.1900,49.7500,1049100
2001-03-01,49.1300,49.8800,45.6400,48.0000,906100
2001-03-02,46.8100,49.5000,45.5000,47.0600,508800
2001-03-05,47.0600,49.1900,45.1300,46.0000,535000
2001-03-06,48.5600,48.5600,43.1900,45.1300,1041100
2001-03-07,44.8100,45.0000,41.1900,42.9400,1137800
2001-03-08,42.1300,42.3800,38.7500,39.8100,793000
2001-03-09,38.0000,41.0000,36.2500,36.5000,1262300
2001-03-12,35.0600,36.1300,31.8800,32.0000,1255900
2001-03-13,32.2500,36.1900,32.1300,35.7500,1421700
2001-03-14,31.7500,36.7300,31.7500,34.6300,957000
2001-03-15,35.3800,35.6300,31.6400,33.7500,1172600
2001-03-16,33.5600,34.5000,30.8800,31.6300,1180900
2001-03-19,31.6900,34.6300,31.1300,34.3100,1130100
2001-03-20,34.5000,35.4400,31.7500,32.0600,1045700
2001-03-21,31.5000,32.1300,29.2500,29.9400,1529400
2001-03-22,29.1300,29.5000,25.6300,29.1900,2267900
2001-03-23,29.6900,32.8800,28.3800,31.1300,1595300
2001-03-26,32.6300,35.8000,32.1300,34.8800,1355800
2001-03-27,34.1900,35.1300,32.5000,34.6300,802300
2001-03-28,33.5600,34.5000,32.1300,33.3800,439300
2001-03-29,33.1900,37.3800,32.6300,34.7000,1424300
2001-03-30,36.0000,38.0000,35.3100,36.6300,936400
2001-04-02,36.6900,36.8800,32.0600,33.2500,679900
2001-04-03,31.1900,33.8800,29.7500,31.5600,1110300
2001-04-04,32.0000,32.9400,30.0000,31.0000,815400
2001-04-05,32.3100,35.7500,31.8800,35.1900,1059500
2001-04-06,34.8100,37.7500,33.2500,35.8100,917100
2001-04-09,36.0000,37.7300,35.6200,37.3000,498100
2001-04-10,37.7300,40.7000,37.7200,40.4900,1093800
2001-04-11,41.3800,42.0600,38.8000,39.5200,1051000
2001-04-12,39.9800,43.9700,38.9800,43.6100,447600
2001-04-16,43.3500,43.6000,39.8200,39.8300,978900
2001-04-17,39.0000,42.6300,38.0200,42.1500,668900
2001-04-18,43.5600,46.0000,42.6200,44.9900,1447000
2001-04-19,44.5700,45.8100,43.0400,44.7000,804600
2001-04-20,44.6200,44.7100,41.2400,41.7300,837000
2001-04-23,41.6200,41.6500,38.9500,39.4900,531800
2001-04-24,39.8900,41.3900,36.2600,36.8400,930200
2001-04-25,37.5700,39.8200,36.0000,38.7500,1221600
2001-04-26,39.4400,40.2500,37.0500,39.7600,1120900
2001-04-27,39.5900,41.0100,38.1800,39.2500,660300
2001-04-30,36.9400,39.3400,35.9700,38.5600,3920500
2001-05-01,38.4000,38.9700,36.8900,37.4600,1851600
2001-05-02,37.9700,38.9800,36.9200,37.8600,864800
2001-05-03,37.2500,37.3000,34.5300,35.3300,638000
2001-05-04,34.7500,37.6000,33.5600,37.5900,1086300
2001-05-07,37.9000,38.2500,35.7200,36.2300,482400
2001-05-08,37.2200,37.2900,35.0000,35.8300,1009200
2001-05-09,35.2500,36.5500,34.5000,34.9900,544900
2001-05-10,36.3800,36.5100,32.4400,32.9500,1294400
2001-05-11,33.2600,33.3000,32.4000,32.7400,1768300
2001-05-14,32.6500,32.7000,31.3600,31.7600,1096600
2001-05-15,32.0500,32.2000,30.9600,31.4900,978100
2001-05-16,31.0000,34.0400,30.8000,32.9200,1452600
2001-05-17,34.1000,37.6000,33.3000,36.9000,1908200
2001-05-18,37.7600,37.7700,35.3000,36.5100,1028200
2001-05-21,39.7500,42.1600,37.7800,41.7300,2841400
2001-05-22,42.2100,43.5000,40.5200,43.4000,2083000
2001-05-23,42.6800,42.8100,41.3000,42.0700,1380400
2001-05-24,42.1000,45.2500,41.3500,45.1000,1399500
2001-05-25,45.1000,46.6500,44.6000,45.4500,1742800
2001-05-29,45.2500,46.1000,44.2500,44.5000,1158500
2001-05-30,43.4400,43.7500,41.9600,42.4000,1475000
2001-05-31,42.8400,44.8000,42.8100,43.9400,1770400
2001-06-01,44.0000,45.0000,43.9500,44.4300,1022000
2001-06-04,44.5300,48.2500,44.5000,48.0400,1307600
2001-06-05,48.1500,52.2500,48.1000,50.9700,1638200
2001-06-06,50.8900,50.9000,48.1500,49.4100,1535000
2001-06-07,49.0000,50.1500,47.0500,48.7000,1417900
2001-06-08,49.0000,49.7500,48.0000,48.3000,673300
2001-06-11,48.3100,48.4000,45.0800,45.8600,851100
2001-06-12,43.9000,45.9400,42.5300,45.0400,1853500
2001-06-13,46.1400,47.7100,44.8600,45.0400,689400
2001-06-14,44.8400,45.1900,43.6400,44.1200,1133400
2001-06-15,43.2500,46.5000,43.2500,45.4300,1160000
2001-06-18,45.7400,47.3500,43.8000,44.0000,725600
2001-06-19,45.5300,46.7100,43.7700,44.0000,576900
2001-06-20,43.3200,46.6600,42.8000,46.5900,1103700
2001-06-21,46.6500,47.1400,45.3000,46.0000,570500
2001-06-22,46.0600,46.6000,43.7900,45.0300,722600
2001-06-25,45.2700,46.2200,41.8000,42.3800,1009100
2001-06-26,41.4000,44.4000,40.6100,43.2000,775600
2001-06-27,43.7200,45.2800,43.2100,45.1600,730500
2001-06-28,45.7500,48.0000,45.6000,47.4400,1028300
2001-06-29,47.6100,49.5000,46.5600,49.5000,512000
2001-07-02,48.9800,49.3800,46.5900,46.8800,491500
2001-07-03,46.1900,48.8500,46.0000,48.5800,482200
2001-07-05,47.5300,48.3800,45.5000,45.5300,413600
2001-07-06,44.7900,45.3000,42.7700,44.6500,855200
2001-07-09,44.5200,47.1000,43.3000,44.0100,724100
2001-07-10,44.3000,45.0000,40.7600,41.0100,1731500
2001-07-11,40.5300,40.5700,38.7000,39.5000,1104100
2001-07-12,40.3000,40.4500,38.9000,40.1000,1104600
2001-07-13,40.2500,42.7700,40.2400,41.7300,540900
2001-07-16,41.5000,42.0700,39.2000,39.6200,769000
2001-07-17,39.3100,40.7000,37.9300,39.5100,1240100
2001-07-18,38.2300,40.7100,37.8500,39.7600,758400
2001-07-19,40.2500,43.1500,40.2500,43.1000,1890300
2001-07-20,42.7000,44.3600,42.1500,44.0200,1333800
2001-07-23,44.1000,45.5600,42.7500,43.9400,946100
2001-07-24,44.0200,44.0700,41.4500,41.4700,1155200
2001-07-25,42.2000,43.0900,41.2100,41.5500,1172700
2001-07-26,41.5500,42.5000,41.2100,41.7600,1019200
2001-07-27,42.5000,43.2400,41.2400,42.8100,548400
2001-07-30,42.9500,43.3700,40.5000,41.3500,589700
2001-07-31,41.7300,41.7600,39.3500,39.9500,716600
2001-08-01,40.0100,41.3000,39.9700,40.3700,386600
2001-08-02,40.7000,41.3500,39.2000,39.7000,418000
2001-08-03,39.3000,40.7600,39.0800,39.9300,416000
2001-08-06,39.4500,40.3800,39.0400,39.0400,388300
2001-08-07,39.0500,39.0900,35.9400,36.3900,1342000
2001-08-08,36.1500,37.6000,35.5300,35.6400,932700
2001-08-09,35.4300,35.4400,33.3000,34.8900,931400
2001-08-10,35.2800,36.3000,34.5900,35.6400,535000
2001-08-13,35.8000,37.9300,35.7900,37.6900,1030700
2001-08-14,38.6500,39.3800,37.1500,38.3400,896200
2001-08-15,38.3400,39.1300,37.5500,38.1100,892400
2001-08-16,37.8000,38.0000,36.5200,37.3500,486300
2001-08-17,36.1800,36.5000,35.7500,36.0000,483600
2001-08-20,35.5500,36.3600,35.5000,36.0000,381800
2001-08-21,35.5000,37.0400,34.3300,34.8400,468300
2001-08-22,35.0000,36.4200,34.2600,36.0700,597000
2001-08-23,36.0600,38.7000,35.9700,38.3100,622100
2001-08-24,38.3400,39.4200,38.0000,39.1000,818900
2001-08-27,39.1000,39.6700,38.4000,38.9200,494900
2001-08-28,38.9000,39.1900,37.7200,38.0600,838600
2001-08-29,38.0500,39.2200,37.2000,38.8000,473400
2001-08-30,38.3800,39.3400,36.8500,37.4500,758000
2001-08-31,37.1000,37.3900,36.3900,36.8900,568200
2001-09-04,37.2000,38.6000,36.7700,37.1400,498500
2001-09-05,37.2500,37.5800,35.6000,36.1800,618500
2001-09-06,36.1500,36.2100,33.9900,34.1900,598700
2001-09-07,33.8800,34.1900,32.3600,32.4900,1043300
2001-09-10,32.1100,32.7300,30.1600,30.8700,1614400
2001-09-17,28.9600,30.2500,27.4500,28.6000,1879800
2001-09-18,28.8100,29.4000,25.3000,25.6500,1133600
2001-09-19,26.9900,26.9900,23.5600,26.5500,1548400
2001-09-20,26.7500,26.7500,24.0700,26.0000,978700
2001-09-21,25.1000,25.1000,21.2000,23.4700,1367300
2001-09-24,21.4100,21.4100,16.0900,17.7400,9844500
2001-09-25,17.6100,18.0500,17.0000,17.2400,4213000
2001-09-26,17.5000,17.6500,15.9200,16.5200,2286100
2001-09-27,15.5500,17.5600,15.5000,17.2000,2452200
2001-09-28,17.8500,19.0300,17.5900,18.0400,1526000
2001-10-01,17.8600,18.3400,16.9300,17.0500,986700
2001-10-02,17.0000,18.2500,16.7400,18.0300,815500
2001-10-03,19.9400,19.9400,17.5500,18.9000,1385200
2001-10-04,20.5700,20.5700,18.5000,18.9300,1357400
2001-10-05,19.5300,19.5300,17.9100,19.1100,520400
2001-10-08,19.1900,19.1900,17.8500,18.1600,352700
2001-10-09,18.3000,18.9500,17.8600,17.9700,327400
2001-10-10,17.9800,19.9100,17.9500,19.9000,468600
2001-10-11,20.2000,21.6100,20.1400,20.6400,1216400
2001-10-12,20.1700,21.0300,19.7600,20.7300,493500
2001-10-15,20.1000,21.7300,20.1000,21.5400,939300
2001-10-16,21.9000,24.2300,21.9000,23.8800,2157100
2001-10-17,24.8500,24.8500,22.1900,22.2000,1379200
2001-10-18,22.2000,22.8500,22.1400,22.4500,732900
2001-10-19,21.7600,23.3400,21.7400,22.8500,734000
2001-10-22,22.8100,24.6000,22.8000,24.2700,846800
2001-10-23,25.0000,26.0500,24.3500,24.6300,1124600
2001-10-24,24.5200,25.2800,24.0400,24.7800,719600
2001-10-25,24.7000,25.3500,23.9100,25.0600,878900
2001-10-26,24.9600,27.6400,24.7700,25.7500,1490300
2001-10-29,25.7500,26.7400,25.3100,25.3200,855800
2001-10-30,25.3000,25.3000,23.7200,24.0500,638800
2001-10-31,24.2000,25.7500,24.1500,24.5000,657300
2001-11-01,24.7400,25.3900,24.0000,24.8000,1034300
2001-11-02,25.0700,25.1000,24.0000,24.1700,524600
2001-11-05,24.4500,26.1000,24.4000,26.0400,495800
2001-11-06,26.0100,27.3100,25.1600,27.2600,579700
2001-11-07,28.0800,28.0800,26.3000,26.3200,965500
2001-11-08,26.4200,27.3000,26.4000,26.4700,945200
2001-11-09,26.3500,26.3600,25.0500,26.0600,834400
2001-11-12,25.8900,25.9000,24.7000,25.4300,756000
2001-11-13,26.1200,27.9500,26.0800,27.1500,1280900
2001-11-14,27.3600,27.5000,26.1700,27.1500,457800
2001-11-15,26.8500,27.4200,26.2500,26.7800,937900
2001-11-16,26.2500,26.8500,26.0000,26.2000,604000
2001-11-19,26.5500,28.0000,26.1700,27.5500,813700
2001-11-20,27.4500,27.4800,25.9200,26.0800,712500
2001-11-21,27.0900,27.0900,25.9000,26.3800,546800
2001-11-23,27.0500,27.0500,26.1200,27.0000,159300
2001-11-26,27.0800,27.3100,26.3100,26.9600,655800
2001-11-27,26.6400,27.8000,26.6200,27.0300,493800
2001-11-28,27.0000,27.0000,25.3000,25.5700,733700
2001-11-29,25.8000,25.8900,24.7000,25.1400,954300
2001-11-30,25.1000,25.7000,24.8600,25.3000,796700
2001-12-03,25.2000,25.2000,24.0000,24.6700,500400
2001-12-04,24.8700,25.6900,24.6800,25.3600,1606800
2001-12-05,25.7000,27.2400,25.6900,26.9500,1508100
2001-12-06,28.8400,28.8400,26.9100,27.5300,1205300
2001-12-07,27.8100,27.8100,26.8100,27.2900,563400
2001-12-10,27.2500,27.2500,24.4200,24.6200,809900
2001-12-11,25.4700,25.5000,23.8300,24.2600,879300
2001-12-12,24.5400,24.7700,22.9500,24.3000,667700
2001-12-13,23.9800,25.7000,23.5000,24.7500,785500
2001-12-14,24.7900,25.1300,23.5800,24.1400,510100
2001-12-17,23.6800,24.9400,23.5100,24.4800,459000
2001-12-18,24.6000,25.2000,23.5100,23.8900,725700
2001-12-19,23.8600,23.9900,22.3600,22.5100,1168000
2001-12-20,22.4400,23.4200,22.2600,22.3500,975000
2001-12-21,21.7600,23.2600,21.7600,22.9100,977300
2001-12-24,23.2500,23.5000,23.0900,23.0900,283200
2001-12-26,23.3000,24.6400,22.7600,23.9700,624900
2001-12-27,23.8500,24.9800,23.8500,24.6900,788800
2001-12-28,24.6600,25.9000,24.6200,25.5400,624000
2001-12-31,25.4400,25.5400,23.7700,24.5900,652900
2002-01-02,24.8600,24.8900,23.2400,24.5400,627800
2002-01-03,24.6600,24.6600,23.2300,24.1700,1154800
2002-01-04,24.3000,25.0000,22.9900,23.9500,1199400
2002-01-07,24.8100,25.4000,23.5700,23.7900,724700
2002-01-08,23.5900,24.0500,23.1400,23.2800,540100
2002-01-09,23.2800,24.2100,23.1200,23.2600,794400
2002-01-10,23.4000,24.1900,22.9100,23.5700,832800
2002-01-11,23.6000,24.4800,23.4700,23.7600,980100
2002-01-14,23.8000,23.8200,22.0400,22.4000,1132300
2002-01-15,22.2600,22.9500,21.5900,22.4100,807300
2002-01-16,22.1200,22.9000,21.3400,21.4400,802700
2002-01-17,21.7800,21.8800,20.7000,21.7000,843000
2002-01-18,21.6500,22.3800,20.8500,20.9300,693200
2002-01-22,20.9800,21.4800,20.4800,20.8800,613400
2002-01-23,22.0000,22.0000,20.4800,21.3500,494100
2002-01-24,21.5500,21.6000,20.7900,20.9800,355000
2002-01-25,20.8000,21.6000,20.6100,21.4200,391400
2002-01-28,21.4500,21.6000,20.5200,20.7100,386500
2002-01-29,20.5800,21.3800,19.9000,20.4500,517100
2002-01-30,20.5300,20.5400,19.3700,20.0600,841900
2002-01-31,20.1000,20.4100,19.6000,19.7400,449700
2002-02-01,20.6000,20.6000,19.6800,20.3000,782400
2002-02-04,20.0100,20.1000,19.1600,19.8100,1164100
2002-02-05,19.7500,19.9300,18.6200,18.8000,761800
2002-02-06,18.9500,19.1300,18.0100,18.4900,1204600
2002-02-07,18.4400,19.2200,17.7800,18.9400,1386800
2002-02-08,18.9100,20.8000,18.9000,20.7000,984700
2002-02-11,20.6500,21.8800,20.4800,21.7600,838400
2002-02-12,21.7000,24.1800,21.2900,23.6800,1445800
2002-02-13,23.9800,23.9900,22.6000,23.4100,727400
2002-02-14,23.0900,24.3600,22.7000,23.0800,862000
2002-02-15,23.3000,23.3000,21.7500,22.6800,848400
2002-02-19,22.2000,22.3100,21.5600,21.9100,1051300
2002-02-20,22.9500,22.9500,21.3000,22.3400,1012000
2002-02-21,22.4500,22.4500,21.1100,21.1400,562700
2002-02-22,21.1500,21.7300,20.5600,21.3600,637400
2002-02-25,21.3200,21.3200,19.7600,20.7100,935500
2002-02-26,20.6800,22.2000,20.4600,21.9800,1336600
2002-02-27,22.2400,22.5300,21.9600,22.0200,757000
2002-02-28,21.9100,22.2200,21.4000,21.8100,1143000
2002-03-01,21.8900,22.4700,21.5500,22.0000,570400
2002-03-04,22.1000,22.8700,22.0000,22.4400,712400
2002-03-05,22.3700,23.5900,22.1400,23.2000,584100
2002-03-06,23.0500,25.0400,22.8800,25.0400,715100
2002-03-07,25.5600,25.7500,23.8600,23.9400,835000
2002-03-08,24.0500,24.8800,24.0100,24.8000,724800
2002-03-11,24.3000,26.8700,24.2500,26.3000,887500
2002-03-12,25.8400,26.8400,25.5000,26.1100,851800
2002-03-13,26.0100,28.3700,26.0000,27.1300,1174600
2002-03-14,27.7800,27.7800,26.2700,26.6600,543000
2002-03-15,27.4400,29.2500,27.2200,29.0800,1710400
2002-03-18,28.7700,29.9200,28.7500,29.4700,852000
2002-03-19,29.5000,29.6000,27.1900,28.1200,1607300
2002-03-20,27.5000,27.7800,26.5300,26.7300,908400
2002-03-21,28.5000,28.5000,26.1300,28.2800,1497400
2002-03-22,28.3900,29.1200,27.1800,28.8500,794300
2002-03-25,28.8600,29.1600,27.2500,27.7000,384500
2002-03-26,27.7400,28.4800,26.7600,27.3300,577300
2002-03-27,27.3900,28.2300,27.1000,27.4300,504000
2002-03-28,27.6700,28.0500,27.1500,27.8600,638400
2002-04-01,28.9100,28.9100,26.8500,28.4000,456300
2002-04-02,28.4900,29.2200,28.3000,28.6500,805700
2002-04-03,28.6500,28.6500,26.0900,26.8300,1111000
2002-04-04,26.6000,27.3900,26.1500,26.6000,631900
2002-04-05,26.7800,27.2500,25.5300,26.1900,612300
2002-04-08,26.1000,27.0000,25.7000,26.8500,740500
2002-04-09,26.9800,27.0500,25.8000,25.9000,963600
2002-04-10,26.0600,27.8500,26.0500,27.2500,768000
2002-04-11,27.3200,28.1900,26.6600,26.7000,812400
2002-04-12,27.0000,28.5000,26.8200,28.1500,846000
2002-04-15,28.1400,30.9300,28.0200,30.8200,1387700
2002-04-16,30.9400,31.9400,29.8200,30.4300,1403000
2002-04-17,30.4400,30.9500,30.1200,30.4000,820600
2002-04-18,30.4100,30.9800,30.2300,30.9400,1261600
2002-04-19,32.4000,32.4500,30.9700,31.6100,1627300
2002-04-22,31.5000,31.6000,29.5000,30.0100,988800
2002-04-23,30.2900,30.9500,28.5900,28.7600,921000
2002-04-24,28.2000,28.2000,22.9500,23.4100,5606000
2002-04-25,22.2900,22.3000,19.7000,20.5000,3606700
2002-04-26,21.4000,21.4700,19.8500,20.2200,1194900
2002-04-29,19.2500,20.7200,19.2400,20.1000,889400
2002-04-30,19.8000,21.3900,19.5200,21.2700,984500
2002-05-01,21.0800,21.2500,19.7800,20.7500,769600
2002-05-02,20.7000,20.7100,19.0100,19.2200,989300
2002-05-03,19.1500,19.1500,17.8500,18.1900,1556000
2002-05-06,17.8000,18.3500,16.7500,17.0000,1068300
2002-05-07,17.1000,17.2900,16.0000,16.8900,1102300
2002-05-08,17.4200,18.9000,17.1500,18.8900,1247100
2002-05-09,18.5500,19.1800,17.2300,17.2300,790100
2002-05-10,17.6000,17.7500,16.8000,17.1400,791300
2002-05-13,17.2900,18.3800,17.1600,18.3800,1059400
2002-05-14,18.7100,19.7100,18.7100,19.5700,902400
2002-05-15,19.4700,20.0900,18.7900,19.4800,728100
2002-05-16,19.5100,19.7000,18.5300,18.5300,671400
2002-05-17,18.4000,19.7500,18.1400,19.5100,832900
2002-05-20,19.3000,19.3900,18.4500,18.5500,450800
2002-05-21,18.8200,19.3000,18.1100,18.4000,1010000
2002-05-22,17.9500,19.1600,17.9200,18.9300,579500
2002-05-23,19.2000,21.7900,18.7500,21.4500,1040000
2002-05-24,21.4000,21.4300,19.4800,19.5300,908300
2002-05-28,19.7500,20.7900,19.2200,20.6400,680800
2002-05-29,20.6400,20.8900,20.0500,20.0800,453800
2002-05-30,19.5400,20.0800,19.4000,20.0300,629500
2002-05-31,20.0800,20.2500,19.4400,19.7300,576100
2002-06-03,19.7300,19.7300,18.2100,18.3300,542700
2002-06-04,18.0600,18.3300,17.5000,18.2200,739500
2002-06-05,18.1200,18.9400,17.9000,18.5000,397500
2002-06-06,18.6100,18.6500,17.1600,17.2500,777000
2002-06-07,16.8900,17.9500,16.3300,17.4200,695000
2002-06-10,17.4000,18.5900,17.4000,17.6800,391500
2002-06-11,17.7400,18.1400,16.0000,16.1000,765700
2002-06-12,16.0900,16.8000,15.5200,16.2200,1343300
2002-06-13,15.9700,17.3400,15.8000,16.6100,1030600
2002-06-14,16.4800,18.2400,16.1400,17.8300,776100
2002-06-17,17.8700,19.1900,17.7500,18.5400,702600
2002-06-18,18.8000,19.5700,18.1500,18.7700,748200
2002-06-19,18.6800,19.1100,18.0300,18.0900,632900
2002-06-20,18.1900,18.2200,16.7500,16.8000,790200
2002-06-21,16.8800,17.4000,16.1100,16.3600,851800
2002-06-24,16.3100,17.2600,15.7100,16.4200,870200
2002-06-25,16.8000,17.1000,15.6500,16.0000,901100
2002-06-26,15.7500,16.1500,15.0200,15.9000,736400
2002-06-27,15.9200,16.7200,15.6800,16.2500,781000
2002-06-28,16.1100,18.0000,15.8000,16.2800,1723900
2002-07-01,16.5000,16.9100,15.1100,15.3700,732900
2002-07-02,15.2100,15.7700,14.1000,14.7300,866200
2002-07-03,14.4500,15.5000,14.0100,15.1100,859900
2002-07-05,15.1800,16.1600,15.1600,15.7800,210100
2002-07-08,15.7000,15.9800,15.0600,15.0700,446700
2002-07-09,14.9900,15.3400,14.3800,14.8900,720800
2002-07-10,14.8500,15.0800,12.6700,12.9500,1270300
2002-07-11,13.0300,14.3400,12.7000,14.3000,1047700
2002-07-12,14.2500,15.2400,14.0000,14.4800,595700
2002-07-15,14.5200,15.0100,14.1100,14.8400,571300
2002-07-16,14.9500,17.1200,14.7000,15.6000,1239300
2002-07-17,16.0500,17.2100,15.6600,16.4700,912700
2002-07-18,16.5100,16.6900,15.2800,15.7000,620000
2002-07-19,15.9400,15.9400,14.8500,15.7500,1211900
2002-07-22,15.4600,16.5500,15.2000,15.8300,1073400
2002-07-23,16.0100,16.7400,15.1100,15.6000,951800
2002-07-24,15.3800,16.8400,14.6000,16.6500,1628800
2002-07-25,16.7600,18.2700,16.3200,16.9500,1206100
2002-07-26,16.9500,18.3500,16.4500,17.4800,980800
2002-07-29,17.5200,18.8700,17.3000,18.5000,908700
2002-07-30,18.4700,19.9300,17.6700,19.7500,1050000
2002-07-31,19.6700,20.8300,19.4100,19.7400,1193200
2002-08-01,19.6000,19.9100,18.5700,18.5700,594300
2002-08-02,18.5100,19.3500,17.6000,18.4300,678800
2002-08-05,18.3900,18.8000,17.1000,17.1200,654700
2002-08-06,17.3100,18.3100,17.3000,18.2500,839500
2002-08-07,18.5700,19.0500,17.3900,18.3800,1113300
2002-08-08,18.7000,19.5600,18.1300,19.5300,1015600
2002-08-09,18.9900,19.9600,18.8000,19.3000,962400
2002-08-12,19.2000,20.6200,18.8900,20.2500,457300
2002-08-13,20.0500,20.5500,19.2200,19.5100,873700
2002-08-14,19.4100,20.9000,18.7600,20.9000,778500
2002-08-15,20.8900,22.8300,20.8900,22.3600,1639800
2002-08-16,22.3600,22.3700,21.1600,21.7100,819600
2002-08-19,21.5400,22.1000,20.6700,21.2800,651300
2002-08-20,21.2200,22.5700,20.9900,22.0200,685400
2002-08-21,22.0700,23.9600,21.9300,23.6800,1218200
2002-08-22,23.6500,23.8000,22.3300,23.0000,1577300
2002-08-23,22.9000,23.2200,22.1800,22.4100,584300
2002-08-26,22.5400,22.5700,20.8600,22.3800,625100
2002-08-27,22.4600,22.6800,21.1100,21.2300,547400
2002-08-28,21.1400,21.1500,20.1400,20.6000,634600
2002-08-29,20.2000,21.4400,19.8500,21.3000,1083700
2002-08-30,21.4000,21.5300,19.9000,19.9000,561300
2002-09-03,19.8500,19.8600,18.2600,18.5500,664500
2002-09-04,18.5900,19.6000,18.1200,19.3000,908300
2002-09-05,19.1800,19.2500,18.1200,18.1500,483700
2002-09-06,18.2700,19.5300,18.2500,19.0600,826700
2002-09-09,19.0700,20.2200,18.2000,19.9900,618700
2002-09-10,19.8600,20.6100,19.4300,20.2000,760700
2002-09-11,20.6300,21.1500,20.2600,20.3100,330400
2002-09-12,20.2800,20.4400,19.4500,19.5600,334600
2002-09-13,19.5100,20.1000,19.1200,19.7400,455600
2002-09-16,19.7200,19.9000,18.7000,19.5400,518200
2002-09-17,19.7900,20.3100,18.7700,18.8700,518900
2002-09-18,18.6500,19.3000,17.8900,18.9000,767400
2002-09-19,18.7800,18.8400,17.8300,17.9100,838800
2002-09-20,17.0000,18.3600,17.0000,17.4800,868900
2002-09-23,17.3300,17.4500,15.7500,16.3400,843800
2002-09-24,16.0900,18.4800,15.7600,17.8200,1349900
2002-09-25,18.0000,19.2900,17.8800,18.6700,743000
2002-09-26,18.7500,19.3700,18.1200,19.2100,919100
2002-09-27,19.5700,20.0000,18.3900,18.5600,1127000
2002-09-30,18.4900,19.3500,17.2700,18.4900,972400
2002-10-01,18.9600,19.8600,18.1700,19.5600,907700
2002-10-02,19.5600,19.9500,18.0600,18.2500,738000
2002-10-03,18.1500,18.8500,17.8000,18.1800,698500
2002-10-04,18.2500,18.9400,17.3400,17.3800,488800
2002-10-07,17.3500,18.1100,17.1000,17.5700,478500
2002-10-08,17.8600,18.1900,17.1000,17.7300,488100
2002-10-09,17.6800,17.6800,15.8500,16.2500,1206600
2002-10-10,16.2500,16.9800,16.0000,16.6800,1036400
2002-10-11,17.2100,17.5500,16.2200,16.6800,1040700
2002-10-14,16.6700,17.4300,16.4100,17.3400,706300
2002-10-15,17.5000,19.4300,17.4500,18.5300,1413200
2002-10-16,18.3000,18.4500,17.5500,18.0500,701500
2002-10-17,18.1600,18.9900,18.1600,18.8600,601500
2002-10-18,18.5100,19.0400,18.1700,18.7300,512800
2002-10-21,18.7900,19.0000,17.8800,18.8300,345200
2002-10-22,18.8200,19.1800,18.2800,18.3600,321000
2002-10-23,18.3100,19.0500,17.7000,18.9500,569000
2002-10-24,19.0900,19.5900,18.7600,19.3000,958500
2002-10-25,19.2200,19.7100,18.9600,19.3200,509300
2002-10-28,19.3900,19.8700,19.1000,19.5900,557700
2002-10-29,19.4500,19.7000,19.0800,19.3600,377100
2002-10-30,19.4700,20.1400,19.3500,19.6600,451900
2002-10-31,19.8600,20.3000,19.2900,19.6100,624800
2002-11-01,19.1500,19.8000,19.0500,19.6300,453600
2002-11-04,19.6700,21.6000,19.6700,20.8400,1294800
2002-11-05,17.0100,19.9000,17.0000,19.0500,2310400
2002-11-06,19.0800,19.3000,18.7600,19.2100,691300
2002-11-07,19.0000,19.5300,18.7000,19.0000,540300
2002-11-08,18.8500,19.0200,18.0000,18.4000,439100
2002-11-11,18.1100,18.5500,17.8100,17.8900,446300
2002-11-12,17.8800,18.1000,17.4100,17.6500,542400
2002-11-13,17.6400,18.3700,17.2200,17.6000,822100
2002-11-14,17.5700,18.0700,17.3100,17.4600,865600
2002-11-15,17.2800,17.6600,17.1300,17.1300,718900
2002-11-18,17.2900,18.1800,17.2500,17.9000,714300
2002-11-19,17.8900,18.2100,17.3300,17.5200,581500
2002-11-20,17.4500,18.0400,17.4200,17.9800,570700
2002-11-21,17.9900,18.9300,17.9000,18.7000,937300
2002-11-22,18.6300,19.2800,18.4000,18.7200,595100
2002-11-25,18.9600,19.2900,18.5000,19.0300,387900
2002-11-26,18.8900,18.8900,17.6000,17.6000,512700
2002-11-27,17.7200,18.8000,17.6300,18.3800,392600
2002-11-29,18.4500,18.8000,18.4500,18.5800,229700
2002-12-02,18.7000,19.2600,18.5000,19.0600,672200
2002-12-03,19.0600,19.0600,18.2100,18.2600,404200
2002-12-04,18.1800,18.2600,17.6200,17.7600,617900
2002-12-05,17.8600,18.0900,17.3300,17.3400,270700
2002-12-06,17.2500,17.8500,17.0700,17.4300,333400
2002-12-09,17.4200,17.5600,16.3900,16.6500,647400
2002-12-10,16.6400,17.3700,16.3100,16.5500,507800
2002-12-11,16.3700,16.6900,16.2200,16.5900,333000
2002-12-12,16.6400,17.3000,16.3400,16.6300,416700
2002-12-13,16.6900,16.7600,16.1200,16.1700,298000
2002-12-16,16.1800,17.0000,16.0600,16.7900,643300
2002-12-17,16.7700,17.2400,16.7200,16.9500,316800
2002-12-18,16.9500,17.1600,16.7500,16.8800,374300
2002-12-19,16.9300,17.4400,16.3300,16.6100,510600
2002-12-20,16.9000,17.1500,16.4500,16.6700,485600
2002-12-23,16.6800,17.0000,16.4800,16.8100,363700
2002-12-24,16.7800,17.0100,16.6500,16.7300,92100
2002-12-26,16.7300,16.9700,16.4600,16.6000,184600
2002-12-27,16.3900,16.6000,15.8300,16.0500,295900
2002-12-30,15.7000,16.3900,15.6800,15.7600,473400
2002-12-31,15.6800,16.2000,15.3400,15.8500,888800
2003-01-02,16.0300,16.4900,15.7900,16.3600,907200
2003-01-03,16.4300,16.5000,15.8300,15.9900,926800
2003-01-06,16.0500,16.4700,15.7400,15.8300,698100
2003-01-07,16.0100,16.2000,15.7000,15.8000,445800
2003-01-08,15.8900,15.9500,15.1800,15.2300,338400
2003-01-09,15.2800,15.6600,15.2500,15.3100,726500
2003-01-10,15.2300,15.5800,14.9500,15.4200,949600
2003-01-13,15.4400,15.9900,15.4400,15.8900,506200
2003-01-14,15.9500,16.1000,15.5800,15.6700,511600
2003-01-15,15.6600,15.7700,15.3100,15.3600,355100
2003-01-16,15.3500,16.2300,15.3400,16.0000,994000
2003-01-17,15.3900,15.9100,15.3000,15.4300,1176000
2003-01-21,15.3800,15.4300,14.8300,15.0000,900500
2003-01-22,14.7000,15.2200,14.6500,15.1600,784900
2003-01-23,15.1800,15.3300,14.8100,15.3000,710900
2003-01-24,15.2100,15.4300,14.8500,14.9500,593700
2003-01-27,14.8500,15.0000,14.3400,14.5000,617400
2003-01-28,14.6400,14.6800,14.2300,14.4800,493300
2003-01-29,14.5300,14.5700,14.1200,14.3700,512600
2003-01-30,14.2600,14.4600,13.7400,13.8500,493100
2003-01-31,13.8500,14.1000,13.6500,13.8400,626000
2003-02-03,13.9400,13.9500,13.5500,13.8600,360700
2003-02-04,13.8200,13.8300,13.3400,13.4700,605500
2003-02-05,13.3500,14.2500,13.2500,13.7400,985800
2003-02-06,13.7800,13.9500,13.5900,13.8600,442700
2003-02-07,13.8800,14.5100,13.7500,14.2300,845000
2003-02-10,14.2300,14.5600,13.8900,14.2800,579600
2003-02-11,14.3300,14.5000,13.8000,13.9500,682700
2003-02-12,13.9500,14.0900,13.7100,13.7300,440500
2003-02-13,13.7400,13.7400,13.1300,13.1800,552800
2003-02-14,13.6600,13.6900,12.4000,12.5900,1144800
2003-02-18,12.1400,12.8000,11.9500,12.7800,900900
2003-02-19,13.0200,13.0700,12.2900,12.4600,549600
2003-02-20,12.5900,12.6000,11.9300,12.2300,885700
2003-02-21,11.6100,12.4300,11.5500,12.4000,777900
2003-02-24,12.5300,12.5300,11.6100,11.7000,471600
2003-02-25,11.6000,11.7900,11.1000,11.3100,1040500
2003-02-26,11.2200,11.6700,11.1700,11.3200,880800
2003-02-27,11.3900,11.4800,10.9500,11.0200,654600
2003-02-28,11.1800,11.2100,10.8500,11.0500,593300
2003-03-03,10.9100,11.3800,10.9000,10.9900,532000
2003-03-04,10.8900,11.0000,10.6100,10.6700,454300
2003-03-05,10.5100,10.6700,10.0500,10.1000,790500
2003-03-06,10.1000,10.3700,9.9700,10.2500,671300
2003-03-07,9.6300,10.6500,9.5900,10.4000,1397100
2003-03-10,10.2000,10.5000,10.1400,10.3800,817000
2003-03-11,10.3800,10.4800,10.0500,10.0900,401900
2003-03-12,10.1100,10.3900,9.6800,9.7200,927500
2003-03-13,9.9800,10.4600,9.7400,10.3100,624900
2003-03-14,10.3400,10.4200,10.0100,10.0800,495900
2003-03-17,10.1400,10.9700,10.0000,10.8400,715700
2003-03-18,10.9200,11.2900,10.6000,11.2100,897100
2003-03-19,11.4100,11.7900,10.5800,11.0400,636200
2003-03-20,11.1500,11.2300,10.5000,11.0600,555400
2003-03-21,11.5400,11.7600,11.0400,11.3500,1193900
2003-03-24,11.3600,11.5500,10.9200,10.9500,814400
2003-03-25,11.0100,11.2500,10.9900,11.1800,650000
2003-03-26,11.2000,11.3900,11.1700,11.2400,376600
2003-03-27,11.2600,11.5900,11.0000,11.5000,473400
2003-03-28,11.4900,11.7300,11.2500,11.5200,373000
2003-03-31,11.0400,11.3800,11.0300,11.1400,686000
2003-04-01,11.0500,11.2400,10.7800,11.0000,827900
2003-04-02,11.2300,12.1700,11.0900,11.8100,1589300
2003-04-03,11.9500,12.2400,11.6300,12.2400,568100
2003-04-04,12.0600,12.2700,11.6300,11.9200,651700
2003-04-07,12.1800,13.0600,12.0300,12.1200,986300
2003-04-08,12.0800,12.2500,11.6800,11.7200,1196600
2003-04-09,11.7300,12.0300,11.0400,11.0700,951800
2003-04-10,11.0300,11.1600,10.6800,11.0200,552300
2003-04-11,10.8200,11.1500,10.4700,10.6300,556900
2003-04-14,10.6700,11.1100,10.4900,10.9900,320900
2003-04-15,11.0000,11.0000,9.9400,10.3900,971900
2003-04-16,10.3200,10.5500,10.1300,10.2800,445400
2003-04-17,10.3500,10.5000,10.0200,10.5000,535700
2003-04-21,10.3700,10.7500,10.3700,10.6500,634400
2003-04-22,10.6100,11.1500,10.4000,11.0400,630700
2003-04-23,11.0700,11.6100,10.8500,11.5300,643200
2003-04-24,11.4900,11.8300,11.0200,11.7000,898100
2003-04-25,11.5900,11.9900,11.0700,11.6800,853600
2003-04-28,11.8000,11.9600,11.6000,11.9000,538200
2003-04-29,11.5000,12.3500,11.5000,11.9900,486800
2003-04-30,12.0500,12.9900,11.8500,12.0600,871400
2003-05-01,12.0200,12.5700,11.5200,12.4100,633900
2003-05-02,12.2500,12.8800,12.2400,12.7500,527300
2003-05-05,12.7700,13.1900,12.4800,13.0200,775000
2003-05-06,13.1400,13.3800,13.0000,13.1000,629600
2003-05-07,13.2000,13.2000,12.2500,12.3400,643700
2003-05-08,12.2500,12.2600,11.9200,12.1300,609300
2003-05-09,12.1100,12.2700,12.0000,12.1300,424300
2003-05-12,12.1500,12.7100,12.0500,12.6000,482900
2003-05-13,12.5000,12.8500,12.4600,12.6400,512200
2003-05-14,12.7500,13.1500,12.6500,13.1500,354200
2003-05-15,13.2010,14.3800,13.1600,13.9800,983100
2003-05-16,14.0900,14.4400,13.4900,13.5000,528800
2003-05-19,13.5100,14.2500,12.9500,13.0600,839600
2003-05-20,13.0500,13.1800,12.6600,13.0000,426200
2003-05-21,12.8600,13.7500,12.7000,13.0400,840400
2003-05-22,13.1500,13.5900,13.0300,13.3600,808700
2003-05-23,13.3700,13.8000,13.3500,13.7000,384800
2003-05-27,13.8000,14.7300,13.7000,14.4600,1323000
2003-05-28,14.7600,14.8500,13.9300,14.0890,519200
2003-05-29,14.1400,14.4200,13.7000,14.0300,932300
2003-05-30,14.0800,14.8500,14.0800,14.5000,704000
2003-06-02,14.8900,15.3400,14.5000,14.5300,1055400
2003-06-03,14.5000,14.6600,13.8800,13.9100,990300
2003-06-04,13.9900,15.0000,13.9500,15.0000,561300
2003-06-05,15.0900,16.2700,14.8800,16.2700,1251200
2003-06-06,16.6500,18.7500,15.8400,15.8900,1907400
2003-06-09,15.6000,15.8500,14.9000,15.0600,686700
2003-06-10,15.1700,15.6300,14.8500,15.4900,1022300
2003-06-11,15.7000,16.4500,15.5100,16.4000,744900
2003-06-12,16.4000,16.7500,15.5400,15.9400,873000
2003-06-13,15.9000,16.1900,15.3500,15.4800,516700
2003-06-16,15.2600,16.3000,15.2300,16.2023,937800
2003-06-17,16.4700,16.6700,16.0000,16.2100,1263300
2003-06-18,16.2200,16.2200,15.2800,15.5280,667300
2003-06-19,15.5500,15.9200,14.2000,14.6200,1045500
2003-06-20,15.1600,15.3300,14.8200,15.0200,501900
2003-06-23,14.9000,15.0700,14.3600,14.3900,709400
2003-06-24,14.4000,15.0200,14.0600,14.4700,667800
2003-06-25,14.6690,15.5000,14.6300,15.2200,570500
2003-06-26,15.2000,15.7700,14.7800,15.5700,771700
2003-06-27,15.6700,15.9900,15.2600,15.3100,717100
2003-06-30,15.5000,15.5400,14.5500,14.6300,1742400
2003-07-01,14.6000,14.6900,13.7600,14.4000,962000
2003-07-02,14.5700,15.4400,14.4620,14.8300,729700
2003-07-03,14.9300,14.9300,14.5000,14.5100,477900
2003-07-07,14.7400,15.3400,14.6000,15.1300,405100
2003-07-08,14.9000,15.7200,14.8900,15.5500,451600
2003-07-09,15.6300,16.1400,15.1300,15.9900,630600
2003-07-10,16.0800,16.5500,15.3700,15.6900,346300
2003-07-11,15.6300,16.2500,15.5900,16.2200,342500
2003-07-14,16.5500,16.7700,16.0700,16.2800,517200
2003-07-15,16.3000,16.6100,16.0300,16.1100,667300
2003-07-16,16.1100,16.1100,15.5000,15.5700,747200
2003-07-17,15.5800,15.5800,14.8200,14.8800,727000
2003-07-18,15.6100,16.0500,15.3600,15.7500,876500
2003-07-21,15.7800,16.2400,15.3900,15.4100,542500
2003-07-22,15.5500,15.9300,15.3300,15.6000,546800
2003-07-23,15.6000,16.2200,15.4500,16.1000,593200
2003-07-24,16.2200,16.3000,15.1300,15.1400,715100
2003-07-25,14.8600,14.8700,13.2000,13.8000,1851800
2003-07-28,13.8000,15.1500,13.7200,14.8100,983800
2003-07-29,14.8400,14.8500,13.7800,14.3000,814600
2003-07-30,14.2100,14.5000,13.9900,14.3300,434700
2003-07-31,14.2100,14.8900,14.2100,14.5300,488500
2003-08-01,14.6000,14.6200,13.9200,13.9200,292500
2003-08-04,13.9000,14.0100,13.1500,13.7200,380400
2003-08-05,13.6600,13.8800,12.8500,12.8900,466900
2003-08-06,12.8700,12.8700,12.1600,12.4600,873300
2003-08-07,12.3000,12.6500,12.3000,12.5100,389300
2003-08-08,12.6700,12.8400,12.0000,12.3500,237200
2003-08-11,12.3100,12.9600,12.2100,12.7900,484800
2003-08-12,12.8000,13.3300,12.6800,13.2600,462000
2003-08-13,13.2400,13.6400,12.9800,13.1300,410000
2003-08-14,13.0000,13.3100,12.9100,13.3100,335800
2003-08-15,13.7000,13.7000,12.8600,12.8800,428400
2003-08-18,13.4000,13.4000,12.7300,13.1000,681300
2003-08-19,13.1300,13.2200,12.6200,12.9000,683200
2003-08-20,12.9000,13.6500,12.6600,13.2700,752600
2003-08-21,13.4500,13.6200,13.1300,13.3300,474000
2003-08-22,13.3400,13.4300,12.6500,12.7200,457400
2003-08-25,12.8100,12.8900,12.6100,12.7700,441700
2003-08-26,12.6400,12.8800,12.2300,12.6300,451100
2003-08-27,12.6200,12.6200,12.2300,12.3900,616800
2003-08-28,12.2700,12.6700,12.2000,12.5500,439500
2003-08-29,12.4500,12.8700,12.4500,12.6000,465700
2003-09-02,12.6000,13.2200,12.3600,13.0000,505600
2003-09-03,13.0100,13.2000,12.7400,12.9300,464200
2003-09-04,12.9000,13.3200,12.8400,13.2400,476500
2003-09-05,13.2400,14.1100,13.1500,13.9100,1233900
2003-09-08,13.9300,14.8600,13.8300,14.5200,962600
2003-09-09,14.4800,14.6700,14.2500,14.4500,429500
2003-09-10,14.4300,14.4700,13.6200,13.8100,683900
2003-09-11,14.3600,14.4600,13.4300,14.0700,708000
2003-09-12,14.1000,14.4700,13.7490,14.4400,406200
2003-09-15,14.7300,14.7700,13.9300,14.1300,405300
2003-09-16,14.7200,14.8700,13.9200,14.1600,570400
2003-09-17,14.2600,14.3800,14.0100,14.2100,460700
2003-09-18,14.6400,14.6400,14.2500,14.5600,458200
2003-09-19,15.0000,15.1100,14.5000,14.9600,754800
2003-09-22,14.7100,14.7900,14.1700,14.2200,525500
2003-09-23,14.2200,14.5400,14.0000,14.4700,314000
2003-09-24,14.8000,14.8000,13.5800,13.5900,590700
2003-09-25,13.6400,13.7500,12.8800,13.0200,780900
2003-09-26,13.2300,13.2400,12.1800,12.1800,847800
2003-09-29,12.0100,12.5510,11.7300,12.2000,784300
2003-09-30,11.9100,12.6700,11.9100,12.3000,690400
2003-10-01,12.2500,12.5300,12.0600,12.3100,635000
2003-10-02,12.4000,12.9300,12.3500,12.8500,492200
2003-10-03,13.1900,14.0660,13.1500,13.4100,1305400
2003-10-06,14.1800,14.1900,13.1400,13.3600,566600
2003-10-07,13.2100,13.6400,13.2000,13.6300,460400
2003-10-08,13.8400,13.8800,13.1500,13.3500,777400
2003-10-09,13.4900,13.5900,13.0400,13.2600,1080200
2003-10-10,13.4900,13.5000,13.1200,13.4000,593500
2003-10-13,13.3800,14.0500,13.3600,13.8000,456700
2003-10-14,13.8000,13.8000,13.4600,13.5490,1065400
2003-10-15,13.4800,13.5100,13.0100,13.2000,671100
2003-10-16,13.1100,13.5100,13.1000,13.2000,613800
2003-10-17,13.4700,14.1600,12.5700,12.8800,1179200
2003-10-20,12.8500,13.7100,12.7500,13.0300,733300
2003-10-21,13.9800,13.9800,13.2000,13.5700,1903200
2003-10-22,13.6700,13.6700,12.4600,12.5000,1113600
2003-10-23,12.4200,12.8400,12.2300,12.5200,886800
2003-10-24,12.6000,12.8500,12.3500,12.7100,414100
2003-10-27,12.6200,12.9300,12.3400,12.4800,340700
2003-10-28,12.6300,12.8000,12.2700,12.7000,751000
2003-10-29,12.4400,12.9700,12.2000,12.9600,725800
2003-10-30,13.1400,13.2500,12.6400,12.7500,540700
2003-10-31,12.7900,13.2000,12.4700,13.1900,608800
2003-11-03,13.1000,13.2000,12.6500,12.9500,546900
2003-11-04,12.8800,13.1100,12.7400,13.0100,591000
2003-11-05,12.8800,13.0000,12.4000,12.8700,381700
2003-11-06,12.7800,13.1400,12.6400,13.0200,303700
2003-11-07,13.1000,13.1900,12.8400,13.0600,267600
2003-11-10,13.2200,13.2300,12.4000,12.6500,737900
2003-11-11,8.9000,9.0500,7.8300,8.0000,11681200
2003-11-12,8.1100,8.3800,8.0000,8.2900,2093400
2003-11-13,8.4100,8.4900,8.1400,8.3400,1262700
2003-11-14,8.3810,9.1400,8.3800,8.9600,1965000
2003-11-17,8.8700,8.8700,8.4900,8.7200,1105400
2003-11-18,8.8700,9.1500,8.7040,8.8500,1225400
2003-11-19,8.8600,9.0500,8.8300,9.0000,962000
2003-11-20,8.9000,9.1000,8.5100,8.8000,980900
2003-11-21,8.6000,8.9100,8.6000,8.6800,1311300
2003-11-24,8.7800,9.0300,8.7000,9.0100,945800
2003-11-25,9.1300,9.2400,8.8400,8.9800,885900
2003-11-26,9.0600,9.1000,8.6800,8.8000,655700
2003-11-28,8.8400,8.9200,8.7100,8.7400,249000
2003-12-01,8.7900,9.5100,8.7900,9.3600,991300
2003-12-02,9.3000,9.5500,9.1300,9.2100,848000
2003-12-03,9.2500,9.3400,8.8200,8.8800,935600
2003-12-04,8.9800,9.1900,8.8900,9.1000,1203000
2003-12-05,9.1000,9.3600,9.0000,9.2100,559600
2003-12-08,9.1000,9.3670,9.0000,9.2400,466700
2003-12-09,9.2900,9.3500,8.9000,8.9000,472900
2003-12-10,8.9200,9.0700,8.8200,9.0200,589000
2003-12-11,8.9700,9.2500,8.8900,9.2100,603500
2003-12-12,9.2200,9.3200,9.0000,9.1600,351800
2003-12-15,9.3000,9.3400,8.9100,8.9300,591300
2003-12-16,8.9300,9.0900,8.9000,9.0500,496300
2003-12-17,9.0400,9.1300,8.8800,9.0100,533700
2003-12-18,9.0100,9.2800,8.9400,9.1200,731700
2003-12-19,9.1200,9.2000,8.9000,9.1000,896700
2003-12-22,9.0000,9.3400,8.9400,9.3200,551400
2003-12-23,9.4200,9.8000,9.3800,9.6400,876500
2003-12-24,9.6600,9.8200,9.4500,9.6800,239000
2003-12-26,9.6500,9.9500,9.6500,9.9500,197900
2003-12-29,9.9800,10.4200,9.9000,10.2200,842700
2003-12-30,10.2200,10.5000,10.2000,10.3300,527900
2003-12-31,10.4000,10.4500,10.0000,10.3500,1207900
2004-01-02,10.3500,10.7500,10.2300,10.5000,544900
2004-01-05,10.5500,10.6800,10.1000,10.1200,910300
2004-01-06,10.0900,10.3600,10.0420,10.0800,618700
2004-01-07,10.1300,10.4300,9.9000,10.4000,739200
2004-01-08,10.4000,10.5600,10.2900,10.4800,388900
2004-01-09,10.1100,10.7000,10.0100,10.1000,970500
2004-01-12,10.0200,10.2900,9.4500,9.4600,1625600
2004-01-13,9.5800,9.6000,9.4500,9.5000,1144800
2004-01-14,9.6000,9.7100,9.4800,9.6800,419400
2004-01-15,9.4900,10.0800,9.3800,9.8900,877500
2004-01-16,9.8300,10.1500,9.7500,10.0600,1125500
2004-01-20,10.3500,10.3600,9.7000,10.0600,1077800
2004-01-21,9.8600,10.7600,9.8300,10.2700,957200
2004-01-22,10.2800,10.5500,10.1400,10.3000,859300
2004-01-23,10.4400,10.4900,10.2800,10.4500,529100
2004-01-26,10.2100,10.5200,10.0700,10.4800,604400
2004-01-27,10.4400,10.5100,9.8000,9.8700,852500
2004-01-28,9.9500,10.2300,9.8800,10.1250,1044700
2004-01-29,10.0900,10.2000,9.6900,10.0900,527600
2004-01-30,10.0000,10.1900,9.7400,9.9100,372700
2004-02-02,9.7600,10.0900,9.7200,9.7900,846700
2004-02-03,9.3100,9.8300,9.2800,9.8000,959600
2004-02-04,9.6400,9.7400,9.4000,9.4200,919600
2004-02-05,9.5800,9.7400,9.4500,9.6300,559500
2004-02-06,9.5500,9.7700,9.4800,9.7500,622400
2004-02-09,9.9200,10.1900,9.6500,10.1500,624500
2004-02-10,9.8000,10.2600,9.7000,10.1700,808000
2004-02-11,10.1500,10.3000,10.0200,10.1800,610400
2004-02-12,10.1700,10.3500,10.0500,10.1400,639200
2004-02-13,10.0700,10.4500,10.0600,10.3100,757700
2004-02-17,10.2600,10.9000,10.2600,10.7200,1468400
2004-02-18,10.9000,11.1500,10.8700,10.9100,1076100
2004-02-19,11.1000,11.3200,10.4900,10.5800,801600
2004-02-20,10.6900,10.6900,10.0900,10.2100,1320800
2004-02-23,12.1500,12.2000,10.9000,10.9700,10771000
2004-02-24,10.7800,11.2700,10.4600,11.0000,2006500
2004-02-25,11.0000,11.3100,10.8000,11.1500,1143900
2004-02-26,11.1500,11.3200,11.0000,11.2900,754700
2004-02-27,11.5100,11.5700,11.1200,11.2700,846500
2004-03-01,11.4100,11.4100,10.9600,10.9700,751600
2004-03-02,10.9600,11.2300,10.9100,11.1600,775100
2004-03-03,11.0500,11.1700,10.8000,11.1000,654800
2004-03-04,10.9700,11.4000,10.9700,11.3700,673200
2004-03-05,11.1500,11.5100,11.0900,11.3100,533200
2004-03-08,11.4700,11.5000,10.8400,11.0100,592200
2004-03-09,11.1000,11.1500,10.4700,10.5200,850100
2004-03-10,10.4700,10.8800,10.1500,10.1700,761300
2004-03-11,10.1900,10.5500,9.9900,10.0000,812900
2004-03-12,10.0900,10.4400,10.0000,10.2200,559700
2004-03-15,10.1400,10.1900,9.5900,9.6000,814400
2004-03-16,9.7400,9.9400,9.2700,9.4600,892800
2004-03-17,9.6000,9.9200,9.4700,9.5000,920700
2004-03-18,9.5000,9.8200,9.3900,9.6500,716000
2004-03-19,9.9200,9.9200,9.4900,9.5000,570200
2004-03-22,9.3700,9.3900,8.8900,9.0700,785500
2004-03-23,9.2900,9.3000,8.9000,9.1200,523900
2004-03-24,9.1100,9.2500,8.8200,8.9000,610600
2004-03-25,8.9100,9.7100,8.8700,9.3500,932200
2004-03-26,9.4200,9.5400,9.1500,9.2000,478900
2004-03-29,9.2800,9.7000,9.2300,9.5500,552300
2004-03-30,9.4700,9.6800,9.3300,9.6700,331200
2004-03-31,9.6850,9.7000,9.2700,9.4200,338800
2004-04-01,9.4300,9.7300,9.3800,9.6400,439700
2004-04-02,9.7600,9.9000,9.4000,9.8500,706100
2004-04-05,9.8000,9.9200,9.6500,9.9200,446600
2004-04-06,9.7100,9.8700,9.4100,9.4100,915700
2004-04-07,9.4400,9.7800,9.2100,9.7800,592000
2004-04-08,9.7800,9.8400,9.4400,9.4600,351400
2004-04-12,9.4300,9.7500,9.4300,9.5900,233700
2004-04-13,9.5500,9.7400,8.9200,8.9300,661500
2004-04-14,9.1100,9.3900,8.9000,9.1600,670800
2004-04-15,9.0900,9.2420,8.3900,8.8600,682700
2004-04-16,8.8900,9.0700,8.6200,8.6400,917600
2004-04-19,8.6500,9.1200,8.6500,9.0700,594000
2004-04-20,9.2900,9.3500,8.5600,8.5600,535000
2004-04-21,8.6400,9.2700,8.5500,9.2700,862000
2004-04-22,9.2800,9.5500,9.0800,9.2500,1129500
2004-04-23,9.2550,9.3700,8.8200,9.0300,792800
2004-04-26,9.1500,9.3300,8.9200,9.1000,702200
2004-04-27,9.2800,9.6400,9.1400,9.4200,2129500
2004-04-28,9.3900,9.5000,8.9900,9.1200,971300
2004-04-29,9.1200,9.3400,8.9800,9.1000,908000
2004-04-30,9.1000,9.2000,8.6400,8.6400,818600
2004-05-03,8.6800,9.2900,8.6000,9.0200,759800
2004-05-04,9.2500,9.5400,8.8100,9.2400,2461500
2004-05-05,9.1300,9.5000,9.1100,9.3000,552600
2004-05-06,9.2700,9.3200,8.7300,8.9100,518300
2004-05-07,8.9100,9.1000,8.5300,8.5300,729100
2004-05-10,8.5300,9.2000,8.2900,8.6800,1185100
2004-05-11,8.8200,9.0100,8.6500,8.7700,412700
2004-05-12,8.6100,9.0000,8.3400,8.9600,642800
2004-05-13,9.0000,9.0500,8.5000,8.5000,538400
2004-05-14,8.5100,8.7600,8.2400,8.3100,809700
2004-05-17,8.3000,8.7500,8.0000,8.2200,800100
2004-05-18,8.3000,8.5800,8.1100,8.4300,784600
2004-05-19,8.4300,8.5200,8.1700,8.3000,1099200
2004-05-20,8.3500,8.7200,8.1700,8.1700,814200
2004-05-21,8.7200,9.0000,8.0600,8.6900,2147000
2004-05-24,8.6900,8.8800,8.5600,8.7900,811500
2004-05-25,8.6800,8.8500,8.5600,8.6500,722100
2004-05-26,8.7300,8.9400,8.5400,8.9400,743000
2004-05-27,8.9600,9.0900,8.5700,8.7700,600400
2004-05-28,8.7500,8.8600,8.6600,8.8000,252600
2004-06-01,9.2500,9.2800,8.9000,9.2700,789900
2004-06-02,9.2100,9.3400,9.0100,9.1400,516100
2004-06-03,9.1200,9.2300,8.8000,8.8000,513400
2004-06-04,8.9200,9.2500,8.7600,9.2500,652800
2004-06-07,9.2500,9.3000,9.0000,9.1900,919900
2004-06-08,9.2000,9.4800,9.1000,9.2200,676800
2004-06-09,9.1300,9.3400,8.8700,8.9800,690600
2004-06-10,9.0500,9.2500,9.0100,9.2500,1670000
2004-06-14,9.4000,9.6200,9.2000,9.4800,984300
2004-06-15,9.5900,9.6600,9.4000,9.6500,786600
2004-06-16,9.5300,9.7500,9.4700,9.6500,481700
2004-06-17,9.7100,9.7100,9.4600,9.5500,448900
2004-06-18,9.7000,10.3300,9.5600,9.9300,1749400
2004-06-21,9.9800,10.0400,9.7300,9.7300,627900
2004-06-22,10.4600,10.6600,10.0200,10.1500,1881300
2004-06-23,10.5000,10.5700,10.1500,10.4900,1482600
2004-06-24,10.4400,10.8600,10.4100,10.7200,969700
2004-06-25,10.6700,10.9650,10.4100,10.5800,1294200
2004-06-28,10.8300,10.9400,10.3200,10.5000,439000
2004-06-29,10.4300,10.9800,10.3400,10.7400,768400
2004-06-30,10.7900,10.9900,10.7200,10.8400,629600
2004-07-01,10.7700,11.1900,10.6500,10.7400,786000
2004-07-02,10.7900,10.8500,10.5400,10.5900,518700
2004-07-06,10.5800,10.7600,10.3100,10.3400,506300
2004-07-07,10.3900,10.7400,10.3400,10.7400,675500
2004-07-08,10.6500,10.7000,10.0000,10.0400,701800
2004-07-09,10.1400,10.2700,9.9100,10.0200,333400
2004-07-12,10.0900,10.2400,9.7700,10.1600,449100
2004-07-13,10.2000,10.3300,10.0400,10.0900,282700
2004-07-14,10.0200,10.2000,9.8000,10.0600,622300
2004-07-15,10.0000,10.1700,9.8600,9.9000,279300
2004-07-16,10.5300,10.6500,9.8100,9.8200,1060400
2004-07-19,9.8000,10.0400,9.7300,10.0300,821500
2004-07-20,10.0400,10.2000,9.8300,10.0600,636400
2004-07-21,10.0300,10.0800,9.0000,9.0100,844400
2004-07-22,9.0100,9.5800,8.9400,9.2700,1205700
2004-07-23,9.1900,9.3200,9.0000,9.0000,456200
2004-07-26,9.0500,9.1400,8.8800,9.0000,546100
2004-07-27,9.3000,9.9500,9.1700,9.4000,762600
2004-07-28,9.3000,9.4900,9.0500,9.2500,574700
2004-07-29,9.2600,9.4800,9.0800,9.2400,515300
2004-07-30,9.2200,9.4900,9.1300,9.2300,439000
2004-08-02,9.1400,9.1900,8.8400,8.9100,637500
2004-08-03,8.8300,9.0200,8.7500,8.8000,574400
2004-08-04,8.8200,9.1000,8.6300,9.0100,422600
2004-08-05,8.9500,9.0100,8.5500,8.6000,338200
2004-08-06,8.5000,8.5400,8.3000,8.3700,529800
2004-08-09,8.3500,8.4700,8.0900,8.1700,439000
2004-08-10,8.2000,8.5100,8.0600,8.5100,416000
2004-08-11,8.5200,8.9100,8.2200,8.8400,613400
2004-08-12,8.7600,8.8400,8.3500,8.8000,473200
2004-08-13,8.7500,8.8500,8.4600,8.5900,307100
2004-08-16,8.5600,9.4800,8.5600,9.2600,527400
2004-08-17,9.2700,9.4000,8.9300,9.0000,936000
2004-08-18,8.9700,9.5800,8.9500,9.4500,618800
2004-08-19,9.4000,9.5500,9.2400,9.4000,405800
2004-08-20,9.4600,9.9400,9.2600,9.9400,513100
2004-08-23,9.9400,10.1700,9.8000,9.8200,746400
2004-08-24,9.9100,10.0400,9.6400,9.7100,304000
2004-08-25,9.7700,10.0000,9.6000,10.0000,379500
2004-08-26,10.0200,10.0400,9.7600,9.7600,225000
2004-08-27,9.7500,10.0500,9.6900,9.9600,296200
2004-08-30,9.8900,9.9200,9.5100,9.6700,271800
2004-08-31,9.6600,9.8500,9.3000,9.7300,493200
2004-09-01,9.7800,10.2700,9.5100,10.1900,598500
2004-09-02,9.9100,10.3800,9.9100,10.3400,386700
2004-09-03,10.2700,10.4800,10.1200,10.2500,341500
2004-09-07,10.2400,10.4900,10.1000,10.3400,293800
2004-09-08,10.3700,10.4900,10.0500,10.2500,560500
2004-09-09,10.2200,10.4500,10.1600,10.4100,297600
2004-09-10,10.4300,10.7500,10.2500,10.7500,246900
2004-09-13,10.6900,10.8000,10.5600,10.8000,407300
2004-09-14,10.7200,10.7500,9.9000,10.1000,2947400
2004-09-15,10.1900,10.7700,10.0500,10.5600,2574400
2004-09-16,10.5600,10.7000,10.4700,10.5600,568800
2004-09-17,10.8100,10.8800,10.5900,10.8800,1090300
2004-09-20,10.8900,10.8900,10.2000,10.4100,659300
2004-09-21,10.3800,10.5800,10.3600,10.5600,666300
2004-09-22,10.4800,10.5300,9.9900,10.0400,499100
2004-09-23,9.9700,10.2100,9.9500,10.0300,207200
2004-09-24,10.0410,10.1000,9.8400,9.8400,231600
2004-09-27,9.8400,9.8700,9.6200,9.6500,344500
2004-09-28,9.7800,9.9300,9.6600,9.9100,492100
2004-09-29,9.8200,10.0400,9.7700,9.9800,400900
2004-09-30,10.0400,10.6000,9.9100,10.5000,823300
2004-10-01,10.5000,10.7500,10.3700,10.5900,1052400
2004-10-04,10.5000,10.9100,10.3500,10.9000,767700
2004-10-05,10.8600,11.1200,10.8000,11.1200,1041600
2004-10-06,11.0900,11.7300,10.7700,11.6100,1151600
2004-10-07,11.5600,11.5700,10.9700,11.0500,800100
2004-10-08,10.9500,11.1500,10.7000,10.7500,460600
2004-10-11,10.7200,11.0500,10.7200,11.0400,256100
2004-10-12,10.8100,10.9400,10.5300,10.5700,484200
2004-10-13,10.5800,10.6200,10.0600,10.0900,725400
2004-10-14,10.0500,10.2800,9.9900,10.1800,559300
2004-10-15,10.3700,10.5100,10.1000,10.3200,864500
2004-10-18,10.4800,10.5600,10.1900,10.4500,500300
2004-10-19,10.4900,10.5700,10.2200,10.2400,534500
2004-10-20,10.2100,10.5000,10.0800,10.4700,410000
2004-10-21,10.4400,10.5400,10.1500,10.4000,550600
2004-10-22,10.5600,10.6200,10.0100,10.0100,415100
2004-10-25,9.8500,10.3600,9.7900,10.2300,442800
2004-10-26,10.1700,10.3300,9.9100,10.0900,810700
2004-10-27,10.2600,10.6000,10.1400,10.4500,753000
2004-10-28,10.4900,10.8700,10.4700,10.7500,485400
2004-10-29,10.7000,10.9500,10.5600,10.8800,441000
2004-11-01,10.8400,11.5000,10.6400,11.4700,1022700
2004-11-02,11.5500,11.6400,10.8300,10.8400,819600
2004-11-03,11.1600,11.6000,11.0400,11.4200,492900
2004-11-04,11.4300,11.5000,10.8200,11.0000,918800
2004-11-05,10.8400,11.4000,10.8100,11.3100,454700
2004-11-08,11.1400,11.2000,10.9600,11.1800,524900
2004-11-09,11.2300,11.5300,11.0600,11.4600,369200
2004-11-10,11.7000,11.7300,11.2700,11.4800,371700
2004-11-11,11.5100,12.0000,11.3000,11.9100,523100
2004-11-12,11.9900,12.0500,11.5000,11.7400,655300
2004-11-15,11.6600,11.7400,11.5000,11.6900,396300
2004-11-16,11.5000,11.6900,10.8400,11.1700,766200
2004-11-17,11.0100,11.3700,10.5600,10.6500,926700
2004-11-18,10.5700,10.9600,10.3000,10.7800,541700
2004-11-19,10.7730,10.9600,10.4900,10.4900,416800
2004-11-22,10.2900,10.9000,10.1500,10.8600,542400
2004-11-23,10.9500,10.9900,10.4200,10.8500,398100
2004-11-24,10.8000,11.0800,10.7400,10.8700,442800
2004-11-26,10.7900,10.9300,10.6400,10.6400,172100
2004-11-29,10.7600,10.8100,10.3900,10.4200,719900
2004-11-30,10.4600,10.7100,10.3300,10.6200,652500
2004-12-01,10.6100,10.8000,10.5000,10.7100,913800
2004-12-02,10.7700,11.1400,10.4500,11.0700,669900
2004-12-03,11.1200,11.2500,10.7500,11.1400,364600
2004-12-06,11.1700,11.3800,10.9100,11.2200,432700
2004-12-07,11.2600,11.3000,10.5100,10.5200,483200
2004-12-08,10.5700,11.0500,10.4900,10.9300,467100
2004-12-09,10.8200,10.9700,10.6500,10.8700,473100
2004-12-10,10.9200,11.0500,10.7100,10.8800,352700
2004-12-13,10.9500,11.2700,10.8800,11.2700,330600
2004-12-14,11.2500,11.5000,11.1900,11.4700,689300
2004-12-15,11.4900,11.5000,11.1100,11.4600,722400
2004-12-16,11.5100,11.5100,11.2500,11.3800,483300
2004-12-17,11.3100,11.3300,11.0300,11.2700,626500
2004-12-20,11.2800,11.2800,10.6200,10.9100,1068100
2004-12-21,10.8700,11.0400,10.7500,10.9600,587500
2004-12-22,10.9850,11.0400,10.8000,10.8800,440600
2004-12-23,10.9000,11.1000,10.7500,10.9300,379100
2004-12-27,10.8100,11.0000,10.5700,10.7500,532800
2004-12-28,10.6900,10.9200,10.6800,10.8700,487400
2004-12-29,10.8400,10.9100,10.5300,10.8500,589200
2004-12-30,10.8600,10.8600,10.6700,10.7500,341200
2004-12-31,10.7300,10.8000,10.5000,10.5700,736400
2005-01-03,10.7000,10.7100,10.0800,10.2400,776900
2005-01-04,10.1600,10.2800,9.9000,10.0900,908300
2005-01-05,10.1200,10.2000,9.8800,9.9000,1063200
2005-01-06,10.1200,10.6800,9.9700,10.5200,1108000
2005-01-07,10.6800,10.7400,10.2500,10.4900,609100
2005-01-10,10.9500,11.1900,10.7100,10.7800,871900
2005-01-11,11.0000,11.1000,10.7300,10.9200,1049600
2005-01-12,11.0200,11.1900,10.5200,11.1900,683200
2005-01-13,11.1300,11.2000,10.3300,10.3900,663300
2005-01-14,10.4000,10.7300,10.3900,10.5200,550500
2005-01-18,10.7700,10.9200,10.4000,10.8100,445200
2005-01-19,10.9500,11.2800,10.4000,10.4800,485000
2005-01-20,10.7000,10.7700,10.4800,10.5300,430200
2005-01-21,10.6200,10.6500,10.1300,10.2000,576200
2005-01-24,10.3700,10.6000,10.1500,10.2000,863200
2005-01-25,10.3000,10.6600,10.2000,10.4400,591000
2005-01-26,10.5000,10.5800,10.1500,10.5600,561000
2005-01-27,10.5400,10.5700,10.2100,10.3400,369300
2005-01-28,10.3900,10.3900,9.9200,10.0500,558400
2005-01-31,10.2400,10.3500,10.0400,10.1700,392500
2005-02-01,10.3000,10.7500,10.1400,10.7100,490300
2005-02-02,10.7500,10.7500,10.3900,10.5700,453200
2005-02-03,10.6200,10.6300,10.2000,10.5700,373300
2005-02-04,10.5000,11.4200,10.5000,11.3000,804500
2005-02-07,11.4000,11.4400,10.9600,11.1200,461200
2005-02-08,11.2000,11.5000,10.8200,11.0150,551200
2005-02-09,11.0200,11.2200,10.4500,10.5500,523700
2005-02-10,10.5500,11.4700,10.5500,11.3200,901100
2005-02-11,11.3200,11.6200,11.2900,11.5500,1102700
2005-02-14,11.3900,11.8000,11.1000,11.2000,558900
2005-02-15,11.5600,11.5700,11.2400,11.4300,660000
2005-02-16,11.4300,11.5100,11.1900,11.4200,565800
2005-02-17,11.5000,11.7400,11.3100,11.5000,664600
2005-02-18,11.7000,11.7000,11.1100,11.4300,773100
2005-02-22,11.4400,11.5800,10.9500,11.0100,600800
2005-02-23,10.9800,11.5000,10.9240,11.4900,531700
2005-02-24,11.4100,11.7000,11.2300,11.6900,570700
2005-02-25,11.7000,11.9900,11.5500,11.9900,440200
2005-02-28,11.9900,11.9900,11.3400,11.5400,718800
2005-03-01,11.5400,11.9400,11.4200,11.7400,788400
2005-03-02,11.6600,11.8900,11.3000,11.4100,565400
2005-03-03,11.4400,11.9600,11.0800,11.4500,478500
2005-03-04,11.5400,11.5500,10.6600,10.6800,756400
2005-03-07,10.6600,11.0000,10.3600,10.4300,573400
2005-03-08,10.4700,10.5400,10.2800,10.3500,792700
2005-03-09,10.2700,10.4600,10.2000,10.3500,489300
2005-03-10,10.3300,10.7100,10.3300,10.4300,569800
2005-03-11,10.4100,10.5500,10.0700,10.1400,502700
2005-03-14,10.1100,10.7500,10.1100,10.6800,550600
2005-03-15,10.7400,10.8800,10.2600,10.3400,451800
2005-03-16,10.2700,10.5000,10.2400,10.2900,348200
2005-03-17,10.2800,10.4100,10.0900,10.3600,390100
2005-03-18,10.3900,10.5700,10.2700,10.4000,1048600
2005-03-21,10.4000,10.5000,10.0100,10.0900,478700
2005-03-22,10.1400,10.1940,9.9300,10.0100,508100
2005-03-23,9.9800,10.2000,9.8600,9.9600,589000
2005-03-24,9.9700,10.1300,9.8500,9.9200,217800
2005-03-28,9.9000,10.1500,9.6000,9.6400,405300
2005-03-29,9.6000,9.8400,9.2000,9.2300,618700
2005-03-30,9.2400,9.4600,9.2000,9.4600,467200
2005-03-31,9.4500,9.4500,9.2100,9.3600,451300
2005-04-01,9.3100,9.5900,9.0600,9.1000,518700
2005-04-04,9.2000,9.2985,8.7500,8.8300,662000
2005-04-05,8.9000,9.1000,8.6100,9.0100,781500
2005-04-06,9.1400,9.7400,9.1200,9.5000,691400
2005-04-07,9.6000,9.9600,9.4600,9.9600,611100
2005-04-08,9.9800,10.1500,9.9500,10.0000,721700
2005-04-11,10.0000,10.1900,9.9100,10.0300,494300
2005-04-12,9.9500,10.1600,9.4300,10.1300,567500
2005-04-13,10.0900,10.1600,9.5500,9.6400,487300
2005-04-14,9.6200,9.7900,9.4700,9.5100,318100
2005-04-15,9.3500,9.8700,9.3500,9.5700,645700
2005-04-18,9.5900,9.7700,9.3210,9.5500,499400
2005-04-19,9.5700,9.6540,9.3800,9.4600,490200
2005-04-20,9.5500,9.5500,9.1200,9.2800,559700
2005-04-21,9.3000,9.8000,9.3000,9.7200,487400
2005-04-22,9.8300,9.8300,9.4500,9.6900,387200
2005-04-25,9.7200,9.9800,9.6800,9.9600,333400
2005-04-26,9.9800,10.0400,9.2200,9.5700,835800
2005-04-27,9.5500,9.9100,9.2700,9.4500,508100
2005-04-28,9.4800,9.5100,9.0900,9.1900,500100
2005-04-29,9.1900,9.5900,9.0310,9.5300,397200
2005-05-02,9.5800,9.7500,9.2000,9.4200,517500
2005-05-03,9.4000,9.6800,9.3300,9.5700,386800
2005-05-04,9.6500,9.7300,9.5000,9.6700,488400
2005-05-05,9.6800,10.0000,9.5800,10.0000,458100
2005-05-06,10.0300,10.6700,9.8700,10.6500,696500
2005-05-09,10.7300,11.2700,10.6500,11.1900,784100
2005-05-10,12.6300,13.8200,12.1300,13.4000,23060200
2005-05-11,13.5200,13.6000,12.7700,13.4000,5647700
2005-05-12,13.4500,13.9300,13.1900,13.3900,3053000
2005-05-13,13.3600,13.6200,12.7100,12.7900,1956700
2005-05-16,12.8000,13.2000,12.2500,12.9800,1435900
2005-05-17,12.9000,13.3700,12.5000,13.2000,2545900
2005-05-18,13.3800,14.0500,13.2200,13.7000,3738800
2005-05-19,13.7500,14.4200,13.5100,14.0000,3204700
2005-05-20,14.4600,14.6080,14.2000,14.5500,4151600
2005-05-23,14.4700,14.5600,13.9100,14.0000,2277300
2005-05-24,14.0900,14.2800,13.9100,14.0100,1488100
2005-05-25,14.0100,14.1899,13.7800,13.9000,958000
2005-05-26,13.7900,14.4900,13.7100,14.0800,895200
2005-05-27,14.0300,14.1800,13.9100,14.0700,517800
2005-05-31,14.0400,14.2000,13.9200,13.9200,946600
2005-06-01,13.1000,13.5900,13.0600,13.3200,1768400
2005-06-02,13.2800,13.8000,13.2000,13.4900,1106400
2005-06-03,13.4200,13.5000,12.9100,13.0700,755800
2005-06-06,13.0100,13.0800,12.7600,12.9900,1046600
2005-06-07,12.9800,13.3500,12.9200,13.1900,1482000
2005-06-08,13.6200,13.7000,13.0300,13.3000,7133100
2005-06-09,13.1200,13.1900,12.9100,12.9900,2505000
2005-06-10,12.9500,13.2900,12.9000,13.1100,1039900
2005-06-13,13.1600,13.4000,13.1100,13.3000,729100
2005-06-14,13.2800,13.5500,13.1399,13.5500,953200
2005-06-15,13.5700,13.6400,12.9500,13.2300,1245000
2005-06-16,13.2500,14.1800,13.0200,13.9500,1784800
2005-06-17,14.0300,15.4400,13.8800,15.3000,4199700
2005-06-20,15.0000,16.1800,14.8900,15.9900,3631800
2005-06-21,16.0300,16.2300,15.8500,16.0000,1768400
2005-06-22,16.1000,16.1460,15.2700,15.7600,1336800
2005-06-23,15.6600,15.9800,15.3700,15.5000,987500
2005-06-24,15.4200,15.8000,15.3600,15.7800,1364700
2005-06-27,15.8000,16.0300,15.3700,15.6900,871500
2005-06-28,15.8200,16.7300,15.7100,16.2400,1721300
2005-06-29,16.2300,16.5700,16.2300,16.5200,1212600
2005-06-30,16.5800,17.0600,16.4700,16.8500,2216300
2005-07-01,17.0000,17.0100,16.0800,16.3300,1998700
2005-07-05,16.2100,16.2700,15.9100,16.1200,1367000
2005-07-06,16.1400,16.6000,16.0200,16.3700,809100
2005-07-07,16.1500,16.9000,16.0300,16.8300,1218800
2005-07-08,16.8300,17.1100,16.6000,16.9900,1436200
2005-07-11,17.1500,17.3100,16.7000,17.0100,1290400
2005-07-12,16.9500,17.0900,16.6500,16.8200,1763900
2005-07-13,16.8000,16.9500,16.5900,16.7700,547000
2005-07-14,16.9300,16.9900,16.4900,16.6100,734200
2005-07-15,16.6800,16.9000,16.1200,16.7400,1785600
2005-07-18,16.5700,16.9100,16.5100,16.8200,788700
2005-07-19,16.9900,17.0000,16.3500,16.7700,879800
2005-07-20,16.6500,17.7300,16.6000,17.6700,1509700
2005-07-21,17.5900,18.1400,17.4000,17.7300,1373800
2005-07-22,17.8000,17.9400,16.7600,17.1400,1336400
2005-07-25,17.0300,17.1200,16.3700,16.3700,1251600
2005-07-26,16.2700,16.9400,16.1900,16.9400,864700
2005-07-27,17.0000,17.0000,16.6400,16.9600,735900
2005-07-28,16.7700,16.9400,15.7500,16.2400,2012200
2005-07-29,16.2000,16.3000,15.7900,15.9500,1005300
2005-08-01,15.9300,16.2900,15.8600,16.1100,890000
2005-08-02,16.1800,16.5300,15.9100,16.5100,961300
2005-08-03,16.5600,16.6400,16.0100,16.0500,1218800
2005-08-04,16.0000,16.2000,15.3300,15.6300,1147200
2005-08-05,15.6500,16.5900,15.6500,16.2900,3051400
2005-08-08,16.3300,16.3300,15.5300,15.6900,1251200
2005-08-09,15.7000,15.9400,15.4400,15.5300,747900
2005-08-10,16.2200,16.2400,15.6000,15.6800,1038300
2005-08-11,15.8000,16.5700,15.7200,16.5700,1294500
2005-08-12,16.6000,17.0000,16.4259,16.9300,1473000
2005-08-15,16.9200,17.0800,16.8400,17.0300,929700
2005-08-16,17.0600,17.1900,16.5000,16.5200,1181800
2005-08-17,16.5500,16.7600,16.4000,16.5100,592000
2005-08-18,16.4900,16.5100,16.1700,16.3700,686700
2005-08-19,17.1400,19.2000,17.1300,18.8000,7458700
2005-08-22,18.9300,19.0140,17.9300,18.3000,2269400
2005-08-23,18.4000,18.4000,17.7100,17.8900,1818400
2005-08-24,17.9100,18.5600,17.8000,18.0500,890700
2005-08-25,18.1600,18.4600,17.8000,17.9000,699300
2005-08-26,17.9000,17.9100,17.4000,17.4500,732000
2005-08-29,17.3200,17.9300,17.2300,17.9300,653800
2005-08-30,17.9300,17.9900,17.6200,17.8400,1232100
2005-08-31,17.7600,18.5800,17.7100,18.4000,1007800
2005-09-01,18.4500,18.5500,18.0200,18.3300,907100
2005-09-02,18.2500,18.4900,17.8600,17.9000,706900
2005-09-06,17.9400,18.4700,17.9300,18.0300,958200
2005-09-07,18.1700,18.3200,17.4200,18.2100,760300
2005-09-08,18.2000,18.5500,17.8400,18.0400,489100
2005-09-09,18.0000,18.5000,18.0000,18.4800,930700
2005-09-12,18.4200,18.9600,18.3500,18.7100,890400
2005-09-13,18.7800,18.9800,18.6000,18.9100,987400
2005-09-14,18.7900,19.0060,18.2400,18.3700,697100
2005-09-15,18.5000,19.0000,18.4500,18.9200,880100
2005-09-16,18.8700,19.8200,18.8700,19.4000,2471800
2005-09-19,19.2200,19.6200,19.2200,19.2800,721900
2005-09-20,19.2300,19.6300,18.9800,19.1100,1359500
2005-09-21,19.1400,19.3900,18.8800,19.0300,897600
2005-09-22,19.1000,19.1500,18.4900,18.5600,811200
2005-09-23,18.6300,18.9800,18.3300,18.9600,1082500
2005-09-26,19.0000,19.4900,18.9200,19.4300,1574600
2005-09-27,19.5100,19.5500,18.8000,19.0600,884200
2005-09-28,19.1000,19.5000,18.7840,19.4800,750500
2005-09-29,19.5300,20.9700,19.5300,20.8800,2347400
2005-09-30,21.6600,22.6800,21.5700,22.3500,3522500
2005-10-03,22.4000,24.5100,22.3000,24.3100,3675700
2005-10-04,24.6800,25.6700,24.2100,24.3800,6023900
2005-10-05,24.4400,24.5200,22.3400,22.3500,2719300
2005-10-06,22.3600,22.4600,20.8500,21.2800,2637700
2005-10-07,21.2800,22.5500,21.0200,21.5100,1540900
2005-10-10,21.6700,22.0000,21.0800,21.2900,629200
2005-10-11,21.3600,21.7025,20.6000,20.8700,1231500
2005-10-12,21.9500,22.0000,20.3100,20.7900,2598700
2005-10-13,20.8600,22.1500,20.8000,22.1300,2654800
2005-10-14,22.4400,23.2940,22.1500,22.7000,1868900
2005-10-17,22.8200,23.0600,22.0000,22.6300,1048500
2005-10-18,22.5400,22.9500,22.3700,22.5500,1027900
2005-10-19,22.4700,22.8000,21.4000,22.7600,1185200
2005-10-20,22.6800,22.8200,22.2300,22.3000,865900
2005-10-21,22.3000,22.6200,21.5300,22.3500,1519400
2005-10-24,22.3700,23.6000,22.3700,23.4900,1359800
2005-10-25,23.5500,24.0000,23.2700,23.5900,963600
2005-10-26,23.4800,23.4800,21.8900,22.4000,1960200
2005-10-27,22.2700,23.1000,22.2000,22.2600,1167900
2005-10-28,22.2600,22.5000,21.1100,21.7000,1035000
2005-10-31,21.7000,22.9800,21.7000,22.7500,884600
2005-11-01,22.7700,24.2300,22.2500,23.3500,1388900
2005-11-02,23.4100,24.4700,23.3000,24.0000,1514100
2005-11-03,24.3700,24.5020,23.5000,23.7900,911400
2005-11-04,23.8800,24.2300,23.1400,23.8800,1095400
2005-11-07,24.0200,24.5000,23.9200,24.4900,1372400
2005-11-08,24.4900,24.7200,24.0800,24.5700,1299000
2005-11-09,24.7400,25.7000,24.6200,25.5700,2274500
2005-11-10,25.5700,25.8600,24.9000,25.6000,1891300
2005-11-11,26.0000,26.5800,25.2100,26.3300,2113700
2005-11-14,26.9000,27.0000,25.9000,26.1900,1459400
2005-11-15,26.2300,26.9000,25.6500,25.9900,1647900
2005-11-16,25.3300,25.9300,24.6800,25.0600,2345200
2005-11-17,25.2100,26.2700,25.1900,26.1300,1829300
2005-11-18,27.1650,27.1700,25.9400,26.8200,1380000
2005-11-21,24.9400,26.2200,24.8100,26.2000,2711900
2005-11-22,26.2900,26.5000,25.8810,26.3700,1345700
2005-11-23,26.2600,26.4600,25.9500,26.2600,869900
2005-11-25,26.3200,26.3200,26.0000,26.0400,371800
2005-11-28,26.2400,26.2400,24.8800,25.3500,1781400
2005-11-29,25.5400,25.5900,24.8030,25.1600,1397500
2005-11-30,25.2600,25.5700,24.7800,25.5000,1874600
2005-12-01,25.5500,25.8000,25.1600,25.7000,1323600
2005-12-02,25.6500,25.7500,24.8000,25.0400,1390200
2005-12-05,25.0400,25.2600,24.7101,25.1800,720800
2005-12-06,25.0650,25.1400,24.5500,24.7400,1287900
2005-12-07,25.2000,25.4200,24.6900,25.1000,801300
2005-12-08,25.6800,26.0500,25.2600,25.8600,2106400
2005-12-09,25.7400,26.5500,25.7350,26.4800,950000
2005-12-12,26.5800,26.7100,26.0000,26.2500,1043200
2005-12-13,26.7000,27.4800,26.1100,27.2600,1268500
2005-12-14,27.4900,27.8300,27.2500,27.3500,1625000
2005-12-15,27.4800,28.0000,27.2700,27.7000,1490000
2005-12-16,27.7900,28.0000,27.3400,27.6900,1594200
2005-12-19,27.6800,27.8400,27.0000,27.0900,998100
2005-12-20,27.0000,27.5200,26.6700,27.3800,910200
2005-12-21,27.3800,28.0000,27.0300,27.9100,1342400
2005-12-22,27.9800,29.0000,27.8400,28.9200,1112900
2005-12-23,29.0300,29.2400,28.6300,28.7900,566900
2005-12-27,28.9000,29.1000,27.9900,28.2000,612800
2005-12-28,28.1500,28.3800,27.5500,28.1200,767200
2005-12-29,28.2000,28.2600,27.4400,27.4800,517100
2005-12-30,27.4200,27.8500,26.6100,27.6700,963500
2006-01-03,27.8800,28.2000,26.5000,27.9000,1218100
2006-01-04,27.8000,28.7700,27.8000,28.3100,994200
2006-01-05,28.3600,29.5100,28.0300,29.4800,1292800
2006-01-06,30.2900,31.4100,29.9100,31.2800,2001200
2006-01-09,31.9300,34.2500,31.3200,33.0999,4799000
2006-01-10,33.0900,34.0792,32.8200,34.0400,2006400
2006-01-11,34.2500,34.9800,33.8700,33.9210,1987800
2006-01-12,34.0800,34.2500,33.0000,33.6700,1421100
2006-01-13,33.6500,33.9700,33.2310,33.8500,916100
2006-01-17,33.6000,34.2000,33.3100,33.5900,730700
2006-01-18,32.9600,34.6000,32.0600,34.3600,1232800
2006-01-19,34.8000,35.2000,34.0000,34.6900,1129000
2006-01-20,35.1000,35.6900,34.0100,34.4400,1589700
2006-01-23,34.5400,34.5600,32.8100,33.4600,1693600
2006-01-24,33.5400,33.7500,33.0000,33.5400,1062400
2006-01-25,33.6000,34.1500,33.2600,33.6800,962200
2006-01-26,34.0000,34.3300,33.6000,34.2100,689100
2006-01-27,34.3400,35.9700,34.1800,35.9500,1545500
2006-01-30,35.8700,36.2500,34.6100,34.8200,982400
2006-01-31,34.7800,35.7800,34.2300,35.7200,813500
2006-02-01,35.5300,36.6300,35.5300,36.0500,1102400
2006-02-02,35.9900,36.5400,34.7500,35.0800,982100
2006-02-03,35.0000,35.3600,34.4300,34.5400,1318800
2006-02-06,34.5200,34.7500,34.0000,34.3000,939200
2006-02-07,36.1200,37.8500,35.8000,36.1100,4380600
2006-02-08,35.9600,36.9300,35.8600,36.9300,1971700
2006-02-09,37.1000,37.6500,36.2100,36.4100,1330300
2006-02-10,36.4100,36.4200,34.6500,35.9000,1540100
2006-02-13,35.8200,35.8700,34.3300,34.4900,959500
2006-02-14,34.6300,36.4900,34.5500,36.1700,1449400
2006-02-15,36.2600,37.2000,36.1200,36.7200,981700
2006-02-16,36.8900,37.5000,36.6000,37.4100,941500
2006-02-17,37.5900,38.3800,37.0100,37.7300,1256400
2006-02-21,37.7000,37.9800,36.2100,37.3900,1522900
2006-02-22,37.7000,38.6800,37.2300,38.6400,1204500
2006-02-23,38.5000,42.3400,38.5000,41.6100,4268400
2006-02-24,41.6900,43.2000,41.6100,43.2000,2132600
2006-02-27,43.4100,44.7100,43.0100,44.2000,2196800
2006-02-28,44.0100,44.1400,42.1100,43.2400,2712100
2006-03-01,43.3700,44.3000,41.7500,44.1000,1972800
2006-03-02,43.4900,44.4900,43.2600,43.9900,1429400
2006-03-03,44.0000,44.3500,43.6300,43.8100,1407800
2006-03-06,43.8100,44.2300,43.1500,43.4200,1224100
2006-03-07,43.3800,43.3800,39.5900,39.6500,2912800
2006-03-08,38.8800,40.7840,37.6700,40.2800,3639000
2006-03-09,36.9500,38.1300,36.6900,37.9800,4648200
2006-03-10,37.6100,37.8500,36.3400,37.2000,2277900
2006-03-13,37.1400,37.7200,36.8700,36.9800,1373300
2006-03-14,36.8300,37.7500,36.6900,37.4500,1173600
2006-03-15,37.6400,39.4700,37.5100,39.2600,1831800
2006-03-16,39.4300,40.0900,39.2300,39.4900,1154400
2006-03-17,39.6900,40.5900,39.2100,40.5600,2011500
2006-03-20,40.6400,40.9000,39.3200,40.1900,1243400
2006-03-21,40.1500,40.2300,37.8500,37.9500,1569500
2006-03-22,37.7500,38.2000,36.9500,37.8500,1623200
2006-03-23,37.6800,37.8300,35.6400,36.0500,1938800
2006-03-24,36.0800,37.0400,36.0000,36.4500,1312800
2006-03-27,36.4500,36.6500,35.4500,35.5600,1113800
2006-03-28,35.3600,35.5600,34.6800,34.9200,1126500
2006-03-29,34.9000,36.5000,34.7200,35.8900,1171300
2006-03-30,36.0700,36.4300,34.8100,35.3100,1243500
2006-03-31,35.2000,36.6000,35.1300,36.5900,1739600
2006-04-03,36.6400,36.9800,35.6000,35.8500,1348900
2006-04-04,35.8100,36.5800,35.5000,36.3800,1246700
2006-04-05,36.3000,36.8700,35.8000,36.4100,926900
2006-04-06,36.3500,36.4300,33.3900,33.7800,2646800
2006-04-07,33.7400,33.8500,31.1000,32.3100,3578500
2006-04-10,32.6500,34.7400,32.5200,33.7200,3317300
2006-04-11,33.7200,34.0600,32.5200,32.7000,1790900
2006-04-12,34.0000,35.6000,34.0000,35.1300,2749400
2006-04-13,35.0200,36.2100,34.7600,35.7600,1196300
2006-04-17,35.7000,36.5900,35.2000,35.4700,1332600
2006-04-18,35.5700,37.4800,35.5700,37.2800,1527500
2006-04-19,37.5000,39.5700,37.3000,39.5000,3396700
2006-04-20,39.3500,40.0000,38.8990,39.2600,1900500
2006-04-21,39.7400,39.9600,38.5000,39.1700,1515000
2006-04-24,38.9100,39.0000,37.3600,38.3700,1447400
2006-04-25,38.5000,38.5000,36.6800,37.5000,1268500
2006-04-26,35.7800,35.9700,33.6000,34.8200,4025100
2006-04-27,34.7100,36.4900,34.5200,35.9600,2607200
2006-04-28,35.6500,36.7500,35.6200,36.3700,1115500
2006-05-01,37.2500,37.4500,35.3200,35.6500,1736000
2006-05-02,35.6000,35.6500,34.2400,34.5100,1590300
2006-05-03,34.2700,35.3600,34.2300,35.0200,1542500
2006-05-04,34.9400,35.7300,34.6300,35.5900,817800
2006-05-05,35.8800,37.1900,35.7500,36.9500,1072400
2006-05-08,37.0000,37.1500,36.0700,36.3100,545700
2006-05-09,36.1500,36.3300,35.4600,35.6500,681700
2006-05-10,35.4500,36.1400,34.9200,35.2800,828300
2006-05-11,35.5000,36.1300,34.8500,35.3000,1374300
2006-05-12,35.0100,35.2400,33.3900,34.2400,1587900
2006-05-15,33.7300,34.0700,32.5200,33.2100,1504700
2006-05-16,33.2000,33.3700,32.0500,32.3200,1451300
2006-05-17,31.9800,32.6700,30.5600,31.0300,1789100
2006-05-18,31.1000,31.9300,29.0000,29.2600,2479700
2006-05-19,29.4900,30.8000,29.1300,30.2500,2048000
2006-05-22,30.0500,30.4700,29.1000,29.4500,2036900
2006-05-23,29.9100,31.6500,29.9100,30.7500,2419100
2006-05-24,31.4500,32.2800,30.3300,31.9000,2625400
2006-05-25,32.1850,33.7900,32.1000,33.2300,1590900
2006-05-26,33.1000,33.8400,32.7200,33.7500,994900
2006-05-30,33.5800,33.9000,32.5000,32.6200,1082000
2006-05-31,32.8700,35.0000,32.8500,34.5000,4798800
2006-06-01,34.5000,34.9100,33.7400,34.3500,1664600
2006-06-02,34.6000,34.9700,34.0700,34.6700,1116400
2006-06-05,34.5000,34.7200,31.3800,31.4400,2146300
2006-06-06,31.4400,32.9000,30.7000,31.8900,1573000
2006-06-07,31.7600,33.0300,31.4100,31.7500,999900
2006-06-08,31.5100,32.2100,30.4700,31.9100,1535700
2006-06-09,32.2100,33.1900,31.4200,32.3000,1329300
2006-06-12,30.7500,32.3600,30.2000,30.4100,1343600
2006-06-13,30.5300,31.3300,29.5000,29.7800,1239800
2006-06-14,29.6900,31.4800,29.6800,31.3500,1460100
2006-06-15,31.5800,33.2900,31.5000,32.9800,1688600
2006-06-16,33.0000,33.2700,32.2800,33.0600,2751800
2006-06-19,32.9700,32.9800,30.7900,31.0600,1451900
2006-06-20,31.1400,31.6500,30.7300,31.1800,952600
2006-06-21,31.1500,32.9700,30.5600,32.6700,1203300
2006-06-22,32.5800,32.7600,30.8200,30.9900,1512800
2006-06-23,30.8100,31.9500,30.1400,31.6600,754400
2006-06-26,31.8500,32.5300,31.6500,32.1500,815100
2006-06-27,32.0300,32.1900,29.9400,30.2200,1070800
2006-06-28,30.3900,30.6400,29.1800,29.6200,1399100
2006-06-29,30.1200,32.0300,29.6900,32.0300,1639800
2006-06-30,36.0100,36.7500,34.1300,36.7100,14515300
2006-07-03,36.4500,36.8300,35.5200,36.5700,1151600
2006-07-05,36.2500,36.2500,35.2500,35.5600,1625500
2006-07-06,35.6000,36.8600,35.3000,36.3900,988300
2006-07-07,36.2000,36.3800,35.4000,35.9100,1154000
2006-07-10,36.0000,36.7000,34.9000,35.2200,684700
2006-07-11,35.1400,35.9100,34.8200,35.8400,782800
2006-07-12,35.7000,37.1000,35.6000,36.1400,1251000
2006-07-13,36.0000,36.1200,34.2600,34.6100,1076500
2006-07-14,35.3000,35.3800,33.6600,34.2900,1296500
2006-07-17,34.2400,34.7000,33.3200,33.5100,861200
2006-07-18,33.5800,33.9600,32.2600,32.9400,995400
2006-07-19,33.0400,35.3500,32.7800,35.2400,1314000
2006-07-20,35.3700,35.8700,34.8400,34.9900,1086500
2006-07-21,35.1300,35.1300,33.6900,34.3600,824200
2006-07-24,34.3700,35.3800,34.2500,35.0500,713700
2006-07-25,34.9500,35.7700,34.6200,35.6000,776100
2006-07-26,35.3200,35.9400,34.7600,35.5500,544300
2006-07-27,35.0700,35.1000,32.6000,33.3700,1958300
2006-07-28,33.4100,34.3300,32.9500,34.2500,983400
2006-07-31,34.1100,34.1300,32.8900,33.5200,1231600
2006-08-01,33.2300,33.4400,32.0500,32.5100,1004100
2006-08-02,32.7300,33.0500,32.1900,32.3500,1124600
2006-08-03,32.0600,32.8700,31.5900,32.7000,1040600
2006-08-04,32.8800,33.6600,31.9400,32.2700,910000
2006-08-07,32.2800,32.2800,31.5500,31.6700,887600
2006-08-08,31.7600,31.7750,30.2900,30.5900,1462400
2006-08-09,30.8800,31.3600,29.8800,30.1200,1034800
2006-08-10,30.0500,30.9700,29.7500,30.4400,1227300
2006-08-11,30.0500,30.7100,30.0500,30.3900,769000
2006-08-14,30.8200,31.5000,30.5400,30.6300,609300
2006-08-15,31.3500,31.7400,30.6000,31.5700,693700
2006-08-16,31.8500,32.3400,31.7400,32.2700,711900
2006-08-17,32.3200,32.9400,32.0000,32.7100,656600
2006-08-18,32.7900,32.9400,32.0000,32.7100,558300
2006-08-21,32.4300,33.1000,32.0400,32.3400,718300
2006-08-22,32.4500,32.9900,32.2500,32.7100,540900
2006-08-23,32.8700,32.8700,32.4400,32.7400,691200
2006-08-24,32.8300,33.0200,32.0400,32.2600,442600
2006-08-25,33.3400,35.7400,32.9100,35.4300,2163600
2006-08-28,35.3400,35.5600,34.8800,34.9500,972600
2006-08-29,34.8600,35.1500,34.3700,34.5700,1267000
2006-08-30,34.6000,35.0100,34.3100,34.9800,1045900
2006-08-31,35.6700,35.6700,34.3900,34.4500,1079500
2006-09-01,34.6300,36.3100,34.6200,36.2100,1419100
2006-09-05,36.3400,36.5000,35.7900,36.1500,853900
2006-09-06,36.1500,36.2000,34.6600,34.8100,965900
2006-09-07,34.8500,35.4200,34.1100,34.7400,833300
2006-09-08,34.8000,35.5300,34.7454,35.3400,1025200
2006-09-11,35.1900,35.3800,34.1300,34.8200,804600
2006-09-12,34.0500,34.6200,32.7700,34.5900,2007400
2006-09-13,34.3800,34.3900,33.4100,34.3400,1661900
2006-09-14,34.1000,34.4200,33.5000,33.5200,1236000
2006-09-15,33.8400,33.9000,32.6300,32.9800,5791600
2006-09-18,33.1100,33.1100,32.3000,32.6000,1567000
2006-09-19,32.4700,32.9200,32.1900,32.2200,1313000
2006-09-20,33.1500,33.6000,32.7600,33.2500,2290400
2006-09-21,33.2000,33.5000,32.2500,32.8300,978800
2006-09-22,32.6900,32.9400,31.6100,31.7000,1480600
2006-09-25,31.6000,32.2100,31.4000,31.6500,1574200
2006-09-26,31.7000,31.8000,31.4700,31.7400,1450600
2006-09-27,31.9000,32.9600,31.7100,32.7400,1480400
2006-09-28,34.1500,34.4100,33.0500,33.3900,1916400
2006-09-29,33.5200,33.7800,32.7600,33.6500,1638800
2006-10-02,33.5000,34.5800,33.3300,34.0600,2078500
2006-10-03,34.0000,34.8100,33.2800,33.9900,1375900
2006-10-04,33.8800,34.9000,33.8500,34.8800,1049300
2006-10-05,34.7200,36.9900,34.5300,36.7900,2198000
2006-10-06,36.7900,37.0000,36.0000,36.7100,1583000
2006-10-09,36.4700,37.3500,36.2500,37.1500,996600
2006-10-10,36.8000,37.9300,34.9500,36.1100,2384900
2006-10-11,35.8100,36.5800,35.1200,35.7800,1165100
2006-10-12,35.7800,36.4000,35.5300,36.2900,821100
2006-10-13,36.3200,36.3600,35.3000,36.0900,1424600
2006-10-16,36.0000,36.9400,35.6400,36.7700,952300
2006-10-17,36.4900,36.7900,35.5400,36.1400,1474000
2006-10-18,36.1900,37.1600,35.9100,36.1700,1066400
2006-10-19,36.5600,36.9700,36.0800,36.2400,1354800
2006-10-20,36.3800,36.4600,34.0000,34.1500,5037700
2006-10-23,34.0400,34.1500,32.9500,33.6900,2285400
2006-10-24,33.4900,33.8700,32.5000,33.3200,1558500
2006-10-25,33.3800,33.7500,33.1600,33.6300,875100
2006-10-26,33.7900,34.8100,33.6500,34.5700,1500800
2006-10-27,40.0000,41.5600,39.3600,40.6600,14520000
2006-10-30,40.1900,40.4400,39.2500,39.9200,2722900
2006-10-31,39.8100,40.6700,39.7800,40.6000,1744300
2006-11-01,40.6600,41.0100,39.7500,39.7800,1270400
2006-11-02,39.5800,39.8200,38.8300,39.6600,1043000
2006-11-03,39.8100,40.0900,38.8800,39.5600,924300
2006-11-06,39.7100,40.7500,39.4400,40.2700,1163900
2006-11-07,40.3700,43.0000,40.3700,41.9500,3103500
2006-11-08,41.5000,42.9200,40.9300,41.9400,1426800
2006-11-09,42.1400,42.4200,40.8200,41.1400,1159800
2006-11-10,41.0600,42.1900,40.3200,42.1200,1630000
2006-11-13,42.0000,43.4500,41.8800,42.4800,1267700
2006-11-14,42.4200,43.0000,41.8400,42.6900,1258600
2006-11-15,42.8900,44.2600,42.8300,43.9600,1780200
2006-11-16,44.7400,45.0000,44.1300,44.6600,1631500
2006-11-17,44.7600,44.8000,44.0400,44.5000,999800
2006-11-20,44.3100,45.3400,44.1700,45.1200,1375200
2006-11-21,44.5000,45.2000,43.7200,44.1200,1050300
2006-11-22,44.1900,45.0090,44.0000,44.9000,770600
2006-11-24,44.6300,44.9900,44.1700,44.9000,273800
2006-11-27,43.2800,44.6200,42.7210,42.9500,1685800
2006-11-28,42.8300,44.0300,42.6100,43.8200,2883100
2006-11-29,44.2100,44.9000,43.6300,44.8900,1757800
2006-11-30,44.8200,45.3800,43.9500,44.3000,1513100
2006-12-01,44.0100,44.6200,43.4000,44.1400,1131900
2006-12-04,44.4000,44.7900,43.3900,44.1900,1504200
2006-12-05,44.5000,44.7500,44.3200,44.5400,1765500
2006-12-06,44.7300,44.9800,44.2000,44.4800,919000
2006-12-07,44.4100,44.6700,43.2700,43.5900,2052200
2006-12-08,43.5700,43.5700,42.3000,43.2300,2465300
2006-12-11,43.5900,43.6000,39.4900,41.1400,5626400
2006-12-12,41.2000,41.4500,39.0900,39.4000,2989100
2006-12-13,36.3400,39.6500,36.2900,38.7000,7976000
2006-12-14,37.8100,39.0600,37.8100,38.7100,3174300
2006-12-15,38.8900,39.4800,38.4200,38.9300,4742800
2006-12-18,38.6300,39.2400,38.3500,38.5600,2105200
2006-12-19,38.3600,38.4300,37.3800,37.9900,1192100
2006-12-20,37.8900,38.0900,37.2900,37.4500,977900
2006-12-21,37.8800,38.3900,37.3100,37.5700,1551900
2006-12-22,37.5100,38.2700,37.2900,37.5100,1256500
2006-12-26,37.3300,37.5800,37.0000,37.1800,592600
2006-12-27,37.4400,37.9300,37.2900,37.3900,885400
2006-12-28,37.3900,38.2400,37.1700,37.8600,949400
2006-12-29,37.7000,37.8000,37.2200,37.4200,802300
2007-01-03,37.7800,38.2500,36.0000,36.9000,1801000
2007-01-04,36.9100,37.3800,36.1700,36.9900,1818600
2007-01-05,37.0200,37.0600,35.7800,35.8100,1548900
2007-01-08,36.0000,36.0000,33.4100,33.5500,4602600
2007-01-09,33.8700,35.0900,33.6600,33.8700,4322400
2007-01-10,33.6300,35.5800,33.5500,35.3700,2366300
2007-01-11,35.5000,36.2000,35.3500,36.0500,1542100
2007-01-12,36.0000,38.3400,36.0000,37.8000,2705000
2007-01-16,38.5000,38.9500,37.8200,38.4200,2883200
2007-01-17,38.1200,38.7000,37.6001,37.8900,2062100
2007-01-18,38.0300,38.4200,37.1900,37.3200,1343100
2007-01-19,37.3800,37.8000,36.8400,36.9000,1846100
2007-01-22,36.9800,37.0000,35.9000,35.9500,1996100
2007-01-23,35.8900,36.2700,35.6600,36.2300,2549100
2007-01-24,36.1700,36.6100,36.0000,36.2700,983400
2007-01-25,36.1600,36.2100,34.6200,35.0400,1937900
2007-01-26,35.0900,35.1700,34.2400,35.0300,1626400
2007-01-29,34.8000,35.5700,34.7300,35.3100,1391100
2007-01-30,35.4000,35.9200,35.1800,35.7800,1164800
2007-01-31,35.6700,35.8100,34.8900,35.3500,1544200
2007-02-01,35.2300,35.5500,34.2100,34.8000,1604800
2007-02-02,35.1200,35.1300,33.6900,33.7300,2422300
2007-02-05,33.6000,33.6000,32.4400,32.5200,2055500
2007-02-06,32.7000,33.1300,32.2300,33.0900,1590400
2007-02-07,33.0100,33.6500,32.6900,33.0800,1490400
2007-02-08,33.1300,33.3400,32.7300,33.0300,935300
2007-02-09,32.9500,33.1500,32.1900,32.3600,1073500
2007-02-12,32.2000,32.2300,31.6500,32.0100,893100
2007-02-13,31.9900,32.5400,31.1300,31.4700,1358400
2007-02-14,31.3600,32.2600,31.3600,32.0700,1320400
2007-02-15,31.9600,32.1100,31.4400,31.5500,1144800
2007-02-16,31.4200,31.6600,30.3800,30.5300,1826100
2007-02-20,30.2500,31.8100,30.0500,31.4200,1751200
2007-02-21,31.3500,31.5200,31.0500,31.4300,1179900
2007-02-22,31.4700,32.3600,31.2900,32.3300,1535400
2007-02-23,32.3000,32.9700,32.1000,32.1300,2129600
2007-02-26,32.1000,32.2300,31.2700,31.6200,1241100
2007-02-27,31.2000,31.8500,31.1300,31.3000,2488400
2007-02-28,31.2000,31.3400,30.6100,30.6900,2189500
2007-03-01,30.3600,30.5300,29.5500,30.0300,2172500
2007-03-02,29.9800,30.1540,29.2600,29.4600,2167100
2007-03-05,29.2100,30.0500,28.8100,28.8700,1952700
2007-03-06,29.2000,29.6700,28.7000,29.5100,2341500
2007-03-07,29.4000,29.6000,29.0100,29.5100,1530700
2007-03-08,29.8800,29.9400,28.9500,29.2800,1794300
2007-03-09,29.1800,29.7300,29.0100,29.2900,882500
2007-03-12,29.9200,30.9500,29.6900,30.4000,1845400
2007-03-13,30.1200,30.1800,29.0500,29.1100,1494400
2007-03-14,28.8300,28.8900,27.8200,28.0700,3015500
2007-03-15,28.1700,28.4200,27.8000,28.1700,1568800
2007-03-16,28.0900,28.2200,26.9800,27.0900,3011700
2007-03-19,27.2000,27.7800,27.0900,27.6500,2415500
2007-03-20,27.6600,28.0200,27.3100,27.8500,1261100
2007-03-21,27.8600,28.8300,27.5400,28.3600,2479500
2007-03-22,28.5700,28.9000,27.9900,28.0900,1761700
2007-03-23,28.2200,28.4800,27.8075,28.0500,955000
2007-03-26,28.0000,28.1900,27.5800,27.9100,848100
2007-03-27,28.2900,28.9200,27.5800,27.5900,1707300
2007-03-28,27.6408,28.0700,27.5500,27.8700,1739300
2007-03-29,27.9600,28.3400,27.6800,28.1200,1219800
2007-03-30,28.1600,28.6000,27.8100,28.0400,924700
2007-04-02,28.1400,28.4300,27.7000,27.9400,1134600
2007-04-03,28.1300,28.9600,28.0100,28.8900,1265300
2007-04-04,29.0000,30.0000,29.0000,29.8500,2382800
2007-04-05,29.9000,31.0000,29.8400,30.9200,2156300
2007-04-09,31.0000,31.6500,30.9500,31.5600,2225400
2007-04-10,31.5900,32.4800,31.5000,32.1200,3254400
2007-04-11,32.4000,32.5100,30.6000,31.0200,2776300
2007-04-12,31.2400,32.0500,31.0200,31.5500,3259300
2007-04-13,31.2500,31.4100,28.9600,30.1600,6048900
2007-04-16,28.6500,29.9300,28.2700,29.9300,8893500
2007-04-17,30.0000,32.2000,29.7000,31.6800,6072700
2007-04-18,31.6800,31.9900,31.1500,31.6500,2363400
2007-04-19,31.5200,31.6600,30.9500,31.0400,3380900
2007-04-20,31.4700,31.9900,31.0900,31.8800,2184600
2007-04-23,31.3300,31.8600,30.8400,31.5400,2078000
2007-04-24,31.5500,31.5500,30.7500,31.2100,1261600
2007-04-25,31.0400,31.3400,30.7600,31.3300,2060500
2007-04-26,31.0700,31.5000,30.8900,31.4400,1125400
2007-04-27,31.3200,31.5500,31.0000,31.3600,981000
2007-04-30,31.4300,31.5300,30.7000,30.7400,1206100
2007-05-01,30.7500,30.8900,29.6700,30.1900,2136700
2007-05-02,30.1800,31.0000,30.0800,30.7300,1557700
2007-05-03,30.6000,30.8500,30.1500,30.7700,825500
2007-05-04,30.8400,30.9700,30.1000,30.4700,805900
2007-05-07,30.6800,30.7600,30.3300,30.4200,1196300
2007-05-08,30.3100,30.4200,29.6300,30.2600,1901400
2007-05-09,30.1000,30.7600,29.9400,30.6300,2265300
2007-05-10,30.3700,30.4500,29.4785,29.6300,2017900
2007-05-11,29.5800,30.1200,29.4001,30.0700,1565300
2007-05-14,30.0500,30.7500,29.9500,30.4200,1522400
2007-05-15,30.4700,32.0600,30.2300,31.6800,3894300
2007-05-16,31.7300,32.3700,31.3400,32.3500,2156800
2007-05-17,32.1900,32.2600,31.1900,31.4000,1838100
2007-05-18,31.4100,31.5600,30.8300,31.4600,1951000
2007-05-21,31.4600,31.9200,31.3000,31.6100,1220600
2007-05-22,31.5500,31.7500,31.3500,31.4500,1085400
2007-05-23,31.5500,31.7400,31.0010,31.4600,1482900
2007-05-24,31.3400,31.4500,30.4000,30.5800,2141900
2007-05-25,30.6000,30.8400,30.3100,30.6500,719600
2007-05-29,30.4700,30.7500,30.1400,30.5100,934900
2007-05-30,30.4400,30.4900,29.8900,30.1300,1362400
2007-05-31,30.0300,30.1600,29.5200,29.8999,1816900
2007-06-01,29.9300,30.2500,29.4400,29.6600,1562600
2007-06-04,29.4800,30.0400,29.3200,29.4700,1332400
2007-06-05,29.4300,29.6900,29.0200,29.5300,1238900
2007-06-06,29.4800,29.4800,28.6600,28.7500,1464900
2007-06-07,28.5500,28.7400,27.7200,28.0800,1845500
2007-06-08,27.8000,28.0000,27.3800,27.7300,1923600
2007-06-11,27.8200,27.8200,27.0500,27.1700,1742800
2007-06-12,27.1800,27.4000,26.6300,26.8900,2291200
2007-06-13,26.9000,27.4700,26.7100,27.3500,3000900
2007-06-14,27.3500,27.8400,27.3000,27.3200,1975300
2007-06-15,27.7400,28.0200,27.5100,27.6900,2665600
2007-06-18,27.6400,27.7900,27.1800,27.3700,1339700
2007-06-19,27.2000,27.3600,27.0700,27.2700,1465200
2007-06-20,27.2200,27.4600,27.0000,27.2200,1759700
2007-06-21,27.1800,27.2200,26.7600,26.8700,1949400
2007-06-22,26.9200,26.9300,25.9400,26.2000,2292100
2007-06-25,26.0100,26.4400,25.6100,26.0500,1715500
2007-06-26,26.6600,27.0900,26.0900,26.3900,2702100
2007-06-27,26.3600,28.1400,26.2000,28.1000,3138400
2007-06-28,28.1200,28.8800,28.0000,28.6200,2767300
2007-06-29,28.8000,28.9800,28.2100,28.5600,2032400
2007-07-02,28.5900,28.9500,28.0400,28.3900,1407500
2007-07-03,28.3600,28.5900,28.0600,28.1600,659600
2007-07-05,28.3000,28.8300,27.5500,28.7100,2278700
2007-07-06,28.6500,28.7900,28.2600,28.7400,888200
2007-07-09,28.7500,28.7500,28.0100,28.4400,1642900
2007-07-10,28.3100,28.8600,28.0500,28.5100,1098100
2007-07-11,28.5100,28.5300,27.9700,28.2500,1598400
2007-07-12,28.4400,29.5000,28.1900,29.4000,1636600
2007-07-13,29.3700,29.4900,28.8000,29.1500,1219200
2007-07-16,29.1700,29.1700,28.6700,28.8600,775600
2007-07-17,28.8100,29.0900,28.6200,28.9000,939500
2007-07-18,28.8300,29.2300,28.5600,29.1500,1204500
2007-07-19,29.5100,29.8600,29.1000,29.6400,1461800
2007-07-20,29.8400,29.8400,29.0000,29.3200,2122700
2007-07-23,29.5200,29.6000,28.9000,29.2400,1341600
2007-07-24,29.0900,29.9900,28.8800,29.7200,2363800
2007-07-25,30.1900,33.0000,30.1500,32.9800,6130500
2007-07-26,32.9100,33.8500,32.3900,32.8300,3861600
2007-07-27,32.8800,33.1000,31.8500,32.4400,2949100
2007-07-30,32.4000,32.8500,32.0900,32.6000,2860300
2007-07-31,32.9000,33.2500,32.3000,32.3000,1986100
2007-08-01,32.2000,32.7600,31.9800,32.6000,1681500
2007-08-02,32.8800,33.2300,32.5400,33.1700,1309300
2007-08-03,33.2400,33.7600,32.8300,33.2200,2607400
2007-08-06,33.4900,36.2400,33.2300,35.7600,4501500
2007-08-07,35.6200,38.2500,35.4480,37.6900,5756000
2007-08-08,37.9900,39.8000,37.4000,38.5000,4505000
2007-08-09,37.6000,39.1800,37.4800,38.1900,4071800
2007-08-10,37.9700,38.0000,35.5000,36.5900,4120500
2007-08-13,37.0000,37.0400,35.5000,35.9500,1822700
2007-08-14,36.2000,36.2888,35.0000,35.1000,1226000
2007-08-15,34.9000,36.7600,34.7000,34.9000,1737700
2007-08-16,34.7000,36.2100,34.2290,35.7300,2280900
2007-08-17,35.7500,36.9100,35.0000,36.8700,2261100
2007-08-20,36.4500,36.9100,35.9000,36.8000,1516700
2007-08-21,36.5600,38.0000,36.5600,37.4100,1403900
2007-08-22,37.9000,37.9300,36.8000,36.9600,931800
2007-08-23,37.0000,37.3200,36.1300,36.3800,926200
2007-08-24,36.2500,37.3600,36.2500,37.3400,857700
2007-08-27,37.2600,37.7900,36.8600,36.8900,768700
2007-08-28,36.7100,36.9300,36.0000,36.2000,952300
2007-08-29,36.5100,37.7100,35.9500,37.6600,1149600
2007-08-30,37.3900,38.8100,37.2000,38.1200,1485000
2007-08-31,38.7300,39.0100,38.0500,38.9600,949500
2007-09-04,39.3400,39.9500,39.2600,39.5600,1997800
2007-09-05,39.5400,40.1000,39.5000,39.9800,1755300
2007-09-06,40.2500,41.4200,40.1800,40.5000,1196500
2007-09-07,40.2900,40.6000,39.5000,39.7500,1198500
2007-09-10,39.5900,40.5000,39.1301,39.8500,719700
2007-09-11,40.2300,40.5200,39.8400,40.3900,718100
2007-09-12,39.9600,41.0000,39.7900,40.5600,591000
2007-09-13,40.9700,40.9900,39.6500,40.1000,780600
2007-09-14,39.7500,40.5900,39.4500,40.4000,1122600
2007-09-17,40.0400,40.3000,38.2900,38.3900,1420500
2007-09-18,38.7100,39.4000,38.3300,39.3700,1447000
2007-09-19,39.3600,40.1000,37.3300,38.6800,3042500
2007-09-20,38.3700,39.3300,38.3300,38.7200,1236200
2007-09-21,38.7700,39.3400,38.2400,38.2400,1737500
2007-09-24,38.3600,38.6900,37.6300,38.6500,902600
2007-09-25,38.6100,38.8600,38.0600,38.5100,1100800
2007-09-26,38.8000,39.2000,37.8800,37.9900,1155400
2007-09-27,37.9900,38.2300,37.6100,38.0000,1219500
2007-09-28,37.0600,38.4100,36.8200,38.4100,2563500
2007-10-01,38.4600,39.4800,38.4100,38.9800,2244300
2007-10-02,39.0300,39.0300,37.2200,37.4600,1745700
2007-10-03,37.4700,37.9800,37.1300,37.2700,1143200
2007-10-04,37.2300,37.9100,37.0500,37.4100,1026500
2007-10-05,37.5600,37.5600,36.5800,37.3600,1497700
2007-10-08,37.3600,37.3600,35.9700,36.5900,1286700
2007-10-09,36.4900,36.5070,35.1400,35.6300,1698100
2007-10-10,35.4800,36.6000,35.4000,36.3500,1684700
2007-10-11,36.3500,37.2300,36.1200,36.2800,1237600
2007-10-12,36.2400,36.9700,35.3600,35.7700,1363700
2007-10-15,35.5500,36.5099,35.5500,36.0800,1190200
2007-10-16,36.0000,36.4100,35.6100,35.8100,1138400
2007-10-17,36.1600,36.4400,34.8600,35.8200,991300
2007-10-18,32.7000,33.0000,28.7800,31.1000,16416300
2007-10-19,30.7800,31.5300,29.5000,30.7300,3391100
2007-10-22,30.5600,32.2000,30.1700,31.8200,2929900
2007-10-23,31.5200,32.2600,31.1500,32.2600,2022500
2007-10-24,31.9400,32.2925,31.0300,31.8700,1779600
2007-10-25,32.3000,32.6000,31.6500,32.3000,1720300
2007-10-26,32.5600,32.7900,31.8500,32.3100,1459300
2007-10-29,32.0900,32.9400,32.0000,32.9400,1452000
2007-10-30,31.6600,32.4900,31.6200,31.9400,2492800
2007-10-31,31.9400,32.3900,31.2900,32.3400,1909800
2007-11-01,32.3000,32.3400,31.5000,31.6400,1711400
2007-11-02,28.9400,29.8700,26.6500,28.9000,9227800
2007-11-05,25.9700,26.0000,22.9200,24.0800,11767100
2007-11-06,24.0100,26.2500,24.0100,25.0500,6810500
2007-11-07,24.8100,25.2800,24.3800,24.7700,3103300
2007-11-08,25.8800,26.1200,24.7700,25.5600,3601800
2007-11-09,25.1500,26.3100,24.8300,25.4200,2379300
2007-11-12,25.4000,26.9900,25.1000,26.0600,2669200
2007-11-13,26.0600,26.3400,25.4000,26.2300,2269400
2007-11-14,26.0800,26.6600,25.6100,25.9600,1746200
2007-11-15,26.0000,27.1500,25.7200,26.1200,2142500
2007-11-16,26.3300,26.5100,25.6800,25.7100,1536400
2007-11-19,25.6300,25.6300,24.8400,25.0800,2475400
2007-11-20,25.3500,25.8600,23.8700,24.5700,2820600
2007-11-21,23.1000,23.8200,22.9500,23.5400,3420500
2007-11-23,23.5100,24.1000,23.3500,24.0000,730300
2007-11-26,24.0800,24.5300,23.6700,23.7600,1215500
2007-11-27,24.1100,24.5400,23.5400,24.2200,1796900
2007-11-28,24.5500,25.2400,24.3500,25.1200,1796100
2007-11-29,25.0800,25.2400,24.6100,25.1000,1183900
2007-11-30,25.3000,25.5800,25.0500,25.3900,1482700
2007-12-03,25.0400,25.2600,24.6100,25.0000,1491200
2007-12-04,24.9500,25.2200,24.7000,24.8200,1571000
2007-12-05,25.2900,25.7000,25.1000,25.5000,1607500
2007-12-06,25.4500,26.0600,25.1000,25.9100,1615300
2007-12-07,25.6900,26.0500,25.2300,25.4900,1048700
2007-12-10,25.4900,25.7200,25.0900,25.4700,1619500
2007-12-11,25.4100,26.0600,25.0700,25.1700,1756300
2007-12-12,25.7900,25.9400,24.7500,25.1300,2128700
2007-12-13,24.2500,25.0700,24.1880,24.9200,1166100
2007-12-14,24.7500,25.0100,24.4800,24.8500,1103700
2007-12-17,24.9800,25.1800,24.3800,24.3900,1478000
2007-12-18,24.4400,25.0600,24.2800,24.9300,1392000
2007-12-19,24.8200,25.1800,24.4700,24.8200,1017900
2007-12-20,25.0000,25.1000,24.5800,24.9900,1375000
2007-12-21,25.4900,25.8000,24.4800,24.9200,2457600
2007-12-24,24.9100,25.0000,24.5700,24.9100,446500
2007-12-26,24.7000,25.0000,24.6400,24.7800,963900
2007-12-27,24.8500,24.9500,23.7700,23.8400,1172400
2007-12-28,23.9400,24.2000,23.0500,23.4700,1446500
2007-12-31,23.2000,23.6400,22.8000,23.2300,1518200
2008-01-02,23.2500,23.5100,22.9300,23.1500,1421600
2008-01-03,21.8600,22.6400,20.7100,21.4400,5570700
2008-01-04,21.3000,22.2000,20.9200,21.5000,3378600
2008-01-07,21.2600,21.5700,20.7400,20.9400,2337200
2008-01-08,20.9600,22.1800,20.8500,21.8600,2756700
2008-01-09,21.6000,21.9600,21.2900,21.7100,2279800
2008-01-10,21.5600,22.6400,21.5600,22.3600,1925200
2008-01-11,22.0800,22.8900,22.0000,22.6000,1447900
2008-01-14,22.8900,22.9100,22.2900,22.4100,1592900
2008-01-15,21.1600,23.0500,21.1500,22.7300,2423900
2008-01-16,24.0800,24.6700,23.3400,23.7000,3553100
2008-01-17,23.8900,24.2700,23.1400,23.5200,2668700
2008-01-18,23.3800,23.5200,22.4200,22.8300,2820800
2008-01-22,22.2600,23.0100,22.1100,22.3700,1769700
2008-01-23,20.2000,21.4500,19.1300,20.0200,8026500
2008-01-24,19.7500,19.8500,18.8000,19.2600,4580400
2008-01-25,19.3900,19.3900,18.8100,19.1700,3596600
2008-01-28,19.1700,20.6000,19.1200,20.2600,2442800
2008-01-29,20.5000,21.3000,20.4700,20.6500,2116800
2008-01-30,20.5100,20.6600,20.0600,20.0600,1639900
2008-01-31,20.1400,20.4400,19.9200,20.3600,1570300
2008-02-01,20.5100,20.8600,19.8600,20.5700,1631000
2008-02-04,20.4900,20.5900,20.0800,20.3000,1888500
2008-02-05,20.0700,20.0900,19.4700,19.6400,1780500
2008-02-06,19.8600,19.8600,19.0200,19.3800,2485500
2008-02-07,19.2500,19.3800,18.4800,19.0100,2258600
2008-02-08,18.9600,19.2500,17.5900,18.1000,3577800
2008-02-11,18.2500,18.2600,17.8600,18.2100,2200400
2008-02-12,16.3800,17.2900,16.0400,17.1400,12942000
2008-02-13,18.3500,19.5400,18.1200,19.1400,10082600
2008-02-14,19.0100,19.1300,18.3500,18.4800,3569400
2008-02-15,18.3500,18.5000,17.7900,18.3900,3104300
2008-02-19,18.6000,18.6000,17.7900,17.8000,3475800
2008-02-20,17.6900,18.0800,17.3700,18.0600,3356800
2008-02-21,17.9800,18.1100,17.6200,17.7300,3531500
2008-02-22,17.6500,18.1400,17.5700,18.0900,3811000
2008-02-25,18.2700,19.5700,18.1900,18.4800,6400800
2008-02-26,18.5000,19.5200,18.2200,19.1400,3013200
2008-02-27,19.1600,19.2300,18.3800,18.6200,1732500
2008-02-28,18.5200,18.7700,18.2000,18.4200,1636800
2008-02-29,17.9700,18.3500,17.1800,17.5000,3364000
2008-03-03,17.4800,17.8900,17.3600,17.5800,1673100
2008-03-04,17.5300,17.5300,16.9400,17.4100,1894700
2008-03-05,17.4200,17.6900,16.8100,16.9499,2056700
2008-03-06,16.8600,17.1800,15.9100,15.9200,2660600
2008-03-07,15.8600,16.2000,15.4700,16.0600,3356800
2008-03-10,16.0300,16.0300,14.5200,14.5900,3226100
2008-03-11,15.1000,15.1600,13.8400,14.8200,5009600
2008-03-12,14.9900,16.0000,14.9500,15.5000,4424300
2008-03-13,15.4900,15.6200,14.9900,15.3000,4081100
2008-03-14,15.4300,15.5300,14.8900,15.4400,3304100
2008-03-17,15.0700,15.3600,14.5400,14.7200,2366100
2008-03-18,14.9000,15.0400,14.2200,15.0200,3066500
2008-03-19,14.9700,15.8600,14.9700,15.5500,3306600
2008-03-20,15.5500,16.5400,15.4500,16.4600,4214700
2008-03-24,16.4700,18.1100,16.4700,17.8900,3678500
2008-03-25,18.0000,18.6600,17.9000,18.2000,3018800
2008-03-26,18.0800,18.4200,17.6700,17.8300,1545900
2008-03-27,18.2400,20.1700,18.1000,19.2300,5029500
2008-03-28,19.2700,19.4700,18.5500,18.6600,2600800
2008-03-31,20.3400,24.2000,19.9900,23.8900,17809700
2008-04-01,23.4000,25.6000,23.4000,25.4100,9992100
2008-04-02,25.3100,25.5200,24.5900,24.8100,4340300
2008-04-03,24.9200,25.9200,24.5900,25.4000,2867900
2008-04-04,25.5400,26.5500,25.4400,26.2900,3335800
2008-04-07,26.2400,26.4300,25.7700,25.9000,1514200
2008-04-08,25.8500,26.2900,25.6000,26.0900,1608000
2008-04-09,26.3400,26.5100,25.3600,26.4900,2691700
2008-04-10,26.5600,27.2360,26.1500,26.2900,3381200
2008-04-11,26.2000,26.2899,25.3800,25.6500,1411300
2008-04-14,25.6500,26.0300,25.1500,25.9000,1810500
2008-04-15,25.8900,26.1300,24.8800,25.9000,2438500
2008-04-16,25.8700,26.4200,25.7500,26.0700,1828100
2008-04-17,26.0000,26.6900,25.4700,25.4700,1650700
2008-04-18,25.9500,26.3800,25.3000,25.7600,2237300
2008-04-21,25.7000,26.7300,25.4900,26.3300,1779100
2008-04-22,26.6500,28.6600,26.5400,27.0000,4155300
2008-04-23,27.3000,27.4400,25.0900,25.9500,3973900
2008-04-24,25.2400,25.3400,23.7500,24.9000,4737600
2008-04-25,24.8500,25.7300,24.4900,25.7200,2523400
2008-04-28,26.0000,26.2000,24.8900,25.7700,3078400
2008-04-29,25.9100,26.6400,25.8000,26.3900,2330100
2008-04-30,26.3700,26.6600,25.2800,25.5200,1886100
2008-05-01,25.7100,26.6200,25.4700,26.5000,1364400
2008-05-02,26.6200,26.9000,25.9300,26.2900,1051900
2008-05-05,26.3500,26.4600,25.7175,26.2800,988000
2008-05-06,26.2000,26.6400,25.9100,26.3900,1284600
2008-05-07,26.3300,26.5000,25.2200,25.5000,1353300
2008-05-08,25.7000,26.9100,25.7000,26.5300,1726700
2008-05-09,26.2600,27.1800,26.0000,26.9000,1911000
2008-05-12,27.0100,27.8000,26.9900,27.7000,1353700
2008-05-13,27.7000,27.7000,26.6100,26.9200,1821300
2008-05-14,27.0800,27.5000,26.6000,27.0100,1893600
2008-05-15,27.1100,28.0800,26.9500,27.8600,1671500
2008-05-16,28.0000,28.0300,27.1000,27.6600,1261800
2008-05-19,27.5100,28.3100,27.4300,27.4800,979300
2008-05-20,27.4700,28.1399,27.2400,27.4800,1240700
2008-05-21,26.7500,26.7500,25.0100,26.0700,4076500
2008-05-22,26.1500,27.2600,26.1500,27.0100,1609500
2008-05-23,26.9900,27.1400,26.0800,26.3800,1096800
2008-05-27,26.4000,27.3400,26.3100,27.2400,949300
2008-05-28,27.2300,27.2400,26.5000,26.9600,850600
2008-05-29,26.9800,28.6200,26.9600,28.4500,1624000
2008-05-30,28.3100,28.8100,28.0000,28.6300,1647400
2008-06-02,28.4100,28.6900,27.8700,28.5500,1976500
2008-06-03,28.7800,29.7800,28.5700,29.5300,3594300
2008-06-04,27.6700,29.3800,27.2300,28.8500,3545500
2008-06-05,31.0500,33.1700,31.0500,32.6300,8367600
2008-06-06,32.5800,33.0000,32.1400,32.2400,3528000
2008-06-09,34.4800,34.9700,32.2500,33.0600,5871500
2008-06-10,33.1000,33.6500,32.9600,33.1400,2747900
2008-06-11,33.0800,33.2900,31.9300,31.9700,2605000
2008-06-12,32.3900,32.9400,31.9300,32.0800,2146900
2008-06-13,32.4700,33.5600,32.1000,33.5600,2202800
2008-06-16,33.2100,33.4900,32.6200,33.4900,2072100
2008-06-17,33.5000,33.5200,32.8700,33.4900,1146800
2008-06-18,33.1200,33.8300,33.1200,33.2000,2077000
2008-06-19,33.2000,34.1500,33.1300,33.9000,1805000
2008-06-20,33.2000,34.1400,32.8701,33.3600,3194400
2008-06-23,33.6500,33.9100,31.6600,31.6600,3398800
2008-06-24,31.3900,31.9100,30.7800,31.0800,3365300
2008-06-25,31.1800,33.3000,31.0500,32.9000,2470500
2008-06-26,32.3800,32.9600,32.1701,32.5700,1734000
2008-06-27,32.3900,32.7600,31.9000,32.5000,2030200
2008-06-30,32.3600,33.9400,32.1800,33.4700,1950300
2008-07-01,33.3500,34.4700,32.8600,34.3100,3175200
2008-07-02,34.2200,34.9400,33.9800,34.0300,2748100
2008-07-03,34.3100,34.4100,33.0900,33.9700,1282600
2008-07-07,34.0400,34.3400,32.1700,33.0700,2257600
2008-07-08,32.9000,34.6800,32.7300,34.6800,1771800
2008-07-09,34.6800,35.0000,33.5500,33.6700,2143400
2008-07-10,33.6700,33.6700,32.6800,33.5000,1950000
2008-07-11,32.9700,33.6300,32.7700,33.1900,1579300
2008-07-14,32.9700,33.6100,32.1200,32.3700,2067800
2008-07-15,32.1000,33.2300,31.6400,32.2300,3868200
2008-07-16,32.0500,33.5400,31.8700,32.9600,2226700
2008-07-17,33.3900,34.1800,32.3100,32.5600,3232200
2008-07-18,32.3300,32.5900,31.6400,31.9200,2600300
2008-07-21,31.8900,33.3800,31.6600,31.7200,1634900
2008-07-22,31.6400,31.9900,30.8800,31.5200,1865200
2008-07-23,31.4300,33.1300,31.3205,32.7600,1891500
2008-07-24,32.5700,32.8900,31.4300,31.5100,3005100
2008-07-25,31.6100,32.6600,31.2000,32.5800,1461200
2008-07-28,32.3500,33.6100,31.8100,32.0700,2003800
2008-07-29,32.6100,33.2200,32.2800,33.0100,1576600
2008-07-30,33.1200,33.3500,31.3100,33.1800,2066100
2008-07-31,33.1100,34.9900,33.1100,34.5000,4242900
2008-08-01,33.0900,34.5800,32.6000,32.7000,4275700
2008-08-04,28.3400,30.0100,27.7300,29.9500,9966700
2008-08-05,30.5000,31.2500,30.4900,31.2500,2828800
2008-08-06,30.6700,31.5600,30.2700,31.5400,2332900
2008-08-07,31.3000,31.4700,28.2700,28.9700,4018100
2008-08-08,29.8900,29.9300,28.7000,28.8900,3346000
2008-08-11,28.7600,29.2700,28.2600,29.2700,2454400
2008-08-12,29.2900,30.3500,29.0300,29.9100,3063000
2008-08-13,29.6200,30.2200,28.5100,28.8700,2654500
2008-08-14,29.0200,30.0800,29.0100,29.9700,3518600
2008-08-15,30.0000,30.0600,28.3200,28.4600,2373500
2008-08-18,29.1200,29.1200,27.4700,27.7200,2535900
2008-08-19,27.7900,28.4700,27.3800,28.1000,3131100
2008-08-20,28.1000,28.4100,26.0300,26.3200,4128700
2008-08-21,26.5200,26.9900,25.9700,26.8200,3106400
2008-08-22,26.9990,27.2050,26.6200,27.0800,2066100
2008-08-25,26.8500,27.1700,26.3700,26.6500,1633900
2008-08-26,26.5100,27.4400,26.5000,27.2300,1838400
2008-08-27,27.4700,27.4800,26.6500,27.0300,1794900
2008-08-28,27.2000,27.3600,26.8500,27.2900,1072200
2008-08-29,27.1600,27.1600,26.6200,26.8600,1114800
2008-09-02,27.3500,28.2200,26.5200,26.7300,1789500
2008-09-03,26.2600,26.5000,25.4400,26.3200,5222900
2008-09-04,26.0200,26.4800,25.6000,25.6000,2969700
2008-09-05,25.8900,26.5100,25.3500,26.2400,2715100
2008-09-08,26.3700,26.9300,25.6700,25.9200,1910500
2008-09-09,25.8300,26.3400,25.7500,25.8600,2185000
2008-09-10,26.2300,27.0600,25.3600,26.9400,2863300
2008-09-11,26.5700,28.3600,26.3200,28.0100,2882700
2008-09-12,27.7300,28.0000,26.9300,27.0000,1972100
2008-09-15,26.1000,27.7400,25.8700,26.5300,2829100
2008-09-16,26.0600,28.2500,26.0600,28.1500,2614900
2008-09-17,27.6500,28.8300,26.4100,26.5700,2759200
2008-09-18,25.8100,28.0500,24.6200,27.9100,6450100
2008-09-19,28.6400,29.8900,26.8700,29.2500,4770300
2008-09-22,28.8600,29.2500,27.6700,27.6700,1482900
2008-09-23,27.8700,28.1400,26.8400,27.3000,1521300
2008-09-24,27.8200,32.4300,27.7000,31.6600,6714600
2008-09-25,32.0100,33.5800,31.6200,33.0600,3965600
2008-09-26,32.9400,34.7100,32.5800,33.9000,4327900
2008-09-29,33.2200,34.1400,32.5000,33.0000,3247500
2008-09-30,33.8200,33.9900,31.2900,33.2400,4558400
2008-10-01,33.0800,33.1900,32.2000,32.6500,1688100
2008-10-02,32.6300,33.1100,30.8500,30.8600,2373500
2008-10-03,30.8600,32.5500,29.0200,29.1000,3348200
2008-10-06,29.2100,29.2100,24.2600,27.8800,5428400
2008-10-07,27.4000,28.4800,26.3600,26.6600,2674900
2008-10-08,25.5300,27.5200,24.8200,26.5700,3218600
2008-10-09,26.9100,27.9800,25.4900,26.0600,2649000
2008-10-10,24.5800,26.5000,23.0300,25.4400,4488500
2008-10-13,26.0100,29.1100,25.6900,28.8900,2365900
2008-10-14,28.9800,29.3100,27.5000,27.6000,3051400
2008-10-15,27.1600,28.2000,24.5200,24.7800,3101700
2008-10-16,24.9900,25.8002,23.5600,25.8000,3258500
2008-10-17,25.2900,27.8200,24.3000,25.6800,2432900
2008-10-20,26.0600,26.3800,23.4200,26.0500,3117800
2008-10-21,25.7500,26.2900,24.2800,24.4600,1444500
2008-10-22,24.2300,24.3200,22.4700,22.7600,2503600
2008-10-23,22.9300,23.5000,20.4100,21.6600,2560500
2008-10-24,20.0800,21.5100,19.2900,20.9700,1766100
2008-10-27,21.0600,22.3700,20.5000,21.2100,2268300
2008-10-28,21.0900,22.3800,18.4300,20.7200,4075600
2008-10-29,20.4000,23.7700,19.9300,22.3000,3627900
2008-10-30,22.7300,25.0100,22.3800,24.7300,2678800
2008-10-31,24.6100,26.3600,24.1100,26.2100,2352800
2008-11-03,26.8300,27.5660,26.3700,26.8800,1991500
2008-11-04,27.3500,28.5800,26.2200,28.5400,2166600
2008-11-05,28.6500,28.8500,27.1900,27.5200,1785100
2008-11-06,26.7500,27.5300,26.4700,26.8900,1647400
2008-11-07,27.2000,27.7400,26.7800,27.7400,1332700
2008-11-10,28.1500,29.0000,27.1400,27.3000,1217400
2008-11-11,26.8200,27.6100,26.5100,27.0100,1591900
2008-11-12,26.5500,27.3700,26.4800,26.7000,2090700
2008-11-13,27.0800,28.9500,26.3900,28.9500,3060400
2008-11-14,28.3000,28.8300,27.3100,27.5000,2435100
2008-11-17,27.1300,27.5800,26.5000,26.6700,2770100
2008-11-18,26.5300,26.9300,25.6000,26.3200,2326200
2008-11-19,25.8000,27.1000,23.2150,23.3700,3630200
2008-11-20,23.4000,23.5500,21.7000,22.1700,3405300
2008-11-21,22.2300,22.3100,19.8700,21.1400,2943700
2008-11-24,21.5400,22.7100,21.2100,22.5900,2268000
2008-11-25,22.0100,23.1500,21.6700,23.0200,1884100
2008-11-26,22.7400,24.7400,22.1300,24.6700,1590500
2008-11-28,24.4300,24.5900,23.7900,24.5900,419700
2008-12-01,24.2100,24.5700,21.1800,21.2100,2535200
2008-12-02,21.6700,22.4200,20.9400,22.0800,2054000
2008-12-03,21.5700,23.5600,21.3700,23.3400,1573400
2008-12-04,22.8000,23.1800,21.8660,22.3200,1298700
2008-12-05,22.1700,24.1000,21.3100,24.0500,1644500
2008-12-08,24.3700,25.3000,23.8000,25.0500,1608000
2008-12-09,24.8300,25.6800,24.1600,24.4500,1537200
2008-12-10,24.7100,26.0000,24.7100,24.9800,1858700
2008-12-11,24.9700,26.0600,24.5000,24.6500,1393900
2008-12-12,24.2900,25.9200,24.0000,25.8100,883800
2008-12-15,26.0400,26.1950,24.7300,25.1700,1046200
2008-12-16,25.5000,28.0000,25.1600,27.9700,1833200
2008-12-17,27.2300,28.5800,27.0500,27.6400,2516000
2008-12-18,28.2500,29.1600,27.9100,29.1600,2246200
2008-12-19,30.2000,30.4500,29.1600,29.8200,2856600
2008-12-22,29.7400,29.9400,27.9800,28.8700,1308400
2008-12-23,28.9800,29.6000,28.7800,29.1700,1012100
2008-12-24,29.0400,29.4100,28.6000,28.9900,279500
2008-12-26,29.2360,29.5800,28.6800,29.5000,433200
2008-12-29,29.2600,29.5000,28.0500,28.7500,717000
2008-12-30,28.9800,30.4700,28.5200,30.4100,1302400
2008-12-31,30.5000,30.9700,29.8500,30.3800,1166500
2009-01-02,30.2740,30.7300,29.5700,30.6900,1216600
2009-01-05,30.6300,32.2700,30.2400,32.1500,2331600
2009-01-06,31.9200,32.6500,30.7500,31.6300,2055600
2009-01-07,31.2100,31.8500,30.7800,31.5200,1703300
2009-01-08,31.4600,31.7700,30.3300,31.7700,1867600
2009-01-09,31.8500,31.8500,29.5000,29.9100,1752800
2009-01-12,30.0400,30.3000,28.8600,29.5200,1549800
2009-01-13,29.6200,31.7200,29.3340,31.2300,2139700
2009-01-14,30.7600,31.5400,29.8500,30.0300,1726200
2009-01-15,30.1100,31.1000,29.1700,30.8600,1626200
2009-01-16,31.0000,31.3600,30.0700,30.7500,2045700
2009-01-20,30.8400,31.9900,29.3800,29.4800,2449600
2009-01-21,29.9100,31.6000,29.7800,31.5300,2656600
2009-01-22,30.7600,31.7500,30.5000,30.9800,1387700
2009-01-23,30.4500,31.7000,30.2700,30.9400,1103900
2009-01-26,31.0100,32.1300,31.0100,31.4300,1427900
2009-01-27,31.5600,31.8900,31.0300,31.6400,1800700
2009-01-28,31.6000,32.9900,31.4400,32.5400,1371600
2009-01-29,32.3200,33.9800,32.1900,33.7200,2793000
2009-01-30,33.6700,33.8400,32.9800,33.0500,1948500
2009-02-02,32.8500,32.9750,32.2900,32.7500,2389300
2009-02-03,32.7900,33.2400,31.9900,33.2000,1845500
2009-02-04,32.8900,34.1700,32.8900,33.3900,1432700
2009-02-05,33.1000,34.2000,32.9100,33.9600,1490400
2009-02-06,34.7300,35.9700,34.5900,35.0000,2794800
2009-02-09,34.6700,34.8000,32.9400,33.5300,2141400
2009-02-10,33.2000,33.2000,30.6600,31.4900,3578600
2009-02-11,31.6200,32.2600,31.2700,31.8800,1454600
2009-02-12,31.5600,33.2900,31.4600,33.2900,1720600
2009-02-13,33.3000,33.7000,32.7300,33.2900,1314500
2009-02-17,32.5200,33.4900,32.3600,33.1000,1746800
2009-02-18,33.2700,33.3500,32.1000,32.5600,1358100
2009-02-19,33.0960,34.3400,33.0000,33.7000,4705600
2009-02-20,33.3400,33.8000,32.8800,33.0600,2636500
2009-02-23,33.1600,33.5000,32.8200,32.8900,2271400
2009-02-24,33.1500,33.6800,32.8110,33.5800,2325800
2009-02-25,33.4300,34.2500,32.7600,33.0600,2433900
2009-02-26,33.1300,33.4600,32.1800,33.0000,3802000
2009-02-27,32.4600,32.7200,29.5600,30.1400,5051200
2009-03-02,28.8600,29.1600,26.6700,27.2300,3768200
2009-03-03,27.2300,28.4800,27.2300,27.9600,3206300
2009-03-04,29.3700,29.3900,27.4400,28.0300,3649700
2009-03-05,27.8700,28.6900,27.4800,27.9600,2733400
2009-03-06,28.0400,28.5900,27.5600,27.7700,2977900
2009-03-09,27.5500,28.2500,26.8900,26.9600,1942800
2009-03-10,27.4500,28.7500,27.1200,28.4400,2562700
2009-03-11,28.5700,29.0200,27.0500,27.1500,2259000
2009-03-12,27.0700,29.5300,27.0000,29.2600,2004000
2009-03-13,29.2600,29.6000,28.4600,29.1000,1730900
2009-03-16,28.5000,29.6500,27.3400,27.4600,3329000
2009-03-17,27.6400,28.9000,27.4200,28.7600,2790800
2009-03-18,28.9000,29.8000,28.3499,29.5000,4144800
2009-03-19,29.7500,30.0000,28.7500,29.3300,2208300
2009-03-20,29.3200,30.1400,28.6900,28.7900,3884400
2009-03-23,29.5000,30.2900,29.0400,30.1200,1765700
2009-03-24,29.5600,30.2200,29.1800,29.1800,1280400
2009-03-25,29.5400,30.0200,28.3700,29.1700,1509900
2009-03-26,29.6800,30.1900,29.1100,30.1800,2808400
2009-03-27,29.6500,30.0000,29.3900,29.4300,1558200
2009-03-30,29.0200,29.4100,28.2200,28.6700,2371700
2009-03-31,28.8900,29.3300,28.3600,28.7300,1917800
2009-04-01,28.4600,28.5200,27.8100,28.4800,1787600
2009-04-02,28.4800,28.8260,28.1700,28.3400,1905100
2009-04-03,28.7500,28.7500,26.9100,27.3300,1968500
2009-04-06,26.9200,27.2400,26.4200,27.0500,2014100
2009-04-07,26.7700,26.8100,26.0300,26.2300,1428200
2009-04-08,26.6900,26.7500,26.1400,26.5600,1758100
2009-04-09,26.9000,27.1700,26.4300,26.8700,1718100
2009-04-13,26.5000,27.3600,26.4200,27.3100,1580000
2009-04-14,27.3100,28.9200,27.0200,27.4500,3738800
2009-04-15,27.1900,27.4300,26.5600,27.0600,2082000
2009-04-16,27.3700,28.3700,27.1100,27.8300,2329000
2009-04-17,27.9300,28.4300,27.2700,28.0300,2336300
2009-04-20,27.4300,28.2200,27.4300,27.6100,2309000
2009-04-21,27.6500,27.9800,26.4100,27.0200,2048000
2009-04-22,26.6100,27.6500,26.5100,26.8300,1996800
2009-04-23,26.0000,26.7300,25.9400,26.6200,2332000
2009-04-24,26.9200,27.3000,26.3800,27.0400,2375400
2009-04-27,27.3000,29.3900,27.3000,29.0200,3711300
2009-04-28,28.8500,32.2000,28.5800,31.8800,6068300
2009-04-29,32.2600,32.3500,31.2600,32.1000,2572700
2009-04-30,32.4600,32.8000,30.4500,30.8200,3176000
2009-05-01,30.8300,30.8600,29.8500,30.2600,1689700
2009-05-04,30.5000,31.0000,29.7800,30.5100,1563600
2009-05-05,30.6000,30.6000,29.6300,30.2000,1430300
2009-05-06,30.2200,30.3200,28.6700,28.7900,2025300
2009-05-07,28.7100,29.2600,28.5700,29.0900,2064600
2009-05-08,28.8900,30.6492,28.8900,30.4500,2304000
2009-05-11,30.0200,30.9500,29.6300,30.6800,2069100
2009-05-12,31.0000,31.0500,29.7100,29.9300,1398200
2009-05-13,29.7400,30.1200,28.7300,28.9800,1592900
2009-05-14,29.0900,29.8000,28.5500,28.9600,1875900
2009-05-15,28.7300,28.9600,28.1200,28.5400,1203500
2009-05-18,28.6000,29.1400,28.0700,29.1000,1518700
2009-05-19,29.0000,29.4700,28.7000,29.3400,1227700
2009-05-20,29.4400,29.5500,29.0300,29.4700,2285200
2009-05-21,29.3600,29.4400,28.5600,28.8500,1912500
2009-05-22,28.8700,29.1400,28.6100,29.0500,1156100
2009-05-26,28.5100,29.8100,28.1500,29.6200,1514200
2009-05-27,29.5900,29.9300,29.0500,29.1600,2532600
2009-05-28,29.2100,29.3500,28.5700,28.7800,1150100
2009-05-29,28.8100,29.8200,28.1800,29.7700,2457900
2009-06-01,30.0000,30.2000,29.5900,30.0400,1710400
2009-06-02,29.1400,31.0000,29.0300,30.8300,1947900
2009-06-03,30.7000,31.6400,30.4100,31.5200,1801300
2009-06-04,31.6800,31.7800,30.2900,30.4000,1608100
2009-06-05,30.6400,30.8500,30.1500,30.7800,1098200
2009-06-08,30.4500,31.0600,30.1850,30.8000,1427300
2009-06-09,31.0100,31.0500,30.3700,30.5500,1033100
2009-06-10,30.6300,30.8500,29.8400,30.1300,1633800
2009-06-11,30.1400,31.0800,30.1350,30.9200,1592900
2009-06-12,30.7400,31.6500,30.6600,31.5300,1424400
2009-06-15,31.4000,31.4000,30.6900,30.9500,1337300
2009-06-16,31.3800,31.5400,30.5000,30.7100,865900
2009-06-17,30.6800,32.3000,30.6800,31.8700,1720800
2009-06-18,31.7400,32.8000,31.4600,32.7700,1589700
2009-06-19,33.1400,33.6400,32.9600,33.3600,2163100
2009-06-22,33.0000,33.2700,32.4630,33.1100,1729800
2009-06-23,33.0900,34.0200,32.7800,33.7800,2652700
2009-06-24,33.7000,34.3000,33.1300,34.0100,1616200
2009-06-25,33.6600,35.0000,33.3100,34.9600,1785000
2009-06-26,35.1400,36.1999,34.8500,36.0400,3810600
2009-06-29,35.8900,36.3000,35.1100,36.0000,2382900
2009-06-30,36.0000,36.1900,35.2700,35.9700,1809900
2009-07-01,35.6100,35.9300,34.4200,34.5600,1812900
2009-07-02,34.1300,34.2700,33.7700,33.9500,1461400
2009-07-06,33.7100,34.4900,33.6100,33.9200,1287000
2009-07-07,33.9000,34.2800,33.0400,33.0700,1379400
2009-07-08,33.4000,34.0300,33.2900,33.6700,1632000
2009-07-09,33.3400,34.0700,33.2300,33.3900,1044600
2009-07-10,33.1400,33.5600,32.3855,32.8900,1050900
2009-07-13,32.8500,33.1300,31.8500,32.9900,1127100
2009-07-14,32.8400,33.0800,32.3400,32.4000,1396200
2009-07-15,32.5000,33.1600,32.4200,32.9800,1595000
2009-07-16,32.8900,33.7300,32.8300,33.2300,1455300
2009-07-17,33.4100,33.8600,32.5800,33.5300,886200
2009-07-20,33.3300,33.9300,32.9500,33.4600,1145200
2009-07-21,33.7100,34.0600,33.0500,34.0300,1287000
2009-07-22,33.9600,34.5000,33.5800,34.0500,1115400
2009-07-23,33.7700,35.9400,33.4300,35.4900,1688900
2009-07-24,35.1900,35.9800,35.0100,35.9700,915700
2009-07-27,35.5700,36.0000,35.4500,35.9300,743800
2009-07-28,35.8500,36.1200,35.4700,36.0900,981700
2009-07-29,36.0100,36.9800,35.9300,36.2300,1183400
2009-07-30,36.5900,36.7400,35.8900,36.0900,1258000
2009-07-31,36.1700,36.6700,35.6900,36.0100,927700
2009-08-03,36.2600,36.5000,35.8100,36.4800,1032500
2009-08-04,36.3900,38.3100,36.1800,37.7500,2752300
2009-08-05,37.8000,37.9800,36.7600,36.9500,2252700
2009-08-06,36.5800,36.7900,34.5600,34.9100,2712500
2009-08-07,35.2300,35.9000,34.6100,34.8400,1556200
2009-08-10,34.5800,34.8900,34.3300,34.5200,1343400
2009-08-11,34.3200,34.9500,33.7000,33.8200,1326400
2009-08-12,33.7800,34.5900,33.6100,33.9900,1273000
2009-08-13,34.1100,34.7800,33.9100,34.5000,1329500
2009-08-14,34.3300,34.8700,33.8300,34.3200,983600
2009-08-17,33.8200,34.0000,33.5000,33.7600,1369400
2009-08-18,33.8200,34.6000,33.1900,34.5600,1527300
2009-08-19,34.3100,36.0900,34.2600,36.0900,1893800
2009-08-20,36.1200,36.3400,35.7700,36.3200,913500
2009-08-21,36.4600,37.2900,36.0700,37.1600,1630300
2009-08-24,37.1500,37.1500,36.4000,36.8100,917600
2009-08-25,36.7300,37.0200,36.4700,36.7400,1246500
2009-08-26,36.3200,37.0500,36.3200,36.7600,1057400
2009-08-27,36.8700,37.4000,36.1500,37.3700,1470400
2009-08-28,37.4000,37.6400,36.8200,37.3400,802200
2009-08-31,36.9400,37.4500,36.4800,37.4100,1717500
2009-09-01,37.1700,38.2500,36.5700,36.8700,1531900
2009-09-02,36.8600,36.9960,35.7900,35.8500,1412500
2009-09-03,36.0700,36.0700,35.3300,35.9500,1151900
2009-09-04,36.0800,36.5800,35.6600,36.3200,986400
2009-09-08,36.3100,36.8100,35.8700,36.7100,934000
2009-09-09,36.6900,37.3100,36.5400,36.9200,1414700
2009-09-10,36.9000,37.0700,35.8100,36.0400,2100300
2009-09-11,36.0500,36.4500,35.6200,35.9200,1518500
2009-09-14,35.7600,36.9100,35.7500,36.9000,899400
2009-09-15,36.7600,37.0800,36.2800,36.9800,1014800
2009-09-16,36.9100,37.2100,36.4350,37.2000,1694800
2009-09-17,37.2500,38.5000,37.1400,37.9500,1842300
2009-09-18,37.8900,38.1900,37.2515,37.5500,2454500
2009-09-21,37.4500,38.2100,37.2700,38.1100,1161500
2009-09-22,38.1700,38.1700,36.8300,36.9800,1401700
2009-09-23,37.2400,37.2400,36.3200,36.5000,1087500
2009-09-24,36.5600,36.6500,35.5100,36.0300,992200
2009-09-25,36.1300,36.8700,35.9700,36.3900,948000
2009-09-28,36.6500,37.7700,36.4000,37.6900,1108900
2009-09-29,37.6800,38.0000,37.2000,37.7900,1704900
2009-09-30,37.7100,38.1500,37.0000,37.9000,1217800
2009-10-01,36.8800,37.0600,34.2100,34.2100,4797500
2009-10-02,34.5800,35.6100,34.3600,34.9900,2947500
2009-10-05,35.0200,35.3700,33.7800,33.7800,3184100
2009-10-06,34.0000,34.6000,33.1900,33.7500,1939200
2009-10-07,33.7500,34.1400,33.4700,33.7500,1934500
2009-10-08,34.1350,34.1400,33.0000,33.1600,2517100
2009-10-09,33.1400,33.8400,32.8650,33.7500,2282300
2009-10-12,34.0000,34.1500,33.3200,33.4600,1282300
2009-10-13,33.5100,33.8700,33.4010,33.6200,1347300
2009-10-14,33.8400,34.5800,33.6501,34.3200,2187900
2009-10-15,34.1700,35.4900,34.0801,35.2600,2532000
2009-10-16,35.2500,35.4500,34.7400,34.8500,2254100
2009-10-19,34.8500,35.0200,34.1000,34.8300,1509900
2009-10-20,34.4600,34.5800,32.9900,33.2300,2524400
2009-10-21,33.0200,33.4900,32.8800,32.9000,2336900
2009-10-22,32.9000,33.1900,32.8200,32.9100,1981300
2009-10-23,32.7400,32.9100,32.3300,32.5000,2496600
2009-10-26,32.4500,32.6700,31.8275,32.1100,2589900
2009-10-27,32.1900,33.7000,31.9338,33.3700,3858500
2009-10-28,33.6000,34.6600,33.0900,33.1000,3756200
2009-10-29,33.4000,34.0800,33.2400,33.8500,2821800
2009-10-30,33.7300,34.8000,33.5500,33.5600,3917100
2009-11-02,37.1300,38.6800,36.0100,36.1500,9237200
2009-11-03,36.1200,37.2500,36.0400,36.9100,3042500
2009-11-04,37.7800,38.1700,36.8200,36.8900,2969200
2009-11-05,36.9400,38.7500,36.9200,38.7400,3799000
2009-11-06,38.6000,39.5000,38.0901,39.2200,3076800
2009-11-09,39.2200,40.0000,39.0700,39.9900,2685800
2009-11-10,39.5600,41.1300,39.5000,40.6900,3308200
2009-11-11,40.6500,41.7500,40.6500,41.1000,4134300
2009-11-12,41.1800,41.3000,40.0700,40.8400,2074900
2009-11-13,40.7900,41.0500,40.4500,40.5800,1982100
2009-11-16,40.5200,41.0000,40.4100,40.5000,2560900
2009-11-17,40.0500,40.6000,39.7100,40.5400,2227400
2009-11-18,40.5000,40.5400,39.2600,39.5100,1773500
2009-11-19,39.5500,39.7700,38.7100,38.9200,2345500
2009-11-20,38.7000,39.1500,38.5400,38.5400,1590800
2009-11-23,38.9600,39.7300,38.6600,39.3600,1437200
2009-11-24,39.1700,39.4200,38.4900,39.0600,1251500
2009-11-25,39.1300,39.6800,39.1100,39.3800,906500
2009-11-27,38.5500,39.3800,38.4200,39.0000,545000
2009-11-30,39.0000,39.1200,38.4150,38.8200,1596200
2009-12-01,39.0600,40.2000,38.8200,39.8600,1781900
2009-12-02,39.7000,40.0500,39.3400,39.4900,1403800
2009-12-03,39.9800,40.3900,38.9700,40.2200,7632200
2009-12-04,40.2300,40.4400,39.1600,39.6300,2292700
2009-12-07,39.7000,39.8000,38.8900,39.1900,1299800
2009-12-08,39.0000,39.8500,38.6681,39.8200,1725200
2009-12-09,39.6400,40.2800,39.1300,40.1800,1868100
2009-12-10,40.1600,40.6200,39.8000,40.2900,1454000
2009-12-11,40.3900,40.5900,39.4000,39.9000,1349300
2009-12-14,39.7600,40.6400,39.7200,40.6000,1432300
2009-12-15,40.3700,41.5700,40.2200,41.5600,3133000
2009-12-16,41.6200,42.5200,41.3100,42.5100,2827200
2009-12-17,42.2700,42.6100,41.1300,41.1300,2574300
2009-12-18,41.1000,42.3500,41.0000,42.3400,5747400
2009-12-21,42.3000,42.7200,41.7400,42.1500,2016600
2009-12-22,42.1500,43.0200,42.0200,42.9000,1471100
2009-12-23,43.0100,43.1600,42.5500,42.6500,1174300
2009-12-24,42.6700,43.0400,42.3500,43.0400,283100
2009-12-28,43.0000,43.5300,42.9200,43.2200,742100
2009-12-29,43.4000,43.5300,43.0900,43.3500,1081800
2009-12-30,43.5300,44.0400,43.3750,43.5500,921500
2009-12-31,43.4900,43.5800,42.8100,42.8500,864500
2010-01-04,42.8500,44.2400,42.8000,44.2400,1744900
2010-01-05,43.0600,43.3500,42.5000,42.7800,2456500
2010-01-06,42.5100,42.8700,41.8600,42.0300,2313700
2010-01-07,42.0000,42.4900,41.4400,41.5000,1873200
2010-01-08,41.4500,41.5000,40.4100,40.6700,3687900
2010-01-11,40.8100,42.1300,40.5000,41.8300,2193100
2010-01-12,41.8700,42.6100,41.1107,41.7900,2179400
2010-01-13,41.8000,42.9400,41.6000,42.7200,1601300
2010-01-14,42.4800,42.6900,41.1100,41.3000,1892600
2010-01-15,41.7400,41.7400,39.8000,40.2100,2367300
2010-01-19,40.3300,41.7800,40.3300,41.6800,2199700
2010-01-20,41.4300,41.8600,40.6100,40.7400,1614900
2010-01-21,40.9600,40.9600,39.5400,39.8500,1876600
2010-01-22,39.8800,40.7500,39.8800,40.1400,1345400
2010-01-25,40.2300,40.3400,39.4100,39.5200,1107800
2010-01-26,39.5000,39.7500,38.9500,39.0200,1430000
2010-01-27,38.8100,39.3400,38.6300,39.0000,1908200
2010-01-28,39.0100,39.3700,38.2000,38.6500,1486200
2010-01-29,38.7500,39.1700,38.3600,38.4000,1322600
2010-02-01,39.9300,39.9300,39.1800,39.3400,2358300
2010-02-02,39.2500,40.5000,38.9300,40.4900,2024000
2010-02-03,40.3600,40.4219,39.5400,40.2300,1427300
2010-02-04,39.7800,39.8400,38.2700,38.4200,2192500
2010-02-05,38.5000,38.6800,36.1500,37.6100,3571200
2010-02-08,37.0000,37.6000,37.0000,37.4200,1685900
2010-02-09,37.7400,38.3600,37.3300,37.9000,1208400
2010-02-10,37.7700,37.9000,37.1100,37.5000,693800
2010-02-11,37.5800,39.0000,37.4800,38.1000,1927300
2010-02-12,37.9900,38.3900,37.7600,38.3800,1311300
2010-02-16,38.4600,38.7300,37.8000,38.6800,1017300
2010-02-17,38.8000,39.9800,38.7400,39.7800,1522300
2010-02-18,39.9300,40.4300,39.9300,40.2500,1282500
2010-02-19,40.2300,40.7150,40.2300,40.7000,982800
2010-02-22,40.7200,40.7350,39.6300,39.9200,1187100
2010-02-23,39.6100,40.1600,39.0400,39.4200,1637500
2010-02-24,39.7000,40.5100,39.7000,40.3600,1393700
2010-02-25,39.9300,40.1900,39.1800,40.1400,1107800
2010-02-26,40.1800,40.6200,39.5100,40.5400,1355700
2010-03-01,40.6600,41.7800,40.6100,41.4300,1164300
2010-03-02,41.8300,42.0300,41.2700,41.8400,1105100
2010-03-03,41.7900,42.1100,41.7100,41.9800,1367000
2010-03-04,42.0000,42.0800,41.2500,41.6000,875600
2010-03-05,41.6200,41.8600,41.3900,41.5200,940200
2010-03-08,41.3300,41.5500,41.2600,41.4000,687800
2010-03-09,41.1800,42.1900,41.1700,42.0800,1635900
2010-03-10,42.2200,43.1400,42.1100,43.0200,3012000
2010-03-11,42.8900,43.1050,42.4000,43.0000,1037900
2010-03-12,43.0400,43.4600,42.5200,43.4600,1188500
2010-03-15,43.3900,43.7300,42.7500,43.2400,1428600
2010-03-16,43.3200,43.9400,43.2300,43.7100,1513500
2010-03-17,43.6400,43.9100,42.3900,42.4000,2101700
2010-03-18,42.3600,42.6800,41.5800,41.7000,2066500
2010-03-19,42.0500,42.7200,41.9100,42.7200,3983700
2010-03-22,42.6100,42.9500,42.3300,42.4800,1139900
2010-03-23,42.3300,42.4600,42.0200,42.1800,1087100
2010-03-24,42.1600,42.3800,41.5800,41.7100,1413200
2010-03-25,41.9100,42.1200,41.5400,41.5500,1207800
2010-03-26,41.7800,42.1200,41.2901,41.6100,1210000
2010-03-29,41.7300,41.9400,40.9700,41.1600,1369300
2010-03-30,41.2500,41.3900,40.7100,40.8600,1535400
2010-03-31,40.8900,41.6700,40.8300,40.8700,1904900
2010-04-01,41.0800,41.6171,40.6000,40.8500,1778600
2010-04-05,40.8600,41.0500,40.5300,40.6500,1439200
2010-04-06,40.5100,40.6600,40.0600,40.4700,2434600
2010-04-07,40.3100,41.4500,40.1200,40.4900,2799900
2010-04-08,40.4300,40.5000,39.4200,39.8100,2224600
2010-04-09,40.0100,40.0100,39.2200,39.6800,1525000
2010-04-12,38.7700,39.7500,38.2201,39.2600,2763600
2010-04-13,39.2400,40.1700,38.9400,40.0100,2185200
2010-04-14,40.0850,40.2100,39.5075,39.9900,1292400
2010-04-15,39.7600,40.2200,39.2300,39.6600,1627100
2010-04-16,39.6200,40.1200,38.9200,39.9900,2677000
2010-04-19,40.0000,40.2600,39.6600,40.0400,2245500
2010-04-20,40.2300,40.5500,39.7050,40.5000,1603200
2010-04-21,40.3700,40.4700,39.1000,39.3500,1920000
2010-04-22,39.0600,39.0600,37.9800,38.0900,2325600
2010-04-23,38.4200,38.8100,37.8700,38.7500,1435800
2010-04-26,38.6300,38.9877,38.3800,38.5000,932000
2010-04-27,38.5000,39.3000,38.5000,38.6700,2351900
2010-04-28,38.7800,38.9900,38.3602,38.5400,1139900
2010-04-29,38.6000,39.6400,38.4200,39.5500,1247600
2010-04-30,39.0600,39.8300,38.6900,38.7700,1343800
2010-05-03,38.7700,39.2900,38.3800,38.9700,1208400
2010-05-04,38.4900,38.9600,37.9500,38.4700,1964200
2010-05-05,38.2000,38.6800,37.0000,37.5500,2933300
2010-05-06,37.6800,37.6800,34.2600,36.9000,4164900
2010-05-07,36.8300,37.0900,34.9300,35.9000,3380600
2010-05-10,37.5000,37.6200,36.9701,37.5500,2379100
2010-05-11,37.2200,38.4600,37.0200,38.1100,1777100
2010-05-12,38.0600,38.9400,37.7800,38.7700,1604800
2010-05-13,38.2400,38.9200,38.1000,38.4800,1501500
2010-05-14,38.3900,38.5600,37.1400,37.4600,1636600
2010-05-17,38.0550,38.7300,36.6900,37.5600,1437100
2010-05-18,37.7600,38.0825,37.0700,37.0900,1002100
2010-05-19,37.1100,37.7200,36.7800,37.4200,1772200
2010-05-20,36.7600,36.8800,35.4800,35.5800,2155600
2010-05-21,35.3400,35.6400,34.0600,34.1200,5269000
2010-05-24,34.0500,35.2000,34.0000,34.2600,2596600
2010-05-25,33.6100,34.0900,33.1200,33.9500,2794000
2010-05-26,37.7150,37.8200,34.6400,34.7400,8918900
2010-05-27,35.2100,35.3500,33.1100,34.4400,4867100
2010-05-28,34.2800,34.7600,33.7700,34.5900,2048700
2010-06-01,34.5400,34.8700,33.6200,34.1900,1843800
2010-06-02,34.1400,35.4100,34.0100,35.4100,1988400
2010-06-03,35.6200,35.7100,35.1600,35.5400,1613700
2010-06-04,34.7200,35.2450,34.4200,34.4500,2208000
2010-06-07,34.3500,34.8600,34.0650,34.1200,1787800
2010-06-08,34.0100,34.3400,32.6800,33.0500,2167600
2010-06-09,33.1200,33.3160,32.4050,32.5800,3095500
2010-06-10,32.8300,34.0900,32.6750,34.0900,1706700
2010-06-11,33.6200,35.0600,33.3900,35.0100,2051100
2010-06-14,35.1400,35.5399,34.6100,34.6700,1064400
2010-06-15,34.7700,35.1500,34.7200,35.0900,1278700
2010-06-16,34.7700,35.1700,34.6000,35.0500,2053700
2010-06-17,35.2400,35.8450,35.0000,35.7500,1596900
2010-06-18,36.7200,36.9200,36.3200,36.8200,3401100
2010-06-21,37.0600,37.2500,36.6500,36.7800,2212700
2010-06-22,36.7000,36.9200,35.1900,35.3200,2339000
2010-06-23,35.2700,35.6300,35.0010,35.2700,1508200
2010-06-24,35.0100,35.2800,34.5000,34.6100,1342400
2010-06-25,34.8400,35.3100,34.5800,35.0600,1602500
2010-06-28,35.1600,35.2000,34.2300,34.7100,990400
2010-06-29,34.2700,34.4800,32.8200,33.0600,1797400
2010-06-30,33.1300,34.1000,32.8500,32.9000,1757700
2010-07-01,32.8300,32.9100,31.2500,32.3000,2338500
2010-07-02,32.4500,32.7900,31.9200,32.2200,1084200
2010-07-06,32.7300,32.9900,31.8600,32.1700,1375200
2010-07-07,32.2600,33.1200,31.9501,33.0400,1284900
2010-07-08,33.1900,33.9300,32.8700,33.8000,1408600
2010-07-09,33.8300,34.2700,33.5200,34.1800,801100
2010-07-12,33.9000,34.5100,33.2700,33.4700,1661400
2010-07-13,33.6900,34.1200,33.4300,33.8000,1339300
2010-07-14,33.7500,34.1600,33.4800,34.1000,1022100
2010-07-15,34.1700,34.6700,33.6700,33.7700,1087200
2010-07-16,33.8000,33.8000,32.1400,32.4700,1857700
2010-07-19,32.4300,32.9600,32.3500,32.7600,1166400
2010-07-20,32.3500,32.6300,32.1200,32.6300,889900
2010-07-21,32.7000,33.1300,32.1300,32.1500,910600
2010-07-22,32.4800,33.3895,32.3800,33.0500,858700
2010-07-23,32.8800,33.1600,32.0000,33.0500,1447100
2010-07-26,32.8900,34.6100,32.8000,33.9600,1232600
2010-07-27,34.0200,34.3499,33.6550,33.8800,746500
2010-07-28,33.8800,34.3900,33.0200,33.1900,719200
2010-07-29,33.2400,33.5600,32.0000,32.6100,1183600
2010-07-30,32.3600,33.8500,32.0000,33.6600,1276500
2010-08-02,33.9300,34.6100,33.8200,34.5100,1409800
2010-08-03,34.3200,35.6400,34.3100,35.2400,1150300
2010-08-04,36.1700,37.9500,35.9300,36.2600,2539500
2010-08-05,36.0700,36.2200,35.4300,36.1100,1258100
2010-08-06,35.8600,36.5970,35.5700,36.5400,804100
2010-08-09,36.7400,37.0900,36.7100,37.0000,755000
2010-08-10,37.0000,37.5500,36.0600,36.7500,1991300
2010-08-11,36.1900,36.3900,35.3500,35.7500,1290500
2010-08-12,35.5000,36.5700,35.3700,36.2900,1219800
2010-08-13,36.0200,36.5200,36.0200,36.1900,1111400
2010-08-16,36.0700,36.6900,35.9700,36.3000,1031100
2010-08-17,36.5300,36.6900,36.0600,36.2800,1069600
2010-08-18,36.1200,36.7500,35.8000,36.3700,875000
2010-08-19,36.3600,36.4500,35.1400,35.3600,1348100
2010-08-20,35.2400,35.7400,34.7600,35.5800,893100
2010-08-23,35.8100,36.1900,35.1900,35.2200,1014900
2010-08-24,34.9600,34.9600,34.1100,34.1100,972800
2010-08-25,33.9000,34.6300,33.7800,34.4800,851600
2010-08-26,34.4900,34.4900,33.3000,33.3800,877100
2010-08-27,33.5500,34.7400,32.8800,34.4500,1020700
2010-08-30,34.3200,34.6200,33.6100,33.6200,619800
2010-08-31,33.1600,33.5900,33.0000,33.3100,1342500
2010-09-01,33.6800,35.0600,33.5800,34.9100,1725500
2010-09-02,34.7100,35.4500,34.4200,35.4500,1184900
2010-09-03,35.7900,36.0800,35.5000,36.0600,808300
2010-09-07,36.2300,36.2600,34.8400,35.0100,849800
2010-09-08,35.1200,36.0800,34.7500,36.0500,4632500
2010-09-09,36.2500,36.6367,35.7300,35.8900,1696000
2010-09-10,36.0800,36.5100,35.8300,36.4700,2603400
2010-09-13,36.5200,36.8500,36.5000,36.7500,1736200
2010-09-14,36.6200,37.5500,36.6200,37.4400,1957600
2010-09-15,37.3600,37.4400,37.0400,37.2400,1262500
2010-09-16,37.0000,37.4500,36.5600,36.7900,1269700
2010-09-17,36.8300,36.9100,35.9300,36.2500,1746000
2010-09-20,36.4300,36.7075,36.0900,36.5000,1662400
2010-09-21,36.3800,36.5500,35.9900,36.2200,1032700
2010-09-22,36.1900,37.1000,36.0400,36.1700,1727000
2010-09-23,34.6844,36.2500,34.6600,36.1200,4830600
2010-09-24,36.5500,36.9525,36.1700,36.8800,1510500
2010-09-27,36.7400,36.7901,35.6700,35.6900,1724300
2010-09-28,35.9800,36.1900,35.3700,35.5300,1547600
2010-09-29,35.4500,35.5700,34.8400,34.9400,1964000
2010-09-30,35.3000,35.5200,34.5100,34.5700,1909400
2010-10-01,34.5700,35.0800,33.9800,34.4200,1711600
2010-10-04,34.3300,34.7600,33.7800,33.9500,1177600
2010-10-05,34.4300,34.7900,34.2700,34.7200,1725000
2010-10-06,34.6300,34.8300,34.1600,34.2600,1355600
2010-10-07,34.6600,35.1800,34.0600,35.1200,1808400
2010-10-08,35.1100,35.4100,34.5000,35.3100,1533100
2010-10-11,35.0500,35.0600,34.6800,34.9300,958800
2010-10-12,34.7500,34.7500,34.1100,34.3000,1835800
2010-10-13,34.8700,35.0000,34.3000,34.3000,2352400
2010-10-14,34.8400,34.9700,34.3050,34.9200,2402000
2010-10-15,34.9300,36.2100,34.8700,36.0300,2288900
2010-10-18,35.9800,36.9000,35.8900,36.8900,1949000
2010-10-19,36.6000,37.1600,36.3200,37.0600,3010300
2010-10-20,37.2400,37.2400,36.4600,36.5400,1460500
2010-10-21,36.6300,36.6400,35.5000,35.8500,1416000
2010-10-22,36.0000,36.4600,35.7200,36.4300,1389100
2010-10-25,36.7300,37.4500,36.7300,37.3200,2035400
2010-10-26,36.8900,37.7500,36.4600,37.5800,2556500
2010-10-27,37.0600,38.3700,36.8500,38.3500,2260700
2010-10-28,38.5000,38.5000,38.0000,38.3000,2220900
2010-10-29,38.0900,38.4800,37.9400,38.3000,1621300
2010-11-01,38.5800,38.7000,37.6400,37.9500,2298300
2010-11-02,38.1700,38.2500,37.1200,37.2800,2929600
2010-11-03,37.1800,37.3700,36.3500,36.6800,2040000
2010-11-04,36.9800,37.1900,34.6900,34.7700,4333400
2010-11-05,34.7100,35.1400,33.8300,35.0600,4505200
2010-11-08,34.8800,35.0000,34.1500,34.5100,2070100
2010-11-09,34.5700,34.6200,34.0500,34.2700,2372400
2010-11-10,34.3000,34.7700,34.2400,34.4400,1942300
2010-11-11,34.2000,34.9900,33.8900,34.9900,1978200
2010-11-12,34.6600,34.6600,33.7700,33.7700,1763400
2010-11-15,33.9800,34.6700,33.9500,34.5600,2100900
2010-11-16,34.3600,34.4000,33.7000,34.1000,1667700
2010-11-17,33.9700,34.0300,33.4050,33.6400,1711400
2010-11-18,33.8700,35.1000,33.8700,34.9200,3025000
2010-11-19,34.7800,34.7800,34.1600,34.2500,1652200
2010-11-22,34.3200,34.6100,33.8500,34.2900,1134200
2010-11-23,34.0000,34.0000,33.1000,33.4400,1928800
2010-11-24,33.6900,34.1300,33.6900,33.8400,1029900
2010-11-26,33.6500,34.3670,33.5600,34.2800,502400
2010-11-29,34.0800,34.0900,33.3100,33.8700,1162000
2010-11-30,33.4100,33.6200,33.0300,33.1300,2156100
2010-12-01,33.6400,33.8700,33.3800,33.4600,2131000
2010-12-02,33.4000,33.5400,33.1500,33.3700,1805500
2010-12-03,33.3700,33.6600,33.1100,33.4900,4680100
2010-12-06,33.4000,33.5800,33.0200,33.1000,1717700
2010-12-07,33.5800,33.7700,33.0000,33.0900,2138300
2010-12-08,33.1500,33.4400,32.2800,32.4300,1933200
2010-12-09,32.5800,33.2400,32.0800,33.1675,2639700
2010-12-10,33.3000,34.5400,33.2800,34.1300,2595600
2010-12-13,34.2500,34.3900,33.7200,33.9500,1316000
2010-12-14,34.0400,34.3500,33.9800,34.2000,984500
2010-12-15,34.1700,34.7000,34.0900,34.3800,1630000
2010-12-16,34.3100,34.8200,34.1800,34.5900,948700
2010-12-17,34.5300,35.7300,34.3100,35.4500,3242600
2010-12-20,35.7500,35.8300,35.2000,35.5600,1367900
2010-12-21,35.5800,36.4000,35.4600,36.3200,1561200
2010-12-22,35.8400,35.9800,34.8900,35.1100,2455400
2010-12-23,35.0600,35.5600,34.8900,35.3900,1438800
2010-12-27,35.3200,35.4700,34.6900,35.2600,1004600
2010-12-28,35.2600,35.4500,35.0700,35.2600,818800
2010-12-29,35.3400,36.0400,35.2800,35.4700,1055900
2010-12-30,35.2500,35.4900,35.2200,35.3400,630100
2010-12-31,35.3700,35.4400,34.9710,35.0300,938600
2011-01-03,35.2000,36.2300,35.1900,35.9900,1752900
2011-01-04,36.0200,36.2200,35.3239,35.4900,1229300
2011-01-05,35.5600,37.0700,35.5600,36.8400,2866800
2011-01-06,36.6000,36.8000,36.1800,36.2000,1548900
2011-01-07,36.2600,36.3636,35.7200,36.1600,1462800
2011-01-10,35.9500,36.5400,35.7100,36.2900,2163300
2011-01-11,37.6600,37.8500,36.5200,36.7900,2442200
2011-01-12,37.0400,37.2800,36.5900,37.2100,1253200
2011-01-13,37.3100,38.5500,37.1900,38.5500,2431000
2011-01-14,38.5600,39.4200,38.3200,39.4200,3006600
2011-01-18,39.4600,40.1100,39.4600,40.0000,2977300
2011-01-19,39.9200,39.9700,39.2000,39.4500,2623900
2011-01-20,39.3400,40.1199,39.2300,39.9000,1790100
2011-01-21,39.9400,40.1200,39.7013,40.0600,2075100
2011-01-24,40.0000,40.6200,39.7800,40.4300,1613400
2011-01-25,40.3000,40.8800,40.0000,40.2000,1479700
2011-01-26,40.3600,40.6300,39.5700,39.7500,1913500
2011-01-27,39.7500,40.0400,39.2300,39.3900,1924100
2011-01-28,39.8600,40.4400,38.6600,39.0105,2319800
2011-01-31,38.9400,39.1600,38.3400,38.8900,2495500
2011-02-01,39.1500,39.5000,38.8300,38.8500,1991000
2011-02-02,38.9300,39.6800,38.9000,38.9700,2114300
2011-02-03,38.5100,39.1000,38.5000,38.8000,2416700
2011-02-04,38.8800,39.9200,38.5100,39.4600,2939500
2011-02-07,39.0200,39.2000,38.2000,38.3300,2090900
2011-02-08,38.7600,39.0700,38.1300,38.4800,1737900
2011-02-09,38.4000,38.5900,38.0700,38.1300,849700
2011-02-10,38.0700,38.8400,38.0700,38.1600,1121000
2011-02-11,38.1300,38.5200,37.7700,38.4600,1670900
2011-02-14,38.4000,39.0350,38.4000,38.9700,942200
2011-02-15,38.7700,39.5100,38.7600,39.4900,1350500
2011-02-16,39.4400,40.1500,39.1000,39.6500,1746300
2011-02-17,39.5000,39.9900,39.4000,39.8500,945700
2011-02-18,39.7600,39.7699,38.9500,39.1600,2124000
2011-02-22,38.7400,39.1500,38.0000,38.2200,1776300
2011-02-23,43.6000,44.6800,42.7100,43.9700,16568700
2011-02-24,43.7000,43.9650,43.2400,43.5800,3029900
2011-02-25,43.6200,44.9800,43.3100,44.8400,2379600
2011-02-28,44.9200,46.7500,44.3400,46.6700,3279700
2011-03-01,46.5700,46.7500,45.7200,46.0450,2361100
2011-03-02,46.0700,47.8200,46.0100,47.2800,2873200
2011-03-03,47.8300,50.8300,47.0300,49.9500,5722700
2011-03-04,49.8600,51.1000,49.0700,51.0700,3641300
2011-03-07,51.0100,52.1290,48.9100,49.6200,3126000
2011-03-08,48.8900,48.9900,46.6000,46.8000,5682200
2011-03-09,46.5300,47.8100,45.8850,47.4300,2247300
2011-03-10,46.7200,46.8000,44.6300,44.8000,3091700
2011-03-11,44.7000,46.6200,44.2400,46.4500,2995000
2011-03-14,46.0100,46.4000,45.3500,45.4400,1425300
2011-03-15,44.4900,45.9400,43.8700,45.7100,1909200
2011-03-16,45.4800,45.4800,44.0100,44.2500,2603700
2011-03-17,44.9200,45.3900,44.2400,44.5500,1891200
2011-03-18,44.6800,44.9000,44.1500,44.3900,2680000
2011-03-21,44.9100,45.6100,44.8800,45.2900,1804700
2011-03-22,45.2300,46.2600,44.9500,46.1600,2011400
2011-03-23,45.9200,46.3050,45.4130,46.0800,1910000
2011-03-24,46.2000,47.2200,45.8300,46.9100,1676000
2011-03-25,47.0000,47.2500,46.3500,46.5800,1525500
2011-03-28,46.8300,47.6000,46.3200,47.3400,1862700
2011-03-29,48.4000,49.2200,47.8200,48.9000,3629000
2011-03-30,49.3000,49.8149,48.3900,48.4800,1881200
2011-03-31,48.4400,48.8300,47.2500,47.9300,2659200
2011-04-01,48.0000,48.1999,47.2100,47.5900,2610200
2011-04-04,47.9100,48.1100,47.2200,47.4900,2556800
2011-04-05,47.3200,47.6000,46.5200,46.7400,2760700
2011-04-06,47.2800,47.3700,46.1600,46.4200,2321100
2011-04-07,46.5000,47.2460,46.1500,46.9100,1523900
2011-04-08,47.0000,48.2000,46.8800,48.1600,1853800
2011-04-11,48.2800,48.9400,47.5700,48.2200,2147000
2011-04-12,47.8500,48.2000,47.4400,47.9700,1283400
2011-04-13,48.1500,48.3399,46.8200,47.4000,1932300
2011-04-14,47.0000,47.9000,46.6900,47.5900,1953800
2011-04-15,47.7500,48.1100,46.7900,48.0200,2062200
2011-04-18,47.5600,47.6600,46.1500,46.9900,1629100
2011-04-19,47.0000,47.1500,46.3800,46.8200,1668500
2011-04-20,47.3600,48.4500,47.3600,47.9800,1501000
2011-04-21,47.8400,49.8700,47.8400,49.3700,2889400
2011-04-25,50.0000,50.4800,47.5200,48.0400,2842700
2011-04-26,48.9300,54.9900,47.1800,52.9200,12300000
2011-04-27,52.8300,55.7900,52.7500,55.5400,4869200
2011-04-28,55.5400,55.5400,55.5400,55.5400,0
2011-04-29,55.9900,56.2100,54.5000,55.0500,5887600
2011-05-02,55.0000,56.7000,54.8716,55.0500,2665900
2011-05-03,55.0000,55.2700,53.9700,54.7400,1900000
2011-05-04,53.5100,56.1000,53.3000,55.3100,2620100
2011-05-05,54.8700,55.1000,52.9500,53.1900,2300000
2011-05-06,53.8200,55.3800,53.5500,54.5400,2001900
2011-05-09,55.3800,57.9400,55.2200,57.6500,2790400
2011-05-10,57.8200,57.8900,56.1200,57.0500,2169700
2011-05-11,56.7400,57.0000,55.3100,56.2500,1800000
2011-05-12,56.1500,58.8700,55.6800,58.0100,2100000
2011-05-13,58.2500,58.3600,57.0300,57.4800,1018000
2011-05-16,55.8700,57.8600,55.4100,57.2700,2404200
2011-05-17,57.1500,57.8600,56.1200,56.5100,3299300
2011-05-18,56.6800,56.6800,55.2400,55.4200,2780700
2011-05-19,55.8900,56.0000,54.1600,54.7900,3084800
2011-05-20,54.5100,55.6100,54.1500,55.0000,2330400
2011-05-23,55.0500,55.8300,53.5500,55.8100,3700000
2011-05-24,55.8100,56.4700,55.5500,56.2600,2279300
2011-05-25,56.3200,56.6400,55.0600,55.5700,2623900
2011-05-26,55.1700,55.4660,52.8500,54.2800,2560900
2011-05-27,54.0100,54.4600,53.3800,53.5400,1328800
2011-05-31,54.3300,54.6800,52.9800,53.9900,1810200
2011-06-01,54.4800,54.6900,53.0100,53.0200,1379500
2011-06-02,52.9000,54.6800,52.8803,54.5000,2058900
2011-06-03,53.6500,55.4200,53.4000,54.7600,2152200
2011-06-06,54.5200,54.8900,53.8000,54.3700,1300100
2011-06-07,54.2700,54.9300,53.8300,54.1700,995900
2011-06-08,54.0900,54.2290,52.9550,53.1400,1201600
2011-06-09,50.2500,50.5000,46.1500,48.0700,12297400
2011-06-10,48.0100,49.0100,47.4800,48.2000,3303500
2011-06-13,48.2400,48.6700,47.2000,47.2350,2111600
2011-06-14,47.4400,47.6100,46.6000,46.7800,2287000
2011-06-15,46.6500,47.4400,45.9700,46.4200,2941800
2011-06-16,46.3800,46.5000,45.2000,45.5900,1899200
2011-06-17,46.2000,46.3757,44.5700,45.0100,3131200
2011-06-20,44.7800,46.2500,44.5800,45.1600,2142800
2011-06-21,45.2200,45.9700,44.6800,45.8500,1469000
2011-06-22,45.5700,47.8900,45.5000,47.2100,2765500
2011-06-23,46.3700,48.1500,45.8900,48.0200,2696900
2011-06-24,47.9900,48.7900,47.5000,48.5900,2964900
2011-06-27,48.4200,48.7396,48.0600,48.7200,1610000
2011-06-28,48.9700,51.4800,48.7100,50.7300,2766000
2011-06-29,50.8100,52.2700,50.2300,52.2700,2433900
2011-06-30,52.3900,52.7800,51.7100,51.9900,1845600
2011-07-01,51.4900,51.9200,51.0800,51.7000,1484500
2011-07-05,51.8400,52.2200,51.6200,52.1900,1180800
2011-07-06,51.8900,52.0000,49.8200,50.1700,2573500
2011-07-07,50.2100,50.3300,49.0500,50.1300,2628000
2011-07-08,49.2200,50.7400,49.2200,50.6700,969100
2011-07-11,50.2200,50.8600,49.7700,50.2700,1099700
2011-07-12,50.1500,51.8300,50.0504,51.4100,1695600
2011-07-13,51.5700,52.3300,51.1800,51.4900,1681400
2011-07-14,51.0000,52.4400,50.1800,50.3300,1640200
2011-07-15,50.2800,51.2800,50.2400,50.6800,1778600
2011-07-18,50.0700,50.8300,49.3300,49.5700,1693700
2011-07-19,49.9900,51.0700,49.9000,50.9200,1007800
2011-07-20,50.6200,50.6400,49.4600,50.2000,1019800
2011-07-21,50.4700,51.8375,50.3300,51.1700,1273100
2011-07-22,51.2700,51.5100,50.6300,50.9800,759800
2011-07-25,50.4800,50.7900,49.3400,49.4500,1108200
2011-07-26,49.4700,49.8700,48.1200,49.5500,1336400
2011-07-27,49.2200,49.3500,47.1500,47.9200,1454500
2011-07-28,47.9200,49.8010,47.5100,47.9800,1983700
2011-07-29,49.8900,52.6300,48.4500,51.8600,4954800
2011-08-01,52.3900,53.0000,50.1500,50.9400,2116400
2011-08-02,50.7300,51.4400,48.9600,49.0500,2175900
2011-08-03,48.9000,49.0000,46.5000,47.9000,1793700
2011-08-04,47.0800,47.3800,43.8602,44.1900,2980700
2011-08-05,44.1800,46.7000,41.4800,43.0000,3746200
2011-08-08,41.9600,42.3400,39.0600,40.0000,4893900
2011-08-09,40.6400,44.4700,40.0500,44.4500,4292300
2011-08-10,42.4500,44.3600,41.7500,41.7800,2604300
2011-08-11,41.8900,44.0000,41.3100,43.3700,1603900
2011-08-12,42.7200,45.1500,42.7200,44.4900,1819600
2011-08-15,44.7200,46.3300,44.4943,46.3100,1668300
2011-08-16,45.9800,46.4700,45.1900,46.1600,1703500
2011-08-17,46.7600,47.8100,45.8000,46.6500,1668100
2011-08-18,45.6800,46.1100,44.5478,45.2900,2068300
2011-08-19,44.6800,47.9000,44.5300,46.4900,2279800
2011-08-22,47.5300,47.5300,44.6300,45.4800,1676200
2011-08-23,45.6400,47.0000,44.4500,46.9800,1405700
2011-08-24,46.9400,47.1500,45.2200,46.5300,1271600
2011-08-25,46.7400,47.2000,45.3000,45.4100,991900
2011-08-26,45.0400,45.9000,43.3420,45.2600,2441500
2011-08-29,45.0000,45.3300,43.6605,43.9500,2959200
2011-08-30,44.3900,45.6300,43.8196,45.2700,1736600
2011-08-31,45.4300,46.6700,45.0200,45.2700,1420800
2011-09-01,45.5900,46.3400,44.8000,45.1100,1176700
2011-09-02,44.2900,45.8300,44.1500,44.5900,1275000
2011-09-06,43.6700,45.8686,43.2500,45.5700,2765300
2011-09-07,46.3300,46.9800,45.9400,46.9400,1274900
2011-09-08,46.4300,48.2550,46.0000,47.5700,2253900
2011-09-09,47.0200,47.2700,45.2500,45.8100,2202600
2011-09-12,45.2900,47.7900,44.9500,47.7800,2098400
2011-09-13,47.9800,50.4700,47.5300,50.2100,2916000
2011-09-14,50.2300,51.1700,49.5000,50.5500,2158200
2011-09-15,51.0600,51.1700,49.7300,50.1200,2744100
2011-09-16,50.3000,51.1100,50.0300,50.5200,2211600
2011-09-19,49.7800,50.7900,48.4500,50.1800,1882300
2011-09-20,50.3600,52.8550,50.0100,52.0500,3443900
2011-09-21,51.9800,54.3800,51.5200,53.1800,2628000
2011-09-22,51.4800,51.9800,47.9600,49.3100,4076800
2011-09-23,48.9800,51.0487,48.8600,50.7300,2523000
2011-09-26,50.8000,51.1500,46.6900,48.8800,2518000
2011-09-27,49.2800,50.0600,47.3900,47.7000,2230800
2011-09-28,47.7900,47.9100,45.5100,45.6900,1990200
2011-09-29,46.4500,46.8500,43.3600,44.5100,1927800
2011-09-30,43.9100,45.4400,43.7000,44.4600,2615300
2011-10-03,44.2799,44.2799,40.0800,40.4900,3472800
2011-10-04,40.6300,43.4500,40.3400,43.2900,3690000
2011-10-05,43.4900,45.2600,42.5300,45.1200,2696100
2011-10-06,45.0100,45.1900,43.7200,44.6300,1499000
2011-10-07,44.5300,45.2400,43.2600,44.4400,1914700
2011-10-10,44.0000,44.0500,39.9400,40.4100,5239800
2011-10-11,40.4100,41.3600,37.2700,39.9500,8658200
2011-10-12,40.7000,41.1000,38.5500,40.2400,4711600
2011-10-13,43.8800,44.2000,42.5000,43.8800,7828200
2011-10-14,43.8100,43.8100,41.5500,43.2800,3827500
2011-10-17,41.5000,42.8500,39.3701,40.0900,6482200
2011-10-18,40.1200,41.4400,40.0900,40.9400,2216400
2011-10-19,41.1000,41.3200,40.0500,40.1700,1559600
2011-10-20,40.2700,42.6500,39.8700,42.2800,2873200
2011-10-21,42.3100,43.1600,40.4500,41.7400,3850800
2011-10-24,41.6200,44.0400,40.4500,44.0100,3309800
2011-10-25,43.8100,44.0000,42.8600,43.3300,2403700
2011-10-26,43.6700,43.7200,40.5600,42.8900,3216700
2011-10-27,44.0000,44.2500,41.4399,42.5800,4003600
2011-10-28,42.7500,42.7500,39.7640,41.5800,6820100
2011-10-31,40.3000,40.6200,39.4700,39.5900,3586200
2011-11-01,37.4900,38.5000,36.8600,37.7800,4431500
2011-11-02,38.1100,38.4200,36.4300,36.9000,4218100
2011-11-03,37.4200,37.7600,35.4500,36.6300,3249300
2011-11-04,36.2900,37.0500,34.9500,36.6300,3375700
2011-11-07,34.8500,35.1000,32.9200,33.2200,6292500
2011-11-08,32.6800,32.6800,30.1800,30.4500,11503700
2011-11-09,30.0400,31.4000,29.2400,30.8600,7734200
2011-11-10,31.5200,32.6600,31.2100,31.9800,6052900
2011-11-11,32.0400,32.1800,31.3800,31.3900,3259700
2011-11-14,31.0100,31.1000,29.5700,30.0300,4370500
2011-11-15,29.9600,30.2000,29.4400,29.7000,2922200
2011-11-16,29.6100,30.0000,29.1800,29.2600,3239100
2011-11-17,29.1800,29.6200,28.7800,29.0100,3345800
2011-11-18,28.9400,29.0100,27.8350,28.2900,4240000
2011-11-21,28.0800,28.4900,27.3800,27.5600,4610300
2011-11-22,27.5700,28.3100,27.3400,27.9200,2845100
2011-11-23,27.7500,27.8900,26.8900,26.9400,1769600
2011-11-25,26.8000,27.2300,26.5000,26.6000,836400
2011-11-28,27.1200,27.5500,26.8000,27.2400,3112500
2011-11-29,27.3200,27.5700,26.7500,27.3300,4599600
2011-11-30,27.7200,29.0000,27.5200,28.9900,4687600
2011-12-01,28.6800,29.4700,28.5500,29.3900,3539200
2011-12-02,29.5700,29.8500,29.0800,29.2500,4009400
2011-12-05,29.4500,29.7500,28.5700,29.6000,3996500
2011-12-06,29.7100,30.0000,29.2900,29.6600,2864500
2011-12-07,29.5700,29.9100,28.9400,29.6500,3391400
2011-12-08,29.5900,29.7300,28.4600,28.5600,2537300
2011-12-09,29.8000,29.8200,29.0200,29.3700,2250500
2011-12-12,29.3000,29.4311,28.7100,29.3500,1856300
2011-12-13,29.5700,29.6200,28.4900,28.6600,2223700
2011-12-14,29.4100,30.8500,29.1200,30.5400,5333300
2011-12-15,30.8400,32.4600,30.3200,31.4300,5973600
2011-12-16,32.6900,34.0800,32.2300,33.9100,9682300
2011-12-19,34.9700,34.9700,32.9400,33.2100,3770300
2011-12-20,33.7100,34.4497,33.2250,33.4050,3134300
2011-12-21,33.3300,33.5700,32.6248,32.9900,2691600
2011-12-22,32.9100,33.2800,32.5500,33.0200,1422100
2011-12-23,33.0500,33.4300,32.5500,32.8400,971600
2011-12-27,32.8300,33.5400,32.5800,33.2500,1017600
2011-12-28,33.2900,33.3200,32.1000,32.4400,873100
2011-12-29,32.3800,32.8300,32.0000,32.7600,864400
2011-12-30,32.7100,33.4000,32.4500,33.2100,1328700
2012-01-03,33.8199,33.9892,32.2100,32.2300,2415600
2012-01-04,32.2200,32.5900,32.0401,32.2000,2660300
2012-01-05,32.2500,33.5400,32.1600,33.1200,3208900
2012-01-06,33.2100,34.5400,33.1400,34.0500,3436800
2012-01-09,35.0000,36.1700,34.6300,35.6800,4657200
2012-01-10,35.9700,36.5400,35.5000,36.3200,3251700
2012-01-11,36.4400,37.4500,35.7400,37.3200,3943300
2012-01-12,37.3000,37.4700,36.0000,37.0700,2813900
2012-01-13,36.8600,36.8600,35.9760,36.8100,1984600
2012-01-17,36.7200,37.3000,36.2500,36.5100,2180400
2012-01-18,36.6000,37.5900,36.2500,37.4700,4279200
2012-01-19,37.5000,37.8900,36.8200,36.9700,2983600
2012-01-20,36.9800,37.1500,36.1900,36.3100,2305700
2012-01-23,36.4000,36.8800,35.2300,35.8600,2140600
2012-01-24,35.8000,35.9100,34.9100,34.9900,3308900
2012-01-25,35.1900,35.7300,34.7200,35.4600,3005600
2012-01-26,35.4200,35.9700,35.3000,35.7200,1862800
2012-01-27,35.4600,36.1200,35.3800,35.9800,2452600
2012-01-30,35.2500,35.4900,34.1000,34.7400,3110900
2012-01-31,34.9000,38.6200,34.7500,36.9500,11612200
2012-02-01,37.4500,38.0000,36.3000,37.8300,4631600
2012-02-02,37.9500,38.5000,37.2200,38.3800,4072800
2012-02-03,37.5401,38.1000,35.4300,36.7800,8256600
2012-02-06,35.6400,38.4100,35.6400,38.2450,4799600
2012-02-07,38.2800,38.2800,36.9754,37.5900,4309900
2012-02-08,37.1100,37.3900,36.4510,36.7800,2982700
2012-02-09,37.1300,37.2300,35.9800,37.0400,3253200
2012-02-10,36.8300,37.0000,36.0600,36.1300,1777200
2012-02-13,36.4700,36.5500,36.0200,36.1500,1374800
2012-02-14,36.1500,36.8100,36.0200,36.1300,2145500
2012-02-15,36.3000,36.7000,36.0400,36.4800,1434400
2012-02-16,36.5900,37.8900,36.5300,37.4900,2445900
2012-02-17,40.7000,40.7000,39.0000,39.2400,8695200
2012-02-21,39.2500,39.3840,37.3500,37.7700,3251600
2012-02-22,37.6800,37.9600,37.2200,37.6000,1946500
2012-02-23,37.6000,39.2000,37.5000,38.6400,3468600
2012-02-24,38.9000,39.0000,38.0000,38.3900,1836800
2012-02-27,38.1900,38.9200,37.7600,38.6900,2295700
2012-02-28,38.7000,38.7400,38.1500,38.2500,1812900
2012-02-29,38.2400,39.4800,38.1800,38.9200,3038500
2012-03-01,38.9300,40.7900,38.3100,40.3700,4023800
2012-03-02,40.1900,40.9100,40.0000,40.7300,2142900
2012-03-05,40.5000,40.8100,40.1500,40.4000,2665800
2012-03-06,40.1000,40.2200,38.9000,39.6900,2210100
2012-03-07,39.7500,40.8900,39.7000,40.7300,2300600
2012-03-08,40.7900,41.9293,40.5800,41.6600,2087000
2012-03-09,41.6500,42.2000,41.3850,41.7900,1793000
2012-03-12,41.8100,42.1900,41.5100,41.6200,1197200
2012-03-13,41.8600,41.9900,41.1300,41.7200,2352000
2012-03-14,41.8600,42.2000,41.2600,41.3200,1739900
2012-03-15,41.4000,43.1300,41.2700,42.8100,2760700
2012-03-16,42.6200,43.0700,41.9600,42.9400,3735200
2012-03-19,41.7200,43.0400,41.5000,41.6400,3730100
2012-03-20,41.5300,41.7000,40.8300,40.9200,1712500
2012-03-21,40.9700,41.7249,40.6500,41.0900,2441200
2012-03-22,41.0800,41.4600,40.1701,40.6400,1616300
2012-03-23,40.7500,41.5000,40.3800,41.3400,1003500
2012-03-26,41.3600,41.5650,40.3700,40.9300,1834100
2012-03-27,40.6900,41.4250,40.6900,40.9500,1052700
2012-03-28,41.0800,42.0000,40.2700,40.4400,1475600
2012-03-29,40.2100,40.8200,39.7900,40.5400,1315400
2012-03-30,40.8800,41.3500,40.5100,41.0100,1591100
2012-04-02,40.7400,40.9000,39.8300,40.4800,1758700
2012-04-03,40.4300,41.8500,40.2100,41.8000,2414000
2012-04-04,41.6000,41.9200,40.4300,40.5700,2832300
2012-04-05,40.3700,40.6700,39.6200,40.0500,2105700
2012-04-09,39.5800,39.5800,37.8600,38.1100,2718500
2012-04-10,38.0000,38.0700,36.5100,36.5600,3296600
2012-04-11,36.8600,37.4900,36.5600,37.0300,2845100
2012-04-12,36.9400,38.0000,36.9100,37.7100,2008200
2012-04-13,37.6400,37.6400,36.1500,36.1700,2012200
2012-04-16,36.1400,36.3718,35.2550,35.4900,1977500
2012-04-17,35.8000,37.1300,35.7600,36.4200,2454900
2012-04-18,36.0500,36.2900,35.5100,35.5600,2511100
2012-04-19,35.4900,37.0500,35.4000,36.6600,1919700
2012-04-20,36.7600,36.8400,36.0900,36.5800,1946800
2012-04-23,36.1600,36.8000,35.6000,36.6700,2027700
2012-04-24,36.6100,37.0400,36.2200,36.5900,1886100
2012-04-25,36.9100,38.0700,36.7500,37.6700,2159200
2012-04-26,37.6600,38.0200,37.2200,37.5200,1942200
2012-04-27,36.8800,39.2400,36.7600,38.6200,2856000
2012-04-30,38.5100,38.8200,37.7400,38.4800,1851400
2012-05-01,38.4000,39.0800,38.0000,38.4500,2038300
2012-05-02,37.7100,38.7600,37.7100,38.3600,1942800
2012-05-03,38.4700,38.7000,37.9200,38.1100,1614200
2012-05-04,38.0000,38.2899,37.2700,37.4100,1888200
2012-05-07,52.1200,58.7500,51.8500,58.1200,40216300
2012-05-08,57.5600,64.5000,57.5600,64.1600,16125600
2012-05-09,61.0400,63.0000,59.2500,60.3500,10429400
2012-05-10,59.1300,61.0300,58.9500,60.1900,5300000
2012-05-11,59.7600,62.2200,59.4000,62.0200,3249800
2012-05-14,63.1200,65.3700,62.7600,64.7000,7664400
2012-05-15,64.3700,66.1000,62.8800,63.3800,4006400
2012-05-16,63.1500,64.2600,62.5700,62.6100,2839000
2012-05-17,62.9900,62.9900,61.2100,61.2700,3138800
2012-05-18,61.1800,61.6400,59.6100,61.3400,3442000
2012-05-21,61.9000,62.8400,61.0100,62.1000,2934000
2012-05-22,61.9700,63.9400,61.5720,63.0900,2513500
2012-05-23,62.5200,64.0300,62.0200,63.9400,2172600
2012-05-24,63.7800,64.0900,62.2000,64.0900,2542000
2012-05-25,64.5300,64.9400,63.6700,64.8500,1967300
2012-05-29,50.1440,58.1800,50.0000,57.8000,20861100
2012-05-30,57.7200,61.4500,56.4800,60.1800,10176700
2012-05-31,59.7100,60.5500,59.5900,60.0400,4083300
2012-06-01,59.2300,60.5400,58.5600,59.5600,3820300
2012-06-04,59.4900,59.6300,57.0500,57.7000,3253000
2012-06-05,57.6000,59.5200,57.5000,58.5600,2534800
2012-06-06,59.0100,59.1600,57.6500,57.8400,2551600
2012-06-07,58.4200,58.5200,56.1500,56.7700,3622100
2012-06-08,57.1000,57.7500,55.4600,56.9800,2740300
2012-06-11,56.9100,57.0400,54.6200,54.9000,3419500
2012-06-12,54.9800,56.3400,54.9000,55.9500,1676400
2012-06-13,55.9800,57.1200,55.1000,55.4600,2040000
2012-06-14,55.2500,56.3200,54.0200,55.9400,1965400
2012-06-15,56.1400,56.9600,55.7800,56.5400,2610200
2012-06-18,56.2700,59.2500,56.2601,57.7700,1750100
2012-06-19,58.0400,58.7700,56.8700,57.2300,1849000
2012-06-20,57.5000,59.2700,57.0400,59.1500,2582600
2012-06-21,59.1900,59.3700,57.3900,57.6000,1267800
2012-06-22,57.8700,60.6100,57.2000,60.6100,3009300
2012-06-25,60.0800,60.3200,57.8900,58.4300,1416100
2012-06-26,58.8000,60.0000,58.4300,59.6200,1364300
2012-06-27,60.7800,61.1800,59.1900,61.1100,1524900
2012-06-28,53.9300,56.6700,47.8600,51.1800,19489900
2012-06-29,53.2400,56.5000,52.2905,55.9200,6203600
2012-07-02,56.1000,56.1700,54.5000,55.5600,2490800
2012-07-03,55.6300,56.0000,54.4300,55.4600,1109900
2012-07-05,55.5100,56.0300,55.3100,55.5100,1647600
2012-07-06,55.5301,55.7699,54.1300,54.6600,1345200
2012-07-09,55.4500,55.5900,53.8901,54.1400,1874100
2012-07-10,54.5800,55.2300,53.9900,54.1600,2017000
2012-07-11,54.3900,54.7300,52.5500,52.7600,1884400
2012-07-12,52.4000,53.8800,51.8600,52.9400,1690200
2012-07-13,52.9900,53.7250,52.8780,53.5500,1152700
2012-07-16,52.6500,53.7100,51.5600,52.4000,2034300
2012-07-17,52.4500,53.3200,51.9000,52.7100,1348500
2012-07-18,52.6600,53.8700,52.4900,53.6100,1538000
2012-07-19,53.5300,53.5784,51.6400,52.1000,1684300
2012-07-20,52.2300,52.4000,51.2100,51.2700,2063000
2012-07-23,50.6700,50.6700,49.2200,49.7700,1665500
2012-07-24,49.7300,50.0000,48.1000,48.3650,1854300
2012-07-25,48.3500,49.3900,48.1000,49.0800,1793300
2012-07-26,49.6100,49.9400,48.6200,49.0800,1108800
2012-07-27,50.2300,50.9900,49.0200,49.3200,2350600
2012-07-30,49.5000,50.4900,49.5000,49.9600,2224000
2012-07-31,49.7700,50.5400,46.0300,48.5100,5347500
2012-08-01,48.6300,50.2200,48.3000,49.1600,2132900
2012-08-02,50.0000,50.7900,49.2800,49.6200,3082600
2012-08-03,50.2000,50.6600,49.2300,49.3400,3226500
2012-08-06,49.7000,52.3700,49.3900,51.9400,2539900
2012-08-07,52.3000,52.3100,51.1900,51.5100,1465800
2012-08-08,51.8800,52.2800,50.4800,50.8100,1221100
2012-08-09,50.7100,52.1800,50.7100,51.5100,1391700
2012-08-10,51.2600,52.2000,51.1400,51.6600,976000
2012-08-13,51.4400,51.9000,50.8000,51.4200,810200
2012-08-14,51.6200,54.4200,51.6200,53.5300,2171200
2012-08-15,53.4000,54.7400,53.2600,54.4200,1495400
2012-08-16,54.2200,57.1300,54.0800,54.4800,2681200
2012-08-17,54.7000,55.0900,54.2600,54.7800,1270800
2012-08-20,54.6200,54.9300,53.7500,54.8800,1114000
2012-08-21,54.8300,55.3800,54.0680,54.6300,1320700
2012-08-22,54.5300,55.2000,54.2900,54.6700,1427400
2012-08-23,54.5100,54.6600,53.5700,53.8700,1084500
2012-08-24,53.9900,54.8100,53.4600,53.5600,1031600
2012-08-27,53.8600,54.5000,53.1800,53.5100,1332000
2012-08-28,53.5100,54.4200,52.7500,54.0900,1864100
2012-08-29,54.0000,54.6700,52.7900,53.3200,2158100
2012-08-30,53.2100,53.8000,52.9300,53.2800,1216300
2012-08-31,53.7300,54.2700,52.7300,53.3300,890300
2012-09-04,53.3000,54.8600,52.6300,54.5300,1365800
2012-09-05,54.4300,55.4900,54.0600,54.9900,1654500
2012-09-06,55.0500,57.9200,54.8100,57.4400,1876200
2012-09-07,57.2700,57.5800,56.3100,57.1000,908900
2012-09-10,57.7100,57.9900,56.4000,56.6400,632300
2012-09-11,56.6300,56.6400,55.6600,56.0500,829500
2012-09-12,56.3700,56.7400,55.2800,55.7400,840700
2012-09-13,55.9800,57.0800,55.1700,56.2100,1416400
2012-09-14,56.3200,58.2200,56.3200,58.0800,1482200
2012-09-17,57.5000,57.9800,57.2300,57.5400,1204300
2012-09-18,57.3300,58.1500,56.9900,57.4500,1085700
2012-09-19,57.5100,58.1297,57.0300,57.9000,1219400
2012-09-20,57.5800,58.7725,57.0100,58.1300,1227600
2012-09-21,58.1900,59.5000,57.4900,59.0400,3616300
2012-09-24,59.0000,59.9800,58.2600,58.7200,2330400
2012-09-25,58.9900,59.0500,56.1100,56.2600,2383200
2012-09-26,56.1300,56.4600,54.6200,54.7650,1937200
2012-09-27,54.9200,56.0300,54.1900,55.6600,1485300
2012-09-28,55.5800,56.8800,55.0550,55.8900,1595200
2012-10-01,55.9200,57.0200,55.4700,56.4400,2556600
2012-10-02,57.0500,57.8900,56.6000,57.2800,2020000
2012-10-03,57.4200,58.1500,57.3680,57.7600,1483300
2012-10-04,58.0300,59.6500,58.0000,59.3900,2259400
2012-10-05,59.5600,59.9700,59.2600,59.4200,2346100
2012-10-08,60.0000,60.0000,57.7000,58.4900,3350800
2012-10-09,59.5500,59.6900,57.8900,58.4800,1499900
2012-10-10,58.5000,58.6900,56.3750,57.0000,1906000
2012-10-11,57.3500,60.0000,53.5000,56.8800,8523900
2012-10-12,57.3700,57.7500,53.2500,53.5300,3014600
2012-10-15,53.6100,54.2600,52.2200,53.2400,3558500
2012-10-16,53.1000,54.3900,52.7700,53.2900,3424800
2012-10-17,53.1300,54.0800,52.3600,53.9500,2075000
2012-10-18,53.7900,53.7900,51.8400,52.6250,2371500
2012-10-19,52.2600,52.4200,49.7500,50.2400,4344600
2012-10-22,50.2000,50.5900,48.7900,49.8700,2364100
2012-10-23,49.2600,49.7500,47.9700,49.6300,2335300
2012-10-24,49.7600,50.2000,48.8200,49.5000,1461700
2012-10-25,49.9100,50.4200,49.1231,50.1100,1153000
2012-10-26,49.8300,50.3000,49.1400,49.5600,1266500
2012-10-31,49.8800,49.8800,47.3900,48.2800,1449200
2012-11-01,49.0100,52.3000,48.6001,50.4800,3581500
2012-11-02,45.5400,46.0000,42.1400,45.0099,11582900
2012-11-05,45.0000,46.9400,44.9050,46.4100,3532900
2012-11-06,46.5200,46.7600,45.9100,46.1500,1799900
2012-11-07,45.9200,46.1700,45.1000,45.5285,1826300
2012-11-08,45.3800,45.5799,44.4800,44.6100,1552600
2012-11-09,44.6100,45.9100,44.3300,45.0100,2384900
2012-11-12,42.7000,45.0000,42.7000,44.0000,3538800
2012-11-13,43.8900,44.9400,43.6300,44.1000,1700400
2012-11-14,43.8100,44.3100,41.9700,42.1600,1870200
2012-11-15,41.7100,42.2500,39.8050,40.6600,3452700
2012-11-16,40.4600,42.1400,40.1800,41.2200,2646800
2012-11-19,41.6300,41.7223,40.7100,41.4300,1894300
2012-11-20,41.4100,42.4800,41.3300,42.1600,2397100
2012-11-21,42.1100,42.1500,40.6900,41.1100,1422300
2012-11-23,41.3600,41.8000,41.1700,41.4600,544300
2012-11-26,41.3900,41.4600,40.2600,40.5000,2009100
2012-11-27,40.6600,40.7400,39.8500,39.9800,1754000
2012-11-28,38.9400,39.6510,38.4400,39.5300,2181600
2012-11-29,39.7200,40.2500,39.5000,39.7400,1461700
2012-11-30,39.7400,40.1700,39.5640,39.7900,2331700
2012-12-03,39.8200,40.0700,38.7200,39.0800,1382500
2012-12-04,39.2300,39.9000,39.2300,39.4850,1739600
2012-12-05,39.6300,39.6500,39.1200,39.1800,1308700
2012-12-06,39.2900,39.4025,38.8000,39.0966,1264600
2012-12-07,39.2700,39.3000,38.7000,38.8800,2462900
2012-12-10,39.1200,40.3050,38.6700,40.2500,1792100
2012-12-11,40.2500,41.9600,40.2000,41.8400,2525400
2012-12-12,42.0700,43.2800,41.7500,42.2500,2579200
2012-12-13,42.0600,42.6100,42.0200,42.1500,2680200
2012-12-14,41.7300,42.2500,41.6100,41.7900,1895900
2012-12-17,41.8000,42.1401,41.4400,41.8100,1456400
2012-12-18,41.9200,43.3700,41.9200,43.3300,2017300
2012-12-19,42.8000,44.3900,42.7510,43.0200,3257300
2012-12-20,42.9700,43.4600,42.5100,43.3400,1628100
2012-12-21,43.0000,43.4800,42.3900,43.0400,4115400
2012-12-24,43.0300,43.5264,42.0900,42.4900,565600
2012-12-26,42.4700,42.4700,41.6400,41.7500,844900
2012-12-27,41.6900,41.9800,41.2300,41.7600,1404600
2012-12-28,41.3800,41.8500,40.9400,40.9400,1026000
2012-12-31,40.8700,42.0600,40.3400,41.9000,1232000
2013-01-02,42.8700,43.6850,42.7200,43.6500,1790600
2013-01-03,43.7000,45.3000,43.3100,45.1500,1841500
2013-01-04,45.3500,46.5100,45.2000,45.8500,2538100
2013-01-07,45.8800,47.4400,45.7500,47.2900,2515300
2013-01-08,47.4400,48.5700,47.0700,48.5000,2282200
2013-01-09,48.5400,48.7000,47.5200,48.2500,1920300
2013-01-10,48.5900,48.6300,46.2500,46.8000,2511400
2013-01-11,47.0400,47.4200,46.3101,47.3100,1695200
2013-01-14,47.1200,47.7500,46.7900,47.3400,2102400
2013-01-15,45.7700,47.6000,45.3100,47.0800,2952400
2013-01-16,47.0800,47.3600,46.3400,46.4500,1482300
2013-01-17,46.6000,47.3200,46.4800,46.7900,1369600
2013-01-18,46.4800,46.6600,45.5400,46.3100,1800300
2013-01-22,46.2100,47.1200,45.6900,47.0700,1575200
2013-01-23,46.9100,47.2900,46.4700,46.5000,896900
2013-01-24,46.6300,47.7500,46.5000,47.3200,1598100
2013-01-25,47.6900,47.6900,46.7000,46.8500,1302100
2013-01-28,46.2100,46.6900,45.6500,45.9200,1971100
2013-01-29,46.1100,46.6600,46.0300,46.3900,1915200
2013-01-30,46.5100,46.5500,43.5700,44.6500,3528600
2013-01-31,44.4800,45.2500,44.2700,44.7800,4665200
2013-02-01,45.0500,46.0000,44.7800,45.4400,1799400
2013-02-04,44.6600,45.4490,44.5900,44.6300,1428500
2013-02-05,44.6300,45.6700,44.5500,45.6000,1246100
2013-02-06,45.2900,46.1500,45.2900,45.8600,1227500
2013-02-07,46.1100,46.2400,44.9600,45.6500,1110200
2013-02-08,45.8400,46.3700,45.7000,46.0000,870900
2013-02-11,46.4800,46.4800,45.6000,45.7000,862300
2013-02-12,45.8100,46.2000,45.5000,45.8900,1394000
2013-02-13,46.0200,46.7200,45.7900,46.4800,1586900
2013-02-14,46.3900,46.4600,45.3500,45.6600,1347800
2013-02-15,45.6400,45.9800,45.3500,45.6100,1139700
2013-02-19,45.6000,46.5500,45.5000,46.5200,1340400
2013-02-20,46.4800,47.0800,45.4100,45.4410,1731400
2013-02-21,45.2100,45.6700,44.7700,44.8200,1693500
2013-02-22,45.0800,45.9200,44.8200,45.9100,1472100
2013-02-25,46.1400,46.3000,44.8400,44.8600,1364900
2013-02-26,44.9800,45.1100,43.6912,44.1800,1160600
2013-02-27,44.4400,47.2300,44.2000,46.9700,2742200
2013-02-28,46.8900,48.1500,46.5900,46.8200,1900700
2013-03-01,46.5500,46.5800,45.5200,46.1700,2050400
2013-03-04,46.0200,46.5400,45.5900,46.3100,1682100
2013-03-05,46.6300,48.3400,46.2000,48.3300,1694700
2013-03-06,48.4100,49.8285,48.1000,49.5100,2085500
2013-03-07,49.5100,50.3550,49.2200,50.1700,1583600
2013-03-08,50.2800,52.9150,50.0940,52.8100,3535300
2013-03-11,52.4500,53.0300,52.1500,52.5500,1747100
2013-03-12,52.4800,52.9599,51.9000,52.4100,1484900
2013-03-13,52.4700,53.0200,52.2300,52.7700,1279100
2013-03-14,52.9800,52.9800,52.0500,52.7900,1139400
2013-03-15,52.5900,52.9400,51.8700,52.3100,2098700
2013-03-18,51.8200,51.9800,51.1400,51.3700,1650300
2013-03-19,51.6700,52.4500,51.3900,51.9000,1973200
2013-03-20,52.3300,52.6600,51.9300,52.4800,1280700
2013-03-21,52.0400,52.9500,51.8500,52.2400,1226100
2013-03-22,52.5500,54.1500,52.5500,53.7400,1424300
2013-03-25,53.9400,54.9800,53.3500,54.2550,1980900
2013-03-26,54.3600,54.7500,53.3600,54.3400,1234200
2013-03-27,53.9500,54.8900,53.5100,54.8300,1165000
2013-03-28,54.5600,55.9300,54.5500,54.9700,2357500
2013-04-01,55.0000,55.5500,53.7150,54.0000,1628500
2013-04-02,54.5200,55.4800,53.7300,53.9300,1542100
2013-04-03,54.4500,54.5500,52.4300,52.6300,2142000
2013-04-04,53.5899,53.6300,52.0300,52.9500,1344100
2013-04-05,52.2500,53.3300,51.5500,53.2300,1724000
2013-04-08,52.6500,53.1300,51.2800,52.7400,1710800
2013-04-09,52.9500,53.1600,51.9100,52.6000,1535600
2013-04-10,53.4500,55.0400,52.9500,54.8400,1646700
2013-04-11,54.7200,55.7300,53.6400,54.8300,1040200
2013-04-12,54.8500,55.9000,54.3100,55.7400,1342800
2013-04-15,55.5400,55.7900,53.8200,54.0600,1571800
2013-04-16,54.5900,54.7400,53.2500,54.3900,1450600
2013-04-17,54.0600,54.3199,52.7700,54.0450,1346300
2013-04-18,54.1400,54.1500,51.9601,52.8700,6195700
2013-04-19,81.5500,85.9000,80.1000,85.6000,24895000
2013-04-22,84.4000,87.4700,80.9000,82.3300,8902000
2013-04-23,83.2400,85.2200,82.7700,83.5300,3542700
2013-04-24,81.2700,81.5600,78.7800,81.0500,4471000
2013-04-25,80.9550,81.1900,79.3900,80.3200,2875200
2013-04-26,80.3200,80.9000,78.3700,79.0200,2965100
2013-04-29,79.0000,80.4100,78.2500,78.3300,1892900
2013-04-30,77.8800,78.0450,75.9600,76.8200,3698200
2013-05-01,77.3500,79.2300,76.6700,76.8300,2466200
2013-05-02,76.3000,78.0400,76.1600,77.7200,2159400
2013-05-03,75.9000,79.4100,74.6101,75.9900,3752600
2013-05-06,76.1200,77.8000,75.5110,77.2500,2233300
2013-05-07,76.9200,77.3900,75.9800,76.4010,1738900
2013-05-08,76.4200,76.4300,74.8200,75.4300,1845600
2013-05-09,75.2300,77.1300,74.9500,76.7800,2089200
2013-05-10,76.6100,81.0400,76.5300,80.4300,2724600
2013-05-13,79.5300,81.8300,79.1700,80.1500,3457400
2013-05-14,80.2700,81.7600,80.1580,81.0100,2169900
2013-05-15,80.2000,81.0000,78.3800,79.4200,1644600
2013-05-16,78.6700,79.3100,75.8500,77.8900,2475200
2013-05-17,78.7200,79.5400,77.6900,79.4900,2622700
2013-05-20,79.0300,79.5750,77.0800,77.3800,2072800
2013-05-21,77.6100,79.8700,77.4900,79.4700,1722400
2013-05-22,79.4000,81.4500,77.6700,78.4300,1446100
2013-05-23,78.1900,79.4700,77.1600,78.4800,1663600
2013-05-24,77.4950,78.4600,76.7300,78.4000,859300
2013-05-28,79.2800,79.6100,76.9400,78.0200,1432900
2013-05-29,77.4600,78.9600,76.9700,78.3900,1094400
2013-05-30,78.4300,83.9400,78.2600,83.1400,2422800
2013-05-31,82.1800,82.9700,80.1100,80.3300,1747700
2013-06-03,80.8300,81.0000,77.4600,79.3300,1492300
2013-06-04,78.7700,80.1800,78.0300,78.3600,1041000
2013-06-05,78.3800,79.4450,76.1600,76.9500,1737300
2013-06-06,77.3000,79.1500,77.1000,78.0200,1564200
2013-06-07,77.9900,84.7200,77.9700,82.8100,3126500
2013-06-10,82.6600,83.1700,80.7100,83.1400,1511400
2013-06-11,81.9200,84.8400,81.0900,81.4000,1616700
2013-06-12,82.0800,83.0200,79.7900,80.2300,928200
2013-06-13,82.2500,84.6200,78.7925,82.6600,1945900
2013-06-14,82.3200,82.8500,79.9100,80.3100,1456300
2013-06-17,81.2200,81.5000,77.5600,78.7500,1821400
2013-06-18,79.0800,79.5900,77.4500,78.8000,1967900
2013-06-19,79.0700,80.4200,77.8500,77.8700,1685200
2013-06-20,76.8000,77.7300,75.3000,76.1610,1877200
2013-06-21,75.8900,76.8700,74.1975,75.9780,4288600
2013-06-24,75.0300,77.1800,73.4000,76.6700,1495200
2013-06-25,77.3400,78.9100,77.0800,78.1000,1070800
2013-06-26,78.7700,81.3200,78.0200,80.3200,1495100
2013-06-27,81.5600,81.7700,79.6600,80.5300,1074800
2013-06-28,80.2000,81.3800,79.5400,80.0600,2204400
2013-07-01,81.4400,85.4700,80.3000,80.4300,2012800
2013-07-02,80.6000,81.8800,78.8150,79.5200,1620300
2013-07-03,79.6300,80.8600,79.0600,80.6300,863200
2013-07-05,81.2100,82.4800,80.1700,82.4300,696800
2013-07-08,83.2500,83.2500,80.0100,80.3800,915300
2013-07-09,80.7100,82.0000,79.0080,79.9900,1069600
2013-07-10,80.1000,81.7300,79.7600,81.6400,1161100
2013-07-11,82.0500,84.7800,81.8600,84.7000,1475900
2013-07-12,84.5500,88.0000,83.2900,87.7900,2087100
2013-07-15,87.0900,87.6300,85.6600,86.7500,1079000
2013-07-16,86.4200,87.0000,84.9800,85.4900,1124400
2013-07-17,85.2000,86.8000,85.2000,85.5100,804400
2013-07-18,85.9900,86.9300,85.1000,86.7900,715600
2013-07-19,86.9900,89.9600,86.7000,88.5100,2228700
2013-07-22,89.0100,89.3600,87.0000,88.2400,1805100
2013-07-23,87.9500,88.8080,86.2800,86.5500,1219100
2013-07-24,86.9500,87.4800,84.5000,85.2600,1293600
2013-07-25,84.7700,87.8900,84.0000,87.6200,1281300
2013-07-26,80.2200,82.2000,79.6000,80.7100,4072300
2013-07-29,79.9900,81.3400,79.1300,79.6600,1588000
2013-07-30,81.4900,85.7200,81.0000,81.9100,3692700
2013-07-31,82.3700,83.2400,79.6500,79.8000,2060900
2013-08-01,80.5900,81.9800,80.2600,80.7200,2086300
2013-08-02,80.6800,81.2100,78.5200,79.4400,1319800
2013-08-05,79.4900,79.8100,78.0300,78.9900,1036500
2013-08-06,78.6600,78.9850,76.8600,77.3300,930700
2013-08-07,77.3100,78.5200,76.8000,78.0500,974400
2013-08-08,78.4200,78.4200,77.2200,77.6700,707500
2013-08-09,77.2900,78.1100,76.7800,77.1500,798600
2013-08-12,76.8400,77.8400,76.0600,77.4800,1062400
2013-08-13,77.6900,78.0700,76.0400,77.5300,1679000
2013-08-14,77.1100,78.9700,76.4000,78.2500,1286000
2013-08-15,77.3900,78.2600,76.6000,76.9600,1440000
2013-08-16,76.8600,77.3600,76.2500,76.5060,3036200
2013-08-19,76.4500,76.8320,75.2200,75.2800,976400
2013-08-20,75.3400,77.1950,75.0110,76.5500,953400
2013-08-21,76.5100,78.1400,75.8000,76.3500,1010400
2013-08-22,76.8400,78.6000,76.7900,78.4000,779600
2013-08-23,78.4000,79.0000,77.2900,77.7800,835900
2013-08-26,77.6900,78.7300,77.4150,77.9500,717400
2013-08-27,77.0300,77.3800,74.6700,75.0000,1055400
2013-08-28,75.1400,77.0100,74.9000,75.9400,1084700
2013-08-29,75.7900,78.1500,75.5400,77.2500,704600
2013-08-30,77.1200,77.8600,74.8300,75.1500,2105200
2013-09-03,76.2000,77.5700,74.0200,75.3800,2346400
2013-09-04,75.4300,78.5500,74.9100,78.3030,1279300
2013-09-05,78.1300,79.9100,78.1200,78.3800,945900
2013-09-06,79.0600,79.2000,75.7300,78.9900,1500400
2013-09-09,79.1300,82.1600,78.2500,81.9300,1316900
2013-09-10,82.4500,82.7400,79.5000,81.3200,1295700
2013-09-11,81.3700,81.5000,79.2600,79.8100,974000
2013-09-12,81.7600,82.1400,80.2600,81.4000,2285600
2013-09-13,81.2900,81.3000,77.0700,78.2500,2737400
2013-09-16,79.0600,79.4900,75.9100,76.1800,1844200
2013-09-17,76.1400,78.2100,76.0900,78.0300,1532900
2013-09-18,78.1800,78.5340,76.6900,77.1100,1685800
2013-09-19,77.2300,77.3700,76.0000,76.2900,2408700
2013-09-20,77.0100,77.7500,75.3700,76.1500,42258300
2013-09-23,76.5500,76.7408,74.9400,75.5890,3251200
2013-09-24,75.1400,75.7000,73.4300,74.5300,2845200
2013-09-25,74.5500,75.7100,74.4400,74.6700,3181900
2013-09-26,74.6700,76.5900,74.3400,76.5300,1564400
2013-09-27,75.6800,77.5100,75.1600,76.0980,1028600
2013-09-30,75.3200,77.2000,74.9700,75.8200,1277200
2013-10-01,76.0200,77.1200,74.9900,77.0200,1292800
2013-10-02,76.2600,76.8300,75.4900,76.7400,1049300
2013-10-03,76.7500,77.6500,75.9200,77.1600,2017200
2013-10-04,77.5100,77.8400,76.6000,77.2100,1316900
2013-10-07,76.0500,76.3200,75.0700,75.4800,936100
2013-10-08,75.4100,75.8500,71.5000,72.2200,2216700
2013-10-09,72.4000,72.5899,68.7100,70.1500,2638900
2013-10-10,70.1200,71.6100,69.4500,70.9900,1537700
2013-10-11,70.4900,71.0000,68.8900,70.9200,1684800
2013-10-14,69.7400,74.0200,69.6400,73.7100,1722700
2013-10-15,72.4900,74.1500,72.4200,73.3500,1994900
2013-10-16,74.1300,75.9200,73.4318,75.4600,1766500
2013-10-17,75.1300,77.4800,74.3970,76.8600,1420800
2013-10-18,77.0800,78.0000,74.9560,77.0600,2234500
2013-10-21,77.3000,77.5250,74.5100,74.6400,1873700
2013-10-22,75.1300,77.9800,74.9400,77.6200,1525300
2013-10-23,77.1000,77.9800,75.2600,75.6100,1737400
2013-10-24,75.7500,77.7400,75.6100,76.9100,1252500
2013-10-25,77.7000,78.3800,76.0000,76.8300,1619500
2013-10-28,76.6700,78.0100,76.2100,77.8300,1449400
2013-10-29,76.0800,76.8800,72.5737,76.0900,3696400
2013-10-30,74.9700,75.3700,70.7600,71.7500,2685100
2013-10-31,71.7500,72.3800,70.2500,71.3500,2462000
2013-11-01,70.1600,70.3150,66.8100,67.3600,3938900
2013-11-04,67.3100,67.8500,65.8500,66.2100,2780900
2013-11-05,66.1100,66.8300,64.9500,65.3820,1903000
2013-11-06,65.0900,65.4000,61.9600,62.6000,4705500
2013-11-07,63.7000,63.8360,60.9700,61.0250,1916200
2013-11-08,60.8600,62.2500,60.4200,61.0600,2187800
2013-11-11,61.3000,61.6500,60.1000,60.5500,2084300
2013-11-12,60.0101,60.5600,58.0600,60.1800,3606400
2013-11-13,59.8300,62.1330,59.1401,61.2000,2560000
2013-11-14,61.6000,61.6999,60.6000,61.0300,974400
2013-11-15,60.8700,63.4200,60.8700,63.3900,3083600
2013-11-18,63.2100,63.9800,61.2400,61.6900,2132300
2013-11-19,61.5900,62.7500,61.2500,62.3800,1827200
2013-11-20,62.5300,67.6900,62.3900,65.1400,3471600
2013-11-21,65.2400,66.4900,65.1400,66.2300,1592600
2013-11-22,66.6300,67.7260,65.9800,66.2800,1684700
2013-11-25,67.4400,68.9999,66.7500,67.9600,1566400
2013-11-26,68.1200,68.5700,67.1000,68.3700,2132700
2013-11-27,68.3700,68.7900,67.5800,68.3200,1130200
2013-11-29,68.8000,70.6900,68.8000,69.4200,957900
2013-12-02,69.6000,70.1800,68.9300,69.2500,1256700
2013-12-03,68.8100,69.0400,67.3200,67.6600,1646700
2013-12-04,67.5100,68.1000,66.8000,67.3300,1556800
2013-12-05,67.1400,67.4300,65.9800,66.4500,1561600
2013-12-06,67.1300,67.2800,65.7700,66.4500,1240000
2013-12-09,66.5600,66.8675,65.9781,66.7500,1451500
2013-12-10,66.7300,67.1200,65.4100,66.2300,1091300
2013-12-11,66.1200,66.2300,64.1801,64.3900,1195800
2013-12-12,64.3800,66.5000,64.1240,65.3600,1262400
2013-12-13,65.1100,65.9100,64.1200,65.1800,1146500
2013-12-16,65.6800,66.6400,63.9100,64.7600,1212900
2013-12-17,64.5900,65.8100,63.6500,65.5800,1345000
2013-12-18,66.1000,69.6100,66.0001,68.6300,3004500
2013-12-19,67.0000,71.0000,67.0000,69.9500,3968900
2013-12-20,70.5300,71.9300,69.9300,71.8300,3661900
2013-12-23,72.4000,73.8900,72.0000,73.4800,1496800
2013-12-24,73.5000,73.8680,72.8400,73.4900,449500
2013-12-26,73.6300,74.0500,72.7600,73.8100,698700
2013-12-27,74.0100,74.0800,72.9900,73.4500,633500
2013-12-30,73.6000,74.3450,72.8400,73.8900,624700
2013-12-31,74.0700,74.7000,73.7100,74.3000,782400
2014-01-02,74.0700,74.1500,72.8800,73.8300,966800
2014-01-03,74.0100,74.6300,73.1700,73.4500,799600
2014-01-06,74.9200,75.9381,74.1100,75.5000,1699600
2014-01-07,75.7500,75.8250,73.9720,74.4900,1021400
2014-01-08,74.5500,75.3800,74.1000,75.2300,882600
2014-01-09,75.4400,77.0000,74.9600,76.3200,1660200
2014-01-10,76.0700,78.2200,75.7100,78.2100,1204300
2014-01-13,77.8400,78.7200,76.1600,77.0400,2865100
2014-01-14,77.3600,79.4700,77.3600,79.3800,1841000
2014-01-15,79.1000,79.2200,78.1955,78.7700,1221600
2014-01-16,79.1700,81.0300,78.7701,81.0000,1503200
2014-01-17,80.9800,82.8100,80.6400,82.0900,1978400
2014-01-21,82.8600,85.8450,81.7500,85.4800,2635100
2014-01-22,85.6800,87.7700,83.4500,84.1200,2397900
2014-01-23,83.3500,84.1997,82.4850,83.8300,1251200
2014-01-24,83.1200,83.1200,79.7500,79.7700,1847400
2014-01-27,79.7500,80.9700,77.0100,79.3700,2657100
2014-01-28,79.6900,81.2300,78.9900,79.3000,1340700
2014-01-29,78.5600,81.7500,77.8504,78.8200,1973700
2014-01-30,80.8200,84.3800,80.0500,82.1500,2458500
2014-01-31,80.7000,80.9950,78.9600,79.0400,1572700
2014-02-03,78.5000,79.8400,77.1600,77.6300,2403900
2014-02-04,76.9500,79.7000,76.7800,79.1500,2141200
2014-02-05,78.1200,78.7300,75.8900,77.4100,1843600
2014-02-06,76.4500,79.2400,76.2400,78.1700,1685300
2014-02-07,78.6900,81.4600,78.2300,81.4100,1465400
2014-02-10,81.1000,82.3000,80.9500,82.1700,1590400
2014-02-11,82.2800,85.0000,81.5600,84.9800,1439000
2014-02-12,84.5400,85.8900,83.4900,83.9000,1265800
2014-02-13,83.3900,85.6500,82.0300,85.0000,1492700
2014-02-14,84.3800,84.9800,81.0500,81.6100,1772000
2014-02-18,82.0300,83.3000,81.9200,82.0000,2043400
2014-02-19,81.9600,84.4100,81.6100,82.6000,1241500
2014-02-20,83.0700,84.4600,81.8600,84.0100,1234400
2014-02-21,84.4400,86.1200,83.4800,84.8100,1911500
2014-02-24,85.2900,85.2900,83.7600,83.9500,1287300
2014-02-25,84.2100,85.9800,83.5700,84.6200,1292700
2014-02-26,84.6300,85.2197,83.4500,83.9500,1128900
2014-02-27,84.2400,84.5700,82.3900,83.1600,1374800
2014-02-28,83.4800,84.2490,79.3300,80.8600,1786100
2014-03-03,80.2500,83.2500,79.5700,81.5600,1134700
2014-03-04,82.5400,83.8200,81.6500,83.1200,1204800
2014-03-05,83.2700,83.4200,82.0800,82.9600,914200
2014-03-06,83.5100,83.5900,79.3300,79.9400,1522600
2014-03-07,80.5100,81.6000,76.3100,79.9400,1706700
2014-03-10,79.6000,79.9200,77.9200,79.6500,1316300
2014-03-11,79.9900,80.5600,78.4800,79.1900,1201000
2014-03-12,78.6400,80.1500,78.0501,79.8700,946300
2014-03-13,79.9200,80.0000,77.1100,77.8600,1130400
2014-03-14,77.5700,79.7600,76.9010,78.3200,1179300
2014-03-17,77.5000,79.5100,77.0200,77.7000,1301600
2014-03-18,78.0000,79.9500,77.6900,79.0000,959600
2014-03-19,78.7300,79.2000,77.1600,77.8000,1361800
2014-03-20,77.7200,78.5700,76.6000,77.7700,957300
2014-03-21,77.5000,77.7500,72.8200,73.8300,3525900
2014-03-24,74.3000,74.6000,70.5800,72.4400,1982600
2014-03-25,72.7500,73.9200,70.3100,71.9000,1409800
2014-03-26,72.5600,72.7700,69.8600,70.4400,1656900
2014-03-27,70.3000,71.6500,68.2400,70.7800,1786200
2014-03-28,71.0700,72.6700,67.4900,67.8000,1425600
2014-03-31,68.1700,71.3500,68.0100,70.7200,1860600
2014-04-01,71.3200,73.1200,70.7600,71.8700,2319500
2014-04-02,72.0000,73.1000,71.6500,72.3000,1316700
2014-04-03,71.9600,72.7400,67.9300,69.1200,1720700
2014-04-04,70.0600,70.1500,65.4400,65.8400,2207100
2014-04-07,66.0000,67.2400,64.0500,66.4000,1646400
2014-04-08,65.8400,67.0000,64.6000,65.3500,1677400
2014-04-09,65.5900,70.0600,65.3200,69.9500,2107100
2014-04-10,69.3200,69.8100,65.3100,65.6900,2545700
2014-04-11,64.9700,67.6400,63.0000,63.0600,2139900
2014-04-14,64.0500,65.1400,61.1900,62.4400,1695800
2014-04-15,62.8300,63.9700,59.7900,63.2500,1886000
2014-04-16,63.8100,64.8200,62.8300,64.3900,1459500
2014-04-17,64.1800,65.6800,63.4200,64.1700,1387400
2014-04-21,64.5200,65.5600,63.0400,65.4700,1103800
2014-04-22,65.6900,69.0500,65.6700,68.3000,1862200
2014-04-23,69.4900,69.4900,66.1700,66.9200,1445200
2014-04-24,66.9600,67.4900,64.0500,66.1800,1204700
2014-04-25,65.5500,66.3200,64.0200,64.1900,1120400
2014-04-28,64.6400,66.1000,62.4200,64.5100,1333500
2014-04-29,64.9700,67.6800,64.1950,67.5700,1282200
2014-04-30,67.2700,67.9900,65.9404,67.7000,1466200
2014-05-01,67.5400,69.7100,66.5300,68.9500,1832800
2014-05-02,69.3700,71.6800,66.2950,66.3700,2812400
2014-05-05,65.4100,68.5000,64.8100,68.4100,1467900
2014-05-06,68.4000,68.7500,66.4700,66.5600,1373600
2014-05-07,66.4900,67.0700,64.2300,65.1700,1380900
2014-05-08,65.1300,66.1400,63.4600,63.8000,1309600
2014-05-09,63.9000,65.1000,62.4050,65.0500,1245900
2014-05-12,65.8100,67.7600,65.1300,67.7400,1462700
2014-05-13,67.6200,67.9300,66.3200,66.7100,827200
2014-05-14,66.8500,68.2800,65.3200,67.6900,1028800
2014-05-15,66.6900,67.4800,65.0200,65.4600,1538500
2014-05-16,65.5900,66.1100,63.6000,65.0300,2018800
2014-05-19,65.0000,67.4800,64.2800,67.2200,1317200
2014-05-20,67.2800,67.4300,65.0600,65.4900,1071400
2014-05-21,65.5100,67.1900,65.4700,67.1500,1076100
2014-05-22,68.2400,71.4800,67.5001,71.1800,2010700
2014-05-23,71.5100,71.8500,70.0101,71.0400,1118600
2014-05-27,72.0700,73.3800,71.3280,73.3600,1593600
2014-05-28,73.4300,73.4800,71.6500,71.7200,1460300
2014-05-29,72.3100,72.9600,71.4200,72.8100,1321000
2014-05-30,72.9600,72.9600,71.3300,72.2600,1173600
2014-06-02,72.1600,72.9800,71.5400,72.6300,1173000
2014-06-03,71.7000,72.9800,71.0000,72.9600,975500
2014-06-04,72.6000,73.6000,72.2400,72.6400,1581900
2014-06-05,72.6300,73.4500,71.6050,73.0600,1397700
2014-06-06,73.6500,73.6500,72.4700,73.4900,1185200
2014-06-09,73.6400,75.4300,73.3000,74.6100,1114000
2014-06-10,74.3000,75.2300,72.7900,74.0400,1307500
2014-06-11,73.3800,74.7000,73.2200,74.0800,1033100
2014-06-12,73.7800,74.9300,73.0300,73.5000,1029000
2014-06-13,73.8800,73.9100,72.5500,73.4900,806300
2014-06-16,69.1600,71.0200,67.0200,67.1200,3436200
2014-06-17,66.9700,67.7450,65.6600,65.8900,1568200
2014-06-18,66.2300,66.3000,64.1900,65.0800,2213200
2014-06-19,65.4000,65.4900,63.6800,64.6300,2181900
2014-06-20,64.9600,65.0500,63.9700,64.9600,2685900
2014-06-23,65.0600,67.6000,64.7200,66.6100,2165100
2014-06-24,98.0200,98.8000,89.9300,93.5300,25236800
2014-06-25,92.2600,93.3500,89.2700,89.8600,7001200
2014-06-26,89.0000,93.3000,88.2700,93.1700,5511800
2014-06-27,93.0900,94.0000,91.9200,93.7700,2179700
2014-06-30,93.7700,94.8900,93.0500,94.6800,2487300
2014-07-01,93.8700,96.2900,93.7400,95.8500,2150100
2014-07-02,95.3500,98.7300,95.3300,98.0300,3178600
2014-07-03,97.8000,99.0000,97.3400,98.8000,1300900
2014-07-07,97.7100,99.5800,96.0800,96.8400,2146600
2014-07-08,96.8800,97.3100,94.7500,95.0400,2747600
2014-07-09,95.5400,98.6500,94.8900,98.1000,1898200
2014-07-10,96.1500,98.4900,95.0500,97.8200,1330200
2014-07-11,98.0800,99.7400,97.1400,99.0700,1755600
2014-07-14,99.1600,99.2850,97.0300,98.3800,1246700
2014-07-15,98.2600,98.4900,95.2500,96.5300,1558400
2014-07-16,96.7000,97.2200,94.4204,96.8300,1618900
2014-07-17,95.8300,96.6800,94.3100,94.4900,1633000
2014-07-18,95.0600,97.7800,94.4000,97.2000,1964400
2014-07-21,96.7000,97.1980,95.3500,96.3100,1152800
2014-07-22,96.6000,98.0800,95.7500,97.7400,1499300
2014-07-23,97.7400,98.6100,97.4400,98.1400,1458100
2014-07-24,97.8700,98.4500,95.6800,95.7700,1959100
2014-07-25,96.0100,96.8100,94.6700,95.7500,1259000
2014-07-28,95.4800,96.2900,95.2400,95.5600,1178300
2014-07-29,95.4000,96.6300,95.2500,95.5600,1449700
2014-07-30,93.4900,95.2400,91.3101,92.0100,2295400
2014-07-31,90.6400,91.8500,88.1100,88.9100,2470100
2014-08-01,89.6000,90.3700,86.5600,87.5300,2479400
2014-08-04,88.3700,89.9900,86.1000,86.6900,1964600
2014-08-05,86.1800,88.0600,85.7000,87.0000,1492700
2014-08-06,86.3100,87.5500,85.7100,86.8100,1195400
2014-08-07,86.9400,87.4500,84.5950,84.7400,1388800
2014-08-08,85.2000,86.9900,85.1775,86.4200,986400
2014-08-11,85.9700,86.7100,84.4700,86.2000,959500
2014-08-12,86.0200,86.5900,84.9400,85.4100,710200
2014-08-13,84.4100,89.1300,84.4100,88.7500,1386800
2014-08-14,88.4600,90.4300,88.1100,90.3700,1156400
2014-08-15,90.8700,91.8500,89.5500,90.8800,1053300
2014-08-18,91.1100,92.4000,90.6135,91.3000,1147800
2014-08-19,90.8500,92.2500,90.6800,91.9200,894200
2014-08-20,91.4600,92.7300,90.5700,91.3000,1071400
2014-08-21,91.3200,91.8800,88.3800,88.9900,1007400
2014-08-22,89.5000,90.6300,88.6700,90.2200,862400
2014-08-25,91.1300,92.5500,90.5100,91.7600,971900
2014-08-26,90.8900,94.5000,90.8900,93.6400,1893600
2014-08-27,94.0300,94.3000,92.7100,93.0300,837000
2014-08-28,92.5500,94.0800,92.3400,92.8000,557400
2014-08-29,93.0800,94.0000,92.4000,93.5700,723200
2014-09-02,94.2900,94.3000,91.6900,92.9600,1289800
2014-09-03,93.2000,93.9900,92.2601,92.8200,660100
2014-09-04,92.9900,93.4100,90.9900,91.5500,864900
2014-09-05,94.6800,96.3100,93.5500,95.0400,2053400
2014-09-08,95.0700,96.4000,94.0200,94.4900,1353100
2014-09-09,94.1700,94.4799,92.4800,93.1200,967000
2014-09-10,93.1700,94.9800,92.8000,94.7400,1705200
2014-09-11,94.3000,96.2000,92.2700,94.2500,1339400
2014-09-12,93.9700,93.9800,92.0500,92.9900,1215500
2014-09-15,92.8100,92.8100,91.2700,92.1300,1150800
2014-09-16,92.2200,94.3000,91.0400,93.8600,1549600
2014-09-17,94.3000,94.9200,92.0400,94.5000,1275200
2014-09-18,95.0000,97.4200,94.3210,97.3500,1413900
2014-09-19,98.1200,105.5300,97.5400,103.7500,6299300
2014-09-22,103.7900,105.3700,102.7105,104.7100,2695700
2014-09-23,104.2800,105.7200,102.7800,104.8400,2410200
2014-09-24,104.8400,112.1000,104.0972,111.9800,3774372
2014-09-25,111.4300,112.7100,109.9700,110.2800,2601791
2014-09-26,112.3600,114.2400,110.9200,113.6000,2235861
2014-09-29,112.9900,116.8800,110.9100,113.9000,2067143
2014-09-30,113.3700,114.4300,110.5780,112.3100,2444208
2014-10-01,112.8800,112.8900,105.2700,107.2500,2747701
2014-10-02,107.1400,107.3700,101.5200,104.8000,2361692
2014-10-03,105.3700,109.0800,103.7900,108.5900,1954194
2014-10-06,109.3700,110.5500,104.4000,105.7600,1462565
2014-10-07,104.7000,106.0400,102.7200,102.8300,1237065
2014-10-08,103.4800,107.6700,102.5300,107.0200,1470936
2014-10-09,105.7900,109.1500,103.7800,105.2700,1578339
2014-10-10,105.2600,108.4100,104.1100,104.7300,2015910
2014-10-13,106.7400,109.9400,105.6300,105.9100,2409571
2014-10-14,107.0200,107.7900,103.3000,104.2600,1802387
2014-10-15,102.0000,103.7500,96.4300,101.1000,2353867
2014-10-16,99.2500,103.1900,97.7700,101.2600,1822737
2014-10-17,101.1300,102.9500,99.2600,102.3500,1825852
2014-10-20,102.5100,105.0000,101.8450,104.7700,1178616
2014-10-21,105.8600,110.9100,104.5100,108.1600,1897317
2014-10-22,109.3600,111.0000,106.0000,106.1700,1539994
2014-10-23,107.0300,109.5500,106.3272,108.0900,1261219
2014-10-24,108.1200,110.2500,107.0700,109.9100,939320
2014-10-27,109.3400,111.7800,107.8600,111.5900,1204972
2014-10-28,112.3700,115.2400,111.7830,114.0700,2170562
2014-10-29,113.8300,113.9232,108.0200,109.9100,2449051
2014-10-30,109.2100,111.8200,108.6100,110.8500,1398361
2014-10-31,113.7500,114.9799,111.0200,112.6400,1664600
2014-11-03,112.6400,113.3500,111.6100,112.9800,1046824
2014-11-04,112.3200,115.5200,111.9100,114.1000,1196307
2014-11-05,114.6700,114.9900,110.9100,111.5900,1099251
2014-11-06,112.4300,117.6050,111.8500,117.2900,1533635
2014-11-07,116.8300,117.1900,113.7900,115.9300,1307194
2014-11-10,116.1600,117.5620,114.0000,116.9400,1131693
2014-11-11,116.9400,117.9700,116.0680,117.4900,861704
2014-11-12,117.2100,117.4800,114.4500,116.6800,833768
2014-11-13,116.7000,116.7500,111.8500,112.7200,1240701
2014-11-14,113.4600,114.2300,110.0500,111.3400,1127471
2014-11-17,110.8000,112.2800,110.2600,111.6200,930453
2014-11-18,111.1700,112.5950,109.8700,111.0400,1815113
2014-11-19,111.0300,118.1700,111.0000,112.8000,1988519
2014-11-20,112.8800,113.0000,109.3400,112.8900,2557395
2014-11-21,114.4300,114.4300,110.6200,111.4000,1300131
2014-11-24,111.5500,113.9600,111.3200,113.8000,1085941
2014-11-25,114.1700,114.9900,113.6300,114.1900,1786132
2014-11-26,114.6800,116.2700,113.8900,115.3900,1061103
2014-11-28,115.6500,120.9100,115.6500,117.8800,1121848
2014-12-01,117.8900,119.7600,115.3700,116.8500,1100988
2014-12-02,116.4500,119.4000,116.1600,118.9500,1168055
2014-12-03,120.2000,121.8780,119.0000,120.1800,1083698
2014-12-04,119.6800,121.1900,117.5200,118.7100,971710
2014-12-05,118.4900,118.8426,117.0500,117.9500,1123124
2014-12-08,118.2300,121.1000,117.9500,119.3800,1486666
2014-12-09,118.3300,120.8000,116.7900,120.3000,1056734
2014-12-10,120.1800,121.6500,116.7300,117.2000,1563140
2014-12-11,118.1200,122.2600,117.2020,120.7800,1299781
2014-12-12,118.8700,121.0900,118.3800,118.5500,1329784
2014-12-15,120.1700,120.2400,112.5900,112.8800,2137989
2014-12-16,112.6400,113.4400,110.0700,110.8550,2113070
2014-12-17,110.3700,112.9500,108.7000,111.8500,2554198
2014-12-18,114.0800,118.6700,111.6600,117.7400,2148261
2014-12-19,117.2500,124.3500,116.7600,118.9000,6131369
2014-12-22,118.9200,122.1650,116.0000,116.6800,2098087
2014-12-23,117.5300,119.5400,109.3430,113.7500,4062358
2014-12-24,113.7500,117.2850,113.3100,115.1500,519021
2014-12-26,115.5600,118.8300,115.5100,118.4100,573348
2014-12-29,117.9100,120.0000,116.8400,119.7900,935935
2014-12-30,119.3600,120.4200,119.0100,119.1500,861209
2014-12-31,119.6100,121.9600,118.5000,118.8000,946341
2015-01-02,119.9700,123.6800,118.3000,123.0700,1442665
2015-01-05,122.2700,122.7800,119.3400,121.0300,1684426
2015-01-06,121.3100,122.5800,116.8000,117.3600,2289743
2015-01-07,118.8200,120.7700,117.6300,120.6600,1219866
2015-01-08,122.0000,124.0000,121.1400,123.9700,1358285
2015-01-09,123.7500,125.2900,122.0000,122.2100,1061145
2015-01-12,123.0100,124.4000,117.7300,118.3100,2783167
2015-01-13,120.4000,123.8500,119.7000,120.6000,1631808
2015-01-14,118.4200,121.2199,118.4200,120.3800,1224932
2015-01-15,120.7800,121.3899,117.6800,117.7800,1052322
2015-01-16,117.4000,123.0800,117.1450,122.8600,1424710
2015-01-20,123.1400,125.2600,121.0300,124.7400,1102897
2015-01-21,123.7100,126.2100,123.7100,125.0850,1196838
2015-01-22,125.4100,127.6900,122.0100,127.3000,1579283
2015-01-23,126.7200,127.0150,125.0200,125.5700,977026
2015-01-26,125.8600,126.8250,124.4400,125.1200,1203838
2015-01-27,123.9100,126.5400,123.5100,123.6700,1103818
2015-01-28,124.7600,124.9900,120.8800,121.2600,1830552
2015-01-29,112.4000,115.9410,111.2800,114.1400,4027048
2015-01-30,113.1700,116.1900,110.0000,110.1400,3027762
2015-02-02,110.3100,111.3620,107.0800,111.1800,1797560
2015-02-03,111.1800,111.6600,106.6200,108.7200,2205090
2015-02-04,107.5000,110.6400,103.7500,109.2700,2302622
2015-02-05,109.4200,111.8600,108.2700,111.5900,1099180
2015-02-06,107.1200,112.8700,106.8000,108.6600,1718740
2015-02-09,108.2900,109.5999,107.1600,107.8800,1183820
2015-02-10,108.3400,109.7800,107.4300,108.4300,1282335
2015-02-11,108.6800,110.2200,107.2300,108.6200,990870
2015-02-12,109.4300,109.9700,108.0650,109.6300,1328765
2015-02-13,109.9900,113.8500,108.0001,113.6600,1689561
2015-02-17,113.6100,115.6800,112.5350,113.4000,999112
2015-02-18,112.3400,113.7800,111.8400,113.5700,960912
2015-02-19,113.4700,113.9900,111.6800,111.9700,1244059
2015-02-20,112.5500,118.7930,111.7800,118.6100,2467549
2015-02-23,118.2800,119.9100,116.0700,117.1200,1262645
2015-02-24,117.3100,117.3100,114.7100,116.9200,1011019
2015-02-25,115.4350,121.5000,115.4300,118.8400,1651106
2015-02-26,119.0500,120.2300,116.5000,119.9700,1303281
2015-02-27,119.9200,120.5200,118.2100,119.4300,1050126
2015-03-02,120.6200,120.7200,118.4400,120.1700,1511228
2015-03-03,120.0600,123.8200,119.1100,123.5200,1533144
2015-03-04,123.1300,123.4000,119.7500,120.0500,1363212
2015-03-05,120.7900,127.3600,120.2800,126.9600,2413717
2015-03-06,126.8400,126.9600,124.7800,126.3400,1581081
2015-03-09,126.3400,127.4190,125.0000,126.9800,1402960
2015-03-10,125.8900,126.3800,123.9000,124.1400,1672403
2015-03-11,124.5200,124.6400,121.7800,122.6400,1570934
2015-03-12,123.2100,123.6600,121.1800,123.3100,1371595
2015-03-13,123.3100,125.6900,121.0650,124.0000,1354443
2015-03-16,124.8600,129.4200,124.7700,127.7300,1974548
2015-03-17,127.1600,129.4600,126.4600,129.1500,1195647
2015-03-18,129.6300,130.9500,127.5100,129.7900,1926812
2015-03-19,131.1600,134.4100,130.0700,134.2500,2143332
2015-03-20,135.0000,136.3300,130.6300,131.0000,5731415
2015-03-23,123.6200,128.5400,122.0000,125.7900,5118515
2015-03-24,126.2400,128.8000,124.1300,124.3350,1780271
2015-03-25,124.5000,126.2900,118.1600,118.6400,2429906
2015-03-26,118.9400,120.0200,116.6100,117.6000,1902885
2015-03-27,117.7300,120.7800,117.4500,120.3400,1618094
2015-03-30,121.2300,122.1400,119.5200,121.2500,1263776
2015-03-31,119.9800,121.0200,117.8100,117.9700,1525084
2015-04-01,117.5900,117.5900,113.6800,116.4300,1910642
2015-04-02,115.8500,117.7400,114.3200,117.2300,1513946
2015-04-06,116.1000,120.0000,115.1100,118.2500,1252182
2015-04-07,118.1200,122.0600,118.1200,120.4700,1113197
2015-04-08,120.8300,124.5600,120.3300,123.7900,1356888
2015-04-09,123.6700,125.7500,123.0900,125.6400,1091722
2015-04-10,126.7600,128.7800,125.8400,128.4700,1119522
2015-04-13,128.4700,129.6900,127.7000,127.8100,1004832
2015-04-14,127.7500,128.9931,126.1300,128.7300,949006
2015-04-15,128.1000,130.2600,126.7500,129.2000,1203780
2015-04-16,129.0300,131.6300,127.6100,128.9400,1142328
2015-04-17,127.5200,128.9000,124.4600,125.0700,1579115
2015-04-20,126.1400,127.0100,124.4650,125.5500,1351412
2015-04-21,128.8000,135.3100,127.2100,132.2000,3073965
2015-04-22,132.2800,133.7200,130.3600,132.8500,1119812
2015-04-23,132.4400,137.5000,131.7900,135.8200,1672488
2015-04-24,133.6100,135.9400,132.9400,133.2000,1246849
2015-04-27,134.0900,135.0700,126.6900,127.8800,2258831
2015-04-28,128.2700,130.0000,123.8900,125.4700,1696251
2015-04-29,124.5800,127.7400,123.1100,123.7600,1705828
2015-04-30,124.1700,128.6850,121.3000,123.2800,1849674
2015-05-01,123.9200,125.9700,123.8160,125.6000,1171946
2015-05-04,126.0700,129.2200,125.4600,126.3000,1196653
2015-05-05,125.4200,126.2200,121.1500,122.1500,1434216
2015-05-06,122.6100,125.1600,121.3750,122.9300,1266632
2015-05-07,122.8900,125.7800,121.1700,125.0500,1306153
2015-05-08,124.5000,131.4200,124.5000,127.4100,2294548
2015-05-11,129.0000,129.5300,123.5300,124.0800,2293675
2015-05-12,124.0800,124.0800,124.0800,124.0800,569747
2015-05-13,131.2500,131.3600,125.0000,125.5200,3879416
2015-05-14,126.0000,126.4800,121.0166,123.0000,2637053
2015-05-15,124.1700,127.1100,123.5416,126.2100,2213209
2015-05-18,126.2100,127.4700,125.1555,127.3100,1641804
2015-05-19,127.2900,129.1524,126.4139,128.3100,1097069
2015-05-20,127.1600,127.9900,124.3400,126.7500,1704889
2015-05-21,126.4200,127.1000,124.3150,125.0500,1202635
2015-05-22,124.9100,125.9550,124.3300,125.0800,1174654
2015-05-26,124.8000,125.7000,122.3400,122.6300,1140179
2015-05-27,123.2300,127.9000,121.8100,127.8000,1387117
2015-05-28,126.7500,128.2400,126.3600,127.4000,799116
2015-05-29,126.9200,128.8700,125.6700,128.2900,1212778
2015-06-01,128.4800,128.9799,126.1100,126.8000,946918
2015-06-02,126.2800,127.5000,123.3000,124.8000,1341850
2015-06-03,124.3800,126.9800,124.1300,126.9200,935977
2015-06-04,125.8400,127.9175,125.4600,126.9400,1221432
2015-06-05,126.1000,127.9800,125.0300,127.3500,707534
2015-06-08,127.0000,127.2700,124.9400,125.5200,892633
2015-06-09,125.7600,125.8399,122.8890,124.0800,781233
2015-06-10,124.4900,126.1600,122.3900,125.1800,1291453
2015-06-11,125.8600,126.8800,125.1500,126.3500,1216063
2015-06-12,125.8700,126.2900,122.6900,124.3600,964272
2015-06-15,123.6500,124.5400,121.3900,123.4950,999150
2015-06-16,123.5200,124.9700,123.0000,123.3400,603865
2015-06-17,123.5700,125.0000,122.8600,124.0450,782457
2015-06-18,124.6200,127.7500,123.9400,127.6300,1410708
2015-06-19,127.4600,129.2600,126.5400,128.0400,1925610
2015-06-22,127.9900,129.2397,126.5700,129.0300,887721
2015-06-23,129.5700,131.7700,129.3900,131.6200,1333080
2015-06-24,131.6800,132.9800,129.0500,129.5900,1147559
2015-06-25,130.2700,130.8400,127.8900,128.3500,1201737
2015-06-26,130.5000,131.0000,126.8600,126.8700,4661797
2015-06-29,125.8000,126.4700,121.8400,122.0300,1288950
2015-06-30,124.3300,125.1600,122.3900,123.4800,1501378
2015-07-01,124.1100,126.6450,124.1004,126.1900,1451141
2015-07-02,127.0200,132.0000,126.0000,131.2600,3660501
2015-07-06,128.9500,130.6200,126.9000,128.8300,2264618
2015-07-07,129.0000,129.4600,125.5900,127.4800,1566992
2015-07-08,126.6400,126.8599,120.9400,121.5400,1994117
2015-07-09,123.0100,123.9000,120.8800,120.8900,1660328
2015-07-10,122.7500,123.3900,121.2000,122.9500,1520504
2015-07-13,123.8100,124.5600,123.0000,124.2400,1067043
2015-07-14,124.9900,129.8300,123.2400,129.4400,1784679
2015-07-15,130.5400,136.3600,130.2500,133.5300,3082443
2015-07-16,133.4900,134.3200,133.1200,133.9000,2004219
2015-07-17,134.2900,134.4780,132.2800,134.1700,1276717
2015-07-20,134.6800,135.1500,132.9500,133.4700,1045590
2015-07-21,133.6600,133.8850,129.9100,130.9700,1046828
2015-07-22,130.5100,132.1200,129.9400,131.0200,978521
2015-07-23,131.7100,131.9500,129.9300,130.8500,870010
2015-07-24,130.0200,130.6950,124.6200,125.5000,1362793
2015-07-27,124.2400,125.3490,121.3100,123.2300,2042296
2015-07-28,124.4700,128.5600,122.4100,128.3000,1944884
2015-07-29,128.2800,128.9800,125.2700,125.6200,1785295
2015-07-30,126.0900,135.9000,121.1500,135.4600,3099814
2015-07-31,134.8900,136.0000,133.0200,135.0000,1545982
2015-08-03,134.8800,139.1500,134.6800,136.9900,2161124
2015-08-04,137.8100,141.8400,137.1300,140.3000,2013809
2015-08-05,141.5900,143.1600,139.7600,141.2200,1361214
2015-08-06,141.2500,142.3600,137.2160,139.4400,1570305
2015-08-07,138.9400,139.5000,136.0300,137.7400,2440970
2015-08-10,139.1700,143.4500,139.1600,139.6300,1679199
2015-08-11,138.8500,139.1300,134.0300,135.8700,1475651
2015-08-12,134.4800,138.2900,132.1300,137.6400,1160550
2015-08-13,137.8900,140.0000,136.8900,137.3700,1268685
2015-08-14,137.2500,137.6200,133.9568,136.8800,956643
2015-08-17,136.3900,140.0600,135.0100,139.6100,816297
2015-08-18,140.0300,141.4900,138.3800,139.7600,949851
2015-08-19,140.4500,142.4900,137.8500,141.4800,1339352
2015-08-20,138.6900,140.6600,132.6300,132.9100,1861663
2015-08-21,131.3300,133.4300,125.3600,125.4700,2505007
2015-08-24,117.5400,128.1499,112.8900,119.2700,3324839
2015-08-25,126.7100,126.8400,120.8900,121.1700,2644370
2015-08-26,124.6000,130.2900,121.8100,130.1100,2515889
2015-08-27,131.4900,133.9900,129.8500,133.7500,2017524
2015-08-28,132.3900,134.5300,131.0280,134.0500,1240196
2015-08-31,132.7100,134.2400,127.4100,127.5200,1711093
2015-09-01,124.0700,127.4200,123.0000,124.0400,1998482
2015-09-02,125.5600,129.1000,124.0000,129.0000,1486912
2015-09-03,130.1300,130.7600,126.1500,126.5300,1010247
2015-09-04,124.3000,128.0400,123.8100,126.9900,1240743
2015-09-08,129.9300,133.4900,127.9700,133.1100,1346925
2015-09-09,134.4900,134.6100,129.3100,129.9500,1104588
2015-09-10,129.2100,133.7100,129.2100,132.0000,981704
2015-09-11,131.0000,134.1300,130.1000,134.0600,1056164
2015-09-14,136.3100,136.6700,132.7140,134.8500,1390154
2015-09-15,135.5900,136.4900,133.4000,135.4500,1116017
2015-09-16,135.9900,136.9700,131.4200,133.6600,1186612
2015-09-17,134.0300,136.6200,133.1100,135.1900,1175894
2015-09-18,132.2600,132.2600,123.9800,124.1600,4404873
2015-09-21,124.8700,126.7800,117.5800,118.1900,2583104
2015-09-22,116.4200,116.9900,110.4100,114.4100,4493650
2015-09-23,114.2600,115.8800,108.4500,111.8600,3310171
2015-09-24,110.3000,112.9400,109.0200,111.1100,2671675
2015-09-25,112.3100,113.3800,101.0000,103.2800,3395512
2015-09-28,103.7200,104.5000,97.7900,98.5000,3918266
2015-09-29,97.8400,105.4599,97.4500,99.8300,3784080
2015-09-30,102.0800,105.8440,101.5800,104.1400,2804530
2015-10-01,103.2000,107.4300,101.4875,107.2300,2487218
2015-10-02,107.2400,115.2300,106.0100,115.1800,3527653
2015-10-05,116.7600,117.2100,112.5200,114.5200,2344353
2015-10-06,113.5500,114.5000,104.1700,109.4600,3592988
2015-10-07,110.5400,112.4800,106.5200,109.4000,2661983
2015-10-08,109.2500,110.5000,102.9600,109.0300,2745656
2015-10-09,109.4200,112.5000,107.7200,110.0000,1861423
2015-10-12,110.6400,114.2500,109.0800,113.2500,1860803
2015-10-13,112.5100,114.5600,109.1700,109.4000,1676232
2015-10-14,109.8100,114.9500,109.6300,113.3000,2335986
2015-10-15,113.0700,115.8800,111.4700,115.7900,2010335
2015-10-16,116.0400,118.8300,112.5000,114.3200,1936477
2015-10-19,113.4300,117.5800,112.7572,115.8800,1894538
2015-10-20,115.7100,115.8700,110.0700,110.2500,1683657
2015-10-21,112.0100,112.4100,106.3000,109.6200,1625407
2015-10-22,109.8700,111.2900,107.4600,109.4900,1844749
2015-10-23,110.8100,114.5500,110.0800,114.3700,1656766
2015-10-26,114.2900,117.2800,112.1100,114.7700,1518686
2015-10-27,114.8400,121.1100,113.5001,121.0100,2430917
2015-10-28,120.4000,121.8700,116.5200,120.1000,3676511
2015-10-29,126.5600,129.1300,122.6800,126.1700,3562950
2015-10-30,126.9300,126.9300,122.6900,124.7400,2033471
2015-11-02,123.6000,128.3500,122.7100,126.9400,1854739
2015-11-03,127.2100,128.9800,125.6150,128.3600,1812731
2015-11-04,128.8800,128.9399,122.5600,124.9000,1614378
2015-11-05,125.0000,126.3400,121.8200,121.9100,1486215
2015-11-06,120.2500,121.3400,117.0100,117.9600,2526440
2015-11-09,117.7000,120.1100,116.9401,118.8500,1522276
2015-11-10,118.8000,119.9500,117.5600,118.9000,1034561
2015-11-11,119.5900,119.9000,117.5235,118.2000,1053059
2015-11-12,117.7800,119.1100,116.8700,117.3000,1022433
2015-11-13,117.1300,123.0900,116.7800,123.0500,2292584
2015-11-16,122.2800,125.5000,121.5200,125.2800,1615142
2015-11-17,125.0800,128.3600,124.2700,128.2600,1499225
2015-11-18,128.0100,133.4200,127.8400,133.2600,1760818
2015-11-19,133.0100,134.0000,129.7700,130.0800,1248262
2015-11-20,132.5400,133.6400,130.1100,130.5500,1672864
2015-11-23,130.7800,134.7100,130.1156,132.2900,970121
2015-11-24,130.7300,133.2000,130.0800,133.1300,1031265
2015-11-25,133.1600,134.0000,131.5600,131.9700,689929
2015-11-27,132.6300,134.2300,132.6300,133.0600,340914
2015-11-30,132.8800,133.4100,129.2000,129.3600,1344652
2015-12-01,131.0000,132.8100,128.0400,130.3600,1185824
2015-12-02,130.6300,132.5598,129.6000,130.4100,930544
2015-12-03,130.2600,130.2600,120.4600,122.0600,1770307
2015-12-04,122.8200,125.8700,122.5800,125.1700,1658058
2015-12-07,125.3500,125.7900,121.3600,121.7900,1510327
2015-12-08,121.0200,123.7800,120.0100,123.2900,1374874
2015-12-09,122.5500,123.1300,119.4000,120.6300,1555460
2015-12-10,119.5500,123.1200,119.5100,121.8700,1309317
2015-12-11,120.2000,122.0300,117.2300,117.6400,2205686
2015-12-14,117.6100,118.4000,113.7300,115.7000,2283410
2015-12-15,117.0400,118.3900,115.8400,117.2800,3948162
2015-12-16,118.2700,119.3800,113.7700,118.5300,2808216
2015-12-17,118.3100,119.5700,116.4400,117.9400,1220256
2015-12-18,117.1700,119.3100,116.4800,116.5100,2367492
2015-12-21,117.4300,120.8510,116.4000,120.5600,1237357
2015-12-22,121.0900,122.9700,120.0800,122.7400,1525939
2015-12-23,123.9200,124.2160,121.9500,123.8000,1162987
2015-12-24,124.3800,125.4000,124.2000,124.8400,367523
2015-12-28,123.9900,124.7400,122.7200,123.9500,677837
2015-12-29,124.9700,129.1800,124.3240,127.8700,1168555
2015-12-30,127.6800,127.9500,125.9300,126.4000,658753
2015-12-31,125.5500,127.6000,124.9050,125.8300,797339
2016-01-04,123.0300,123.8700,121.0350,122.8900,2217601
2016-01-05,123.8900,124.9600,121.9000,123.4500,1300116
2016-01-06,120.8000,123.1700,119.5100,122.2300,1692442
2016-01-07,119.0100,119.8200,113.8500,114.9600,2362559
2016-01-08,115.6200,117.1100,110.5500,110.7100,1823007
2016-01-11,109.8800,109.9400,101.4900,103.9500,3230724
2016-01-12,104.9500,108.7100,98.8700,103.6400,3253546
2016-01-13,104.3000,105.5000,95.6800,96.3700,5709229
2016-01-14,97.4400,103.9500,94.6800,101.9100,3688585
2016-01-15,98.1500,100.1300,95.0900,97.9100,3222211
2016-01-19,100.5400,101.4600,92.5700,94.9900,2779826
2016-01-20,93.3300,98.5800,89.9700,96.9900,4089325
2016-01-21,97.0615,98.8400,94.8400,95.0700,2881794
2016-01-22,97.0000,97.8100,93.6500,94.7100,2572854
2016-01-25,94.2400,95.1700,92.0100,92.1200,2665424
2016-01-26,92.7000,93.4308,90.4700,92.2000,2561816
2016-01-27,92.3500,96.0900,89.9200,92.5000,3626002
2016-01-28,91.0000,94.0900,81.9800,92.7600,8088468
2016-01-29,92.7200,94.4900,90.0000,90.7500,3485582
2016-02-01,91.9200,93.9900,89.7500,92.3900,2913248
2016-02-02,90.5900,92.6795,89.4300,90.9800,3142883
2016-02-03,91.5400,93.9800,86.1200,93.8800,3256678
2016-02-04,93.4900,96.3500,90.7100,91.7200,2452985
2016-02-05,89.7800,92.2300,84.5400,86.6100,4571268
2016-02-08,85.2300,85.8500,79.8100,82.0000,4215071
2016-02-09,80.2500,83.5300,79.4400,80.1400,4159543
2016-02-10,82.2600,84.0599,80.2500,81.7300,4115279
2016-02-11,79.2100,81.1700,78.5100,79.7100,3894627
2016-02-12,81.9400,83.8100,79.5000,83.2300,2771696
2016-02-16,85.4200,85.8490,83.0100,85.3700,2191108
2016-02-17,86.0700,88.4600,83.5000,88.2500,2276253
2016-02-18,87.8700,88.4700,85.7550,86.6400,2133869
2016-02-19,85.9900,88.5050,84.0400,88.0800,2029687
2016-02-22,89.4100,91.6000,87.8500,89.0000,1599928
2016-02-23,88.0600,89.3000,84.7600,85.2800,1757670
2016-02-24,84.1200,87.0900,82.4400,86.7700,1809507
2016-02-25,87.3300,88.9400,84.3400,85.5300,1387814
2016-02-26,86.4400,87.9300,85.3901,87.0000,1408749
2016-02-29,86.8300,88.9692,84.6000,85.4900,1762366
2016-03-01,86.1300,89.6100,84.2600,89.5700,1991285
2016-03-02,88.9400,93.4200,88.7450,92.5200,2779440
2016-03-03,92.2500,93.0000,89.1011,89.4500,1575719
2016-03-04,89.9100,90.1900,87.9200,88.3600,1703397
2016-03-07,87.3600,91.0000,85.9400,90.9500,1647733
2016-03-08,90.6300,90.8900,85.0500,86.9100,2763756
2016-03-09,87.4500,87.4500,84.3500,84.6300,2201846
2016-03-10,85.1600,85.4300,81.1600,82.2800,2456871
2016-03-11,83.8200,86.3400,83.0300,86.2600,1715925
2016-03-14,86.1100,86.9600,83.9800,85.5900,2014263
2016-03-15,84.5500,85.4100,82.2500,82.8300,1762560
2016-03-16,82.0600,83.3397,77.5100,79.3000,2957292
2016-03-17,79.3300,80.0900,75.9000,79.1800,2657969
2016-03-18,79.7400,83.1400,78.4700,82.5200,3768290
2016-03-21,82.0100,84.7500,81.5200,84.0200,1784542
2016-03-22,83.6500,86.9100,83.3136,86.7800,1785173
2016-03-23,86.0000,86.0000,80.0000,80.1500,2198077
2016-03-24,79.7100,82.1900,78.2500,80.5800,1888254
2016-03-28,80.8500,81.2600,77.6700,78.7000,1508407
2016-03-29,78.4900,79.3700,76.7900,79.2400,1742088
2016-03-30,80.1100,81.9900,77.6900,78.4000,1729513
2016-03-31,78.7200,82.1000,77.8100,79.4900,3259399
2016-04-01,79.0200,79.2500,75.9200,79.1500,3638695
2016-04-04,79.8100,84.4000,79.1900,82.8700,2743979
2016-04-05,82.5400,86.4750,81.5200,84.1600,2848975
2016-04-06,83.8200,91.7600,83.7040,91.3100,3460260
2016-04-07,90.3100,91.7800,85.9310,86.3000,2797591
2016-04-08,87.2900,88.0000,84.1800,85.2500,1539729
2016-04-11,85.9600,86.7900,84.0600,84.4700,1413002
2016-04-12,84.7900,85.1900,82.5400,83.3700,1832752
2016-04-13,84.0400,85.6400,83.2000,85.1800,2128069
2016-04-14,85.1300,88.0800,84.7300,87.0800,1319208
2016-04-15,87.4200,87.6000,81.0200,81.7500,4163741
2016-04-18,81.4200,85.9000,81.4200,83.2200,2495577
2016-04-19,84.0000,84.7800,82.6100,83.2100,1667901
2016-04-20,83.7200,84.9000,83.2500,84.1100,1492349
2016-04-21,84.3900,87.4900,84.1000,86.8100,1731603
2016-04-22,86.3600,87.3800,84.0800,86.8000,1278986
2016-04-25,86.2600,87.4500,85.0200,85.6600,1460054
2016-04-26,85.8000,86.0150,83.2900,84.1400,1689817
2016-04-27,83.7900,85.7600,81.7800,84.5000,2614905
2016-04-28,81.2400,90.2500,78.8400,86.7500,5463306
2016-04-29,85.9000,86.2300,83.4000,84.3400,2887997
2016-05-02,84.2400,84.7000,80.6200,83.0000,2165439
2016-05-03,82.1800,83.2700,80.8100,82.1600,2063372
2016-05-04,81.9800,82.9100,80.3100,80.6300,1907382
2016-05-05,81.4100,84.0700,80.6300,84.0000,1814625
2016-05-06,83.2300,85.6600,82.9500,85.5400,1999533
2016-05-09,85.5400,88.9400,85.5101,88.0600,1801055
2016-05-10,88.5800,89.1000,86.2600,89.0800,2095059
2016-05-11,88.9600,89.0700,83.5300,83.6300,1662746
2016-05-12,84.2400,84.8300,80.5800,82.1000,2047081
2016-05-13,81.7900,83.0300,81.0600,81.3800,1119962
2016-05-16,81.6400,83.2200,81.3800,82.1400,2075515
2016-05-17,81.4600,82.4880,80.4100,80.7100,2166702
2016-05-18,80.2700,82.2500,80.2700,81.7100,1934316
2016-05-19,80.8900,82.2900,80.2500,81.0100,1674371
2016-05-20,81.0300,85.0000,80.5500,84.7000,1659482
2016-05-23,84.2800,85.6000,83.3000,84.4200,1223830
2016-05-24,83.7000,88.4400,83.6200,88.4200,1503025
2016-05-25,88.9900,89.7300,88.1401,89.5600,1598630
2016-05-26,89.0500,89.9300,87.2400,89.1900,1325308
2016-05-27,89.2800,90.4900,88.3700,90.3800,1109487
2016-05-31,90.6200,93.6000,90.6100,93.1500,1740980
2016-06-01,92.9000,94.3500,92.6800,93.9000,1432976
2016-06-02,93.6400,95.8800,93.1100,95.8200,1295054
2016-06-03,95.6200,95.6900,92.6200,93.9600,1473310
2016-06-06,94.4900,96.4900,92.4700,96.0900,1259856
2016-06-07,95.2200,95.8500,93.5600,94.7700,1851959
2016-06-08,95.0300,96.0000,93.4200,94.5900,1690374
2016-06-09,94.0000,94.5500,92.1810,92.4900,1191766
2016-06-10,92.4800,93.0800,90.8200,91.4900,1432027
2016-06-13,91.2400,92.4700,90.0600,90.5400,1209507
2016-06-14,90.0800,91.6500,89.5200,91.3700,1253842
2016-06-15,91.3500,91.9800,90.4000,90.8400,1083223
2016-06-16,89.9500,90.6800,88.5800,90.4100,1284757
2016-06-17,90.4600,91.2400,85.8800,86.7300,2658851
2016-06-20,87.7400,89.0100,86.5200,86.7200,1273069
2016-06-21,86.8000,87.6400,83.5000,85.2800,1881940
2016-06-22,85.2000,89.1700,85.0900,85.2200,1917796
2016-06-23,86.2100,88.2800,85.0400,88.2000,1397980
2016-06-24,83.5800,85.7900,81.8200,81.9000,2298494
2016-06-27,81.1700,82.0900,79.5900,79.8400,1908556
2016-06-28,80.5400,83.5500,80.5400,83.4400,1536354
2016-06-29,83.8500,85.9400,82.6900,85.0000,1754296
2016-06-30,85.2300,86.6400,84.0800,86.0200,1418486
2016-07-01,85.6700,88.4600,85.1700,87.7400,1292792
2016-07-05,87.1100,87.3300,85.5300,86.5100,870137
2016-07-06,86.1600,89.9000,85.9175,89.6600,1705293
2016-07-07,89.6900,90.8305,89.0000,90.0500,1254035
2016-07-08,90.0800,90.4300,88.6500,88.9600,1794278
2016-07-11,90.0900,90.8200,89.2700,90.1000,1388206
2016-07-12,91.1000,91.4500,89.1350,89.6300,1548387
2016-07-13,90.3200,90.4100,87.7000,87.7800,945726
2016-07-14,88.9800,89.0800,87.5000,88.1500,990289
2016-07-15,89.3400,90.8600,88.0500,90.2100,1309647
2016-07-18,90.0600,90.8000,89.3200,89.4200,1127156
2016-07-19,89.0800,89.7200,86.6400,87.4300,1112312
2016-07-20,87.3000,91.2200,86.5300,91.1500,1309436
2016-07-21,91.3400,93.6100,91.0000,93.2100,1783324
2016-07-22,93.6300,94.2900,92.6980,93.8900,1235510
2016-07-25,93.5100,96.5190,93.4600,95.7700,1911970
2016-07-26,95.9000,95.9100,93.8700,94.9800,1657875
2016-07-27,94.6500,97.0600,94.6500,96.0100,2299202
2016-07-28,95.3500,98.5000,95.0750,96.2100,1455259
2016-07-29,96.2800,97.0700,95.4050,97.0000,1012773
2016-08-01,97.3100,98.9800,96.8500,98.2000,1988579
2016-08-02,97.4300,99.4500,96.0099,99.1400,2144656
2016-08-03,99.2400,101.5000,99.1200,100.4400,1492129
2016-08-04,100.8200,101.0200,98.8200,100.2800,1414118
2016-08-05,100.4600,102.9400,99.7700,102.4300,1113873
2016-08-08,102.6900,103.0900,100.7300,102.4700,1578231
2016-08-09,103.0900,103.7300,102.3750,102.8300,1155955
2016-08-10,102.7800,102.7800,99.4900,99.7000,1163894
2016-08-11,99.8400,101.2800,99.5900,101.2100,744396
2016-08-12,100.7900,101.6500,98.5600,101.5300,605328
2016-08-15,101.9600,102.7900,101.5200,102.4800,547753
2016-08-16,100.9900,101.9400,99.8200,100.0000,1183549
2016-08-17,100.3600,100.3600,98.8000,99.8900,852910
2016-08-18,99.7400,100.1400,98.7910,99.1000,744572
2016-08-19,98.7500,98.7800,97.2900,98.0100,891947
2016-08-22,98.7800,101.8000,98.0000,100.9600,1346614
2016-08-23,101.1600,102.3400,100.6600,100.9900,844279
2016-08-24,101.2000,102.4900,96.2700,96.7100,1494528
2016-08-25,97.0900,98.8700,95.1610,96.3800,1349446
2016-08-26,96.9400,98.3400,96.1323,97.0900,731131
2016-08-29,97.4800,97.7700,95.5700,96.9400,595225
2016-08-30,96.7700,97.4500,95.5800,95.8000,674391
2016-08-31,95.9800,96.1600,94.0100,94.5100,798207
2016-09-01,95.0300,95.8800,93.1400,94.7500,966637
2016-09-02,94.7600,95.5400,93.6547,95.1100,843132
2016-09-06,95.1800,96.8050,94.5300,95.7800,877620
2016-09-07,95.8000,96.6850,95.1700,95.6000,928256
2016-09-08,95.6900,97.8000,94.4300,97.3100,1021660
2016-09-09,96.3100,97.3100,93.4400,93.6800,1313641
2016-09-12,93.4100,98.0500,93.1025,97.8600,1123605
2016-09-13,96.6100,96.8300,93.7500,95.2700,927299
2016-09-14,95.0200,97.7700,88.1600,90.1200,4994568
2016-09-15,90.6000,94.4300,89.3500,93.1000,2575963
2016-09-16,92.9000,93.1300,90.6700,92.7100,2130264
2016-09-19,93.2100,93.5900,91.0900,91.2600,1183354
2016-09-20,92.0700,92.5200,90.9800,91.6900,934812
2016-09-21,91.9900,92.7100,89.0800,91.8200,1936763
2016-09-22,92.8300,93.3500,90.0100,92.1200,1191840
2016-09-23,92.2700,92.9600,90.2700,90.6300,1222221
2016-09-26,90.0500,91.2300,88.1000,88.2900,1608129
2016-09-27,88.2300,89.1900,87.2500,89.1200,1520320
2016-09-28,90.5100,90.7300,86.8700,88.8400,1715021
2016-09-29,88.4500,90.7700,84.9850,85.0000,2381055
2016-09-30,85.2500,88.9100,83.5000,87.2100,2545736
2016-10-03,86.4600,87.4750,84.6200,86.7900,1371337
2016-10-04,86.9400,87.2500,85.7500,86.4200,1081122
2016-10-05,86.8500,88.2400,86.0900,87.6500,964360
2016-10-06,86.7400,86.8800,84.8800,84.9600,1374988
2016-10-07,85.3600,85.9500,84.2300,85.7000,983269
2016-10-10,86.3500,86.9500,85.8300,85.9800,799805
2016-10-11,85.1500,86.0800,80.7800,81.6600,2329307
2016-10-12,81.8100,82.8200,80.0400,80.1500,2255974
2016-10-13,79.5500,81.5600,79.5200,80.5600,2114074
2016-10-14,81.1300,82.2300,79.2000,79.2300,1976996
2016-10-17,79.3600,81.5350,78.5000,80.5000,1934626
2016-10-18,81.7300,83.1400,81.7300,82.9600,1510249
2016-10-19,82.7900,82.8900,81.2100,81.8300,1318814
2016-10-20,81.4000,83.2600,81.4000,82.9200,1045939
2016-10-21,82.3400,82.6000,80.6900,80.7600,1142947
2016-10-24,80.0000,80.4000,77.9000,78.7300,2032698
2016-10-25,78.8800,79.7500,77.4300,78.7100,2557667
2016-10-26,81.9000,82.8100,76.6700,78.7100,4337924
2016-10-27,79.3900,81.0500,75.0100,75.8400,3549006
2016-10-28,75.3500,79.3000,74.9500,77.5800,3400659
2016-10-31,77.6100,77.8800,75.7700,75.8600,1928193
2016-11-01,75.0900,77.9900,73.3050,77.8800,2458210
2016-11-02,77.6000,78.4300,76.7700,78.0000,2580387
2016-11-03,78.4300,78.5150,77.5500,77.6900,2370996
2016-11-04,77.3900,80.9200,77.3900,78.9600,1902122
2016-11-07,80.3800,83.9400,79.3100,83.2200,2170116
2016-11-08,82.7300,84.2100,81.8500,82.9900,1767969
2016-11-09,88.9200,93.8000,87.7900,92.8800,3988038
2016-11-10,94.0700,97.9300,94.0600,95.3600,4130927
2016-11-11,94.2800,95.2500,89.9700,92.0000,2631080
2016-11-14,92.3300,94.5100,89.6400,94.4200,2485092
2016-11-15,94.1400,94.6750,91.9600,93.0600,2265741
2016-11-16,92.5800,93.0600,90.4300,90.4700,1486963
2016-11-17,90.6700,92.4000,90.0100,91.2000,1320095
2016-11-18,90.9400,91.4800,89.0000,89.4400,1265388
2016-11-21,89.9500,90.5100,88.7600,89.0500,1278191
2016-11-22,89.3200,89.7500,85.4000,86.2000,1765652
2016-11-23,85.3700,87.4700,84.2600,87.3400,1041100
2016-11-25,87.7100,87.9700,86.2900,87.7700,814399
2016-11-28,87.4700,88.0000,86.1300,86.9000,1855272
2016-11-29,86.2100,87.5000,84.4000,85.6500,1745516
2016-11-30,85.8600,86.9100,81.5900,81.6100,2292728
2016-12-01,81.8500,82.5300,77.7500,77.8200,2662560
2016-12-02,77.6500,78.0100,75.3800,75.5000,4580479
2016-12-05,76.1300,77.3300,75.2500,75.5500,2588618
2016-12-06,75.7700,78.3900,75.0400,78.1200,1816705
2016-12-07,76.7000,76.9400,74.0900,75.3200,2569111
2016-12-08,75.9800,77.3400,74.5900,77.2200,1773434
2016-12-09,77.7000,79.6700,76.2800,76.6700,1618599
2016-12-12,76.5800,76.9150,75.2400,76.0800,1731686
2016-12-13,76.6200,77.7700,76.0800,76.6000,1210078
2016-12-14,76.3400,78.6900,76.0000,78.3300,3200088
2016-12-15,78.0000,78.6200,76.2700,77.0500,1972168
2016-12-16,77.3500,78.9000,76.2900,76.8000,2280214
2016-12-19,76.4600,78.4500,76.0500,76.3000,1555115
2016-12-20,76.4400,76.8500,75.9700,76.4400,1327278
2016-12-21,76.3000,76.8000,72.4100,72.6000,2845545
2016-12-22,72.6100,73.0000,71.4600,72.0200,2486850
2016-12-23,72.1100,74.8100,71.9600,74.3100,1485211
2016-12-27,74.3200,76.2800,74.3200,75.1900,1032911
2016-12-28,75.2000,75.5000,74.5200,74.5900,1166035
2016-12-29,74.4500,75.0100,73.7300,74.4400,938589
2016-12-30,74.6700,74.9900,73.2300,73.6700,1357424
2017-01-03,74.4300,74.9899,73.3400,74.8900,1761887
2017-01-04,75.2200,78.0900,74.8700,77.0500,1667701
2017-01-05,77.1500,79.6100,76.1500,79.0600,2354722
2017-01-06,78.9400,79.7000,77.5600,79.3900,1669750
2017-01-09,79.8000,83.6200,77.0900,82.8600,4522498
2017-01-10,82.6000,83.4700,81.6900,82.9300,2110457
2017-01-11,83.1700,85.3700,80.3800,81.9300,2785209
2017-01-12,81.6100,82.6750,80.5000,82.3900,1351806
2017-01-13,82.4000,84.4100,81.7100,83.1700,1518581
2017-01-17,82.3500,82.5450,79.7800,81.5500,1501513
2017-01-18,81.8800,82.8700,81.5800,82.5200,1620727
2017-01-19,82.5500,82.7200,80.5100,80.9100,1653002
2017-01-20,81.4700,82.4600,80.8900,81.3700,1105561
2017-01-23,81.0900,81.7500,80.0600,81.4000,1124756
2017-01-24,81.4200,82.6000,80.5500,82.2400,1366588
2017-01-25,82.5500,85.6200,82.3500,85.1900,2854597
2017-01-26,85.7500,87.9100,84.0500,85.3300,2531671
2017-01-27,85.6200,87.5000,85.1000,87.3700,1861301
2017-01-30,87.0700,87.0700,83.7800,84.3800,1805728
2017-01-31,83.7700,85.9500,82.6600,85.8700,2418422
2017-02-01,85.9800,86.4300,84.3300,86.2400,1754741
2017-02-02,85.9900,86.9000,85.1600,86.7200,1290809
2017-02-03,87.1000,87.2700,85.7700,86.7300,1227304
2017-02-06,86.2200,87.9750,85.7300,87.4200,1423781
2017-02-07,87.2900,88.1200,86.0700,86.8400,1285437
2017-02-08,86.2700,87.8000,85.7900,87.7200,1310129
2017-02-09,88.1000,89.4200,87.6950,89.2700,1520037
2017-02-10,89.2100,89.6400,87.8900,88.1500,1633837
2017-02-13,88.3900,88.6400,87.2500,87.7200,1123459
2017-02-14,87.8900,89.2600,87.3400,88.9100,2321559
2017-02-15,88.6900,89.4600,88.3400,89.3700,1329771
2017-02-16,89.6200,89.9400,87.0500,87.7000,1322193
2017-02-17,87.6900,88.9800,86.9000,88.3300,1429046
2017-02-21,88.3400,89.0000,86.0100,86.5500,1665274
2017-02-22,86.5500,87.3250,85.7200,85.7900,1263166
2017-02-23,86.2000,86.6300,84.3900,85.7300,890750
2017-02-24,85.7300,86.1100,84.6200,86.0700,1406789
2017-02-27,86.1900,88.9499,85.8400,88.9000,2073654
2017-02-28,89.1700,91.9500,88.7900,90.6200,2401894
2017-03-01,91.8000,92.2600,89.8300,90.3100,2089382
2017-03-02,89.9400,91.0600,89.5700,89.8900,1060890
2017-03-03,89.5400,90.3900,88.9500,90.1900,1422569
2017-03-06,89.7500,91.6800,88.8700,90.9100,1587733
2017-03-07,90.1400,91.7000,89.7700,91.3200,1960731
2017-03-08,91.1100,93.4000,91.1100,92.1800,1763195
2017-03-09,92.4500,93.6000,91.9600,93.5700,1217095
2017-03-10,94.1500,94.2200,92.9500,93.9800,1534220
2017-03-13,94.2400,94.2400,92.9300,92.9500,897550
2017-03-14,92.6000,93.0900,92.1600,92.7400,695178
2017-03-15,93.2100,95.0000,93.1300,94.5700,1031369
2017-03-16,94.3800,94.8599,91.7000,92.3600,1449700
2017-03-17,92.9700,93.5000,91.7601,91.9200,2501509
2017-03-20,92.0000,92.6100,91.2300,91.3100,1382494
2017-03-21,91.8100,91.8250,89.4400,89.5000,1711789
2017-03-22,89.9500,90.2500,89.0590,90.0400,1337153
2017-03-23,90.0000,90.7495,88.9400,89.0500,1043598
2017-03-24,89.7400,90.4800,89.1200,89.9800,1064364
2017-03-27,89.2800,91.4900,88.9000,90.8000,1383188
2017-03-28,90.3100,90.7600,89.2200,89.6700,1561363
2017-03-29,106.0300,111.8800,106.0300,108.0100,13681500
2017-03-30,107.8800,109.7300,106.5200,107.2900,3024367
2017-03-31,107.8900,109.4900,106.5400,109.3500,2849236
2017-04-03,109.0100,110.4900,107.3100,107.4500,2040768
2017-04-04,107.2400,112.6900,107.2400,112.2900,2914105
2017-04-05,112.3500,116.8558,111.2200,114.1100,4032677
2017-04-06,114.1100,114.8800,113.1700,114.2600,1959774
2017-04-07,114.3500,117.6500,114.0700,115.8800,2108035
2017-04-10,115.6600,116.6600,112.9400,114.0600,2116554
2017-04-11,113.4200,114.3500,111.3200,114.2300,1794271
2017-04-12,114.2300,115.8000,113.6900,114.8600,1161945
2017-04-13,114.7000,116.1050,113.2200,113.8000,1599960
2017-04-17,114.3900,115.2250,113.9500,114.8100,1184295
2017-04-18,114.6200,115.4800,113.8300,114.6500,1136516
2017-04-19,115.5500,116.6300,114.2900,114.6300,1570444
2017-04-20,115.2000,117.9900,114.1300,117.2600,1495498
2017-04-21,117.1700,117.6900,115.9200,116.7000,2803925
2017-04-24,117.6600,118.7900,117.3100,117.6600,1502994
2017-04-25,117.7900,118.4100,116.9200,117.2700,1243008
2017-04-26,118.0800,118.0800,116.0700,116.3400,1759118
2017-04-27,116.0000,118.2600,116.0000,117.4200,1424441
2017-04-28,119.5000,120.5000,115.4500,118.3000,3387189
2017-05-01,118.9800,120.7300,117.9900,120.6200,2109563
2017-05-02,120.8200,121.9600,116.4000,118.4700,2465422
2017-05-03,118.5200,119.3600,117.8800,119.0500,1333324
2017-05-04,119.5900,119.9500,115.9100,116.3900,1672738
2017-05-05,116.5400,116.7000,113.6600,114.8400,2545057
2017-05-08,114.5600,115.6500,113.8100,115.0600,1544391
2017-05-09,115.5000,117.0000,114.3810,116.6300,1185243
2017-05-10,116.5500,116.5500,114.2200,115.3500,1414006
2017-05-11,115.4100,115.5400,113.8400,115.3600,1395069
2017-05-12,115.1200,116.2300,113.8400,114.6000,986032
2017-05-15,114.6400,116.3500,113.7950,116.2300,1101274
2017-05-16,117.3600,118.1300,115.1300,118.0900,1320397
2017-05-17,117.4400,117.8800,114.2000,114.3800,1717861
2017-05-18,115.5500,118.6100,115.4200,117.9300,2155016
2017-05-19,117.7700,118.8159,117.1000,118.0200,1564730
2017-05-22,118.5700,119.2700,117.5100,118.9400,1062021
2017-05-23,118.9400,119.2700,115.8700,116.5900,1859970
2017-05-24,116.8600,118.4400,115.1000,117.8000,1818349
2017-05-25,118.0000,119.4150,117.3800,118.6000,1393410
2017-05-26,118.1000,120.8200,118.0500,119.9200,1477802
2017-05-30,119.5200,120.9900,119.1900,120.3900,1634758
2017-05-31,120.9500,123.7800,120.6050,123.6000,2813594
2017-06-01,124.0000,127.8900,123.5400,127.1600,3356339
2017-06-02,128.4400,130.0000,126.9900,129.9000,2837882
2017-06-05,127.8500,130.6900,127.2200,130.1700,2030081
2017-06-06,129.3800,129.8600,127.5100,127.7200,1250626
2017-06-07,128.2700,128.9050,122.9300,124.9900,2635934
2017-06-08,125.0000,126.1600,124.0700,125.9100,1954776
2017-06-09,126.4800,127.0800,122.4690,122.6600,1791106
2017-06-12,122.1900,123.5400,121.2600,122.3500,2043770
2017-06-13,122.3800,122.7500,120.7700,122.4900,1344447
2017-06-14,122.7800,125.8000,122.3700,124.7100,1759259
2017-06-15,123.7600,124.4800,121.1500,124.0400,1017745
2017-06-16,124.0600,124.9700,122.5400,123.1400,3152299
2017-06-19,123.9900,126.3690,123.7950,125.5800,1509058
2017-06-20,125.5400,127.9700,123.8200,126.3300,1737625
2017-06-21,126.7200,134.9900,126.5200,134.8300,3239802
2017-06-22,134.6500,137.2600,132.7600,135.5300,2890075
2017-06-23,136.5800,137.0000,132.1200,133.5000,2172643
2017-06-26,133.8300,135.0300,131.6200,133.4100,1289028
2017-06-27,133.1500,133.1800,129.1000,129.2300,1723659
2017-06-28,129.6900,131.6200,128.9400,131.1100,1192028
2017-06-29,129.6600,130.9170,126.3200,127.2400,1368819
2017-06-30,132.2000,132.3900,126.5850,128.8700,1582260
2017-07-03,129.4900,129.8900,126.6800,128.2300,825185
2017-07-05,128.3100,130.4400,127.3410,129.0000,1320590
2017-07-06,127.3200,128.9350,125.5000,128.4600,1171802
2017-07-07,129.1400,130.8800,129.1200,130.3500,1019946
2017-07-10,129.9300,130.3600,128.6400,128.6600,1517263
2017-07-11,129.7100,132.5000,129.2600,132.1700,1336928
2017-07-12,133.3800,133.6150,130.5950,131.4400,1288462
2017-07-13,131.7400,131.7400,128.3900,130.9200,1600610
2017-07-14,131.7700,131.8100,130.4250,130.9900,1278651
2017-07-17,130.4400,132.0500,128.2600,129.2100,1136207
2017-07-18,129.2100,132.3000,127.6700,132.1600,3311555
2017-07-19,161.8000,167.0000,158.8800,159.6900,16800128
2017-07-20,159.9400,161.7650,157.2500,159.3300,4927397
2017-07-21,158.1400,163.6400,156.5300,163.1700,3176393
2017-07-24,162.3300,166.5750,160.9100,166.1100,2444532
2017-07-25,166.9400,167.8550,161.7200,161.9700,2424136
2017-07-26,162.1500,164.5300,161.7000,163.4200,2087173
2017-07-27,160.8800,163.3200,153.5000,156.1900,3918877
2017-07-28,155.3000,157.2000,153.5800,154.1500,1880425
2017-07-31,152.9900,154.4900,151.5400,151.8200,2975961
2017-08-01,153.0300,154.0684,150.6400,153.2000,1621140
2017-08-02,151.8000,157.9100,151.4690,157.5500,1781663
2017-08-03,155.7200,157.2700,152.2600,154.0300,1407101
2017-08-04,154.6800,155.1700,153.0150,154.5400,807795
2017-08-07,152.6000,156.6300,152.6000,156.4700,926423
2017-08-08,156.1200,156.5483,152.8975,153.2600,893487
2017-08-09,153.0200,155.0900,152.1900,152.5800,1037955
2017-08-10,152.0100,152.0400,148.5000,148.5400,1302830
2017-08-11,149.3500,154.0800,149.0200,153.7800,1551523
2017-08-14,154.5200,155.8700,153.5400,154.4900,1082040
2017-08-15,154.4500,155.2800,152.5500,152.7200,734864
2017-08-16,152.7900,153.2600,150.3050,151.3700,913411
2017-08-17,150.9300,152.4100,148.5200,148.5400,1019238
2017-08-18,147.6500,150.1100,147.1800,148.1300,887138
2017-08-21,148.0000,150.2600,147.4200,149.0100,1090074
2017-08-22,149.1900,155.9200,149.1900,155.4800,1659747
2017-08-23,154.4600,154.9000,152.0500,153.2500,989435
2017-08-24,153.6000,156.6300,151.1000,156.0800,1148699
2017-08-25,156.8800,156.9337,152.2500,153.2700,943835
2017-08-28,154.6400,154.9100,151.0500,153.4000,1187856
2017-08-29,151.8600,154.1600,151.7700,152.8900,888423
2017-08-30,152.5200,158.0900,152.5200,156.2900,1246885
2017-08-31,156.5700,160.8500,154.0300,160.5400,3329549
2017-09-01,160.7600,163.6400,158.8500,162.2400,1708717
2017-09-05,161.3700,162.0700,157.0000,159.0700,1327071
2017-09-06,159.5000,160.8000,156.9100,157.0800,1328406
2017-09-07,157.0800,159.6800,155.5200,159.4100,1235994
2017-09-08,159.6100,161.4400,157.3775,158.8300,1064745
2017-09-11,161.0500,161.4550,155.3300,157.8100,1519866
2017-09-12,156.6500,157.7900,155.4000,156.8200,800813
2017-09-13,156.7900,157.9500,155.7000,156.8000,995081
2017-09-14,156.0500,156.5600,152.8800,153.3800,1461691
2017-09-15,153.8600,155.9500,152.6400,153.6100,3112907
2017-09-18,153.5900,155.1100,151.7900,153.2000,1386918
2017-09-19,153.2700,154.0950,151.6000,153.0000,1428257
2017-09-20,153.2900,155.1400,151.5100,152.7200,1931404
2017-09-21,153.2200,153.2900,151.6900,152.0600,808169
2017-09-22,151.5400,152.0700,148.5801,151.2600,1269855
2017-09-25,151.1900,152.7900,148.7700,149.1000,1741161
2017-09-26,149.8500,150.8200,148.0000,148.4600,1762039
2017-09-27,148.8600,150.9800,147.3000,149.0700,2112346
2017-09-28,148.6000,150.9900,147.6000,149.6200,2111073
2017-09-29,151.2100,152.3400,149.1800,152.0400,1500162
2017-10-02,151.2300,153.1700,150.1000,152.2300,2057693
2017-10-03,152.2100,152.9890,150.1803,152.5100,995007
2017-10-04,152.2600,153.8200,151.3600,152.5100,970185
2017-10-05,153.0900,153.5700,150.9600,152.3000,1273734
2017-10-06,152.4300,156.4600,152.3100,155.1000,1551110
2017-10-09,155.8500,157.2900,154.4600,155.5500,1142475
2017-10-10,155.1900,156.2300,153.5000,154.5200,1055522
2017-10-11,153.8500,154.6400,151.6500,154.0200,1757612
2017-10-12,152.9300,154.8500,152.8400,153.9800,1535039
2017-10-13,155.0000,155.4900,152.6800,152.9100,930281
2017-10-16,153.1100,157.7800,153.1000,154.7000,2328423
2017-10-17,154.5500,156.0000,154.0200,155.0500,795374
2017-10-18,155.2900,158.0400,154.0200,154.7600,1050665
2017-10-19,154.5700,155.7900,152.4200,154.6000,1309420
2017-10-20,154.9700,155.8500,152.6000,154.6300,1320895
2017-10-23,155.3200,155.3500,150.6800,151.0600,1552169
2017-10-24,151.0600,152.8700,148.3400,151.1100,1829565
2017-10-25,150.0800,151.0900,146.0800,146.8000,2388956
2017-10-26,144.8800,147.4300,139.0500,143.7600,3735337
2017-10-27,141.4100,150.1500,141.0201,150.1100,2747621
2017-10-30,149.7100,152.8000,148.8650,149.5300,1750533
2017-10-31,149.3400,149.3400,141.8200,146.2300,2457065
2017-11-01,147.3500,147.3500,142.3900,142.6300,2412596
2017-11-02,142.0100,146.5100,142.0100,144.9000,2049975
2017-11-03,143.0500,150.0800,142.9900,149.9700,1884899
2017-11-06,148.1700,150.5900,146.8300,148.9800,1608296
2017-11-07,149.0300,151.3400,148.3200,151.3100,1384975
2017-11-08,151.5100,152.0000,146.6900,147.4000,1076134
2017-11-09,146.2600,148.5000,144.3210,148.1700,1132267
2017-11-10,148.2600,149.2700,146.1000,148.7400,861047
2017-11-13,147.4400,148.7300,146.2500,148.0300,743628
2017-11-14,147.4000,149.0500,145.4200,147.8200,1209146
2017-11-15,147.2900,151.7500,146.3000,148.6600,1086600
2017-11-16,148.7700,150.3300,147.7500,147.9400,1516387
2017-11-17,147.7000,148.7900,146.6500,147.4100,903595
2017-11-20,146.9200,147.4600,143.4300,144.6400,1451615
2017-11-21,145.7100,146.3600,143.5050,145.1100,1501124
2017-11-22,145.4200,147.3900,144.8100,147.0400,906988
2017-11-24,146.0800,147.9000,146.0400,146.5500,660987
2017-11-27,146.8400,149.2900,146.7200,148.5500,1197667
2017-11-28,148.8600,149.0000,146.0500,147.3200,1116960
2017-11-29,147.0100,148.3412,142.4400,143.7500,1313862
2017-11-30,144.1900,146.1000,143.9450,144.2900,1739281
2017-12-01,143.0900,144.7000,139.8600,140.7900,2448450
2017-12-04,141.9900,142.7000,138.6700,138.7900,2127679
2017-12-05,138.6000,141.6700,138.0200,138.3600,1374011
2017-12-06,138.3000,139.4100,136.8300,137.2800,1582655
2017-12-07,137.9200,140.8500,136.5000,138.7800,1687469
2017-12-08,139.8000,144.8000,139.1100,143.6100,1725542
2017-12-11,143.7300,143.9100,139.8000,141.6800,1475182
2017-12-12,140.0400,142.0800,140.0400,140.9100,1010253
2017-12-13,141.9300,146.3600,141.5500,144.8000,2024156
2017-12-14,145.5700,146.3200,142.2800,142.5300,1411325
2017-12-15,143.9700,145.9600,142.0500,145.8600,3246092
2017-12-18,146.9900,147.9400,145.1700,145.4400,1231896
2017-12-19,145.5700,147.3400,144.2700,145.1500,1051252
2017-12-20,145.0500,146.2600,144.3600,145.1200,813580
2017-12-21,145.2300,149.9800,144.6801,148.8200,2290056
2017-12-22,148.2000,151.1000,147.8000,149.9700,1459966
2017-12-26,149.5000,151.4900,149.5000,150.6000,777860
2017-12-27,151.1300,152.7000,150.3000,151.5500,939096
2017-12-28,152.1900,152.4900,148.7500,151.1700,957374
2017-12-29,150.4500,151.6600,149.7500,149.8600,881899
2018-01-02,150.0000,153.3000,147.7200,152.9100,1382034
2018-01-03,153.5000,153.5000,148.5800,152.0100,1603979
2018-01-04,153.3900,153.9700,151.6300,153.0700,1345114
2018-01-05,155.5400,157.3500,154.1000,155.6900,1939967
2018-01-08,155.1500,157.2100,153.3500,156.8900,1986951
2018-01-09,156.8100,157.8800,154.5150,156.0100,1487743
2018-01-10,156.0000,157.8700,154.2101,157.3800,1700963
2018-01-11,158.0000,159.0499,156.6200,158.4000,950608
2018-01-12,157.1600,158.4200,156.3500,157.9300,1561110
2018-01-16,158.2800,159.8700,155.1400,155.7100,1834799
2018-01-17,157.7400,157.9400,155.2600,156.9900,1270888
2018-01-18,156.3600,157.5100,154.2245,157.1900,1250870
2018-01-19,157.3000,159.5000,156.3200,157.9700,2085311
2018-01-22,158.7600,161.9500,157.9750,161.9100,1689049
2018-01-23,163.7000,167.3100,163.2400,166.5800,3058687
2018-01-24,167.0800,169.2900,165.3800,167.4500,2492679
2018-01-25,168.6900,169.1100,165.9400,166.2400,1270617
2018-01-26,167.1400,169.3000,166.1000,169.2100,1495100
2018-01-29,169.1300,171.2600,166.4171,167.1400,1828670
2018-01-30,166.3700,168.0800,164.0000,166.5400,2184621
2018-01-31,166.7200,168.5850,164.5300,166.8700,2323805
2018-02-01,174.1100,174.9550,163.1700,172.9900,5090031
2018-02-02,169.4200,169.9600,163.6400,166.2400,3455085
2018-02-05,163.0800,165.8700,155.0300,155.1400,2906900
2018-02-06,152.6300,159.7900,151.3500,159.2700,3114575
2018-02-07,157.1000,160.1100,155.6150,155.6700,1812917
2018-02-08,155.3200,157.6200,151.5900,151.6000,2854017
2018-02-09,152.9200,154.6300,146.2100,152.9600,2719763
2018-02-12,153.4100,154.1800,148.6100,152.0100,2242152
2018-02-13,151.4000,155.4900,150.9900,154.1400,1624480
2018-02-14,152.6300,158.2400,152.3200,157.2600,1992074
2018-02-15,158.3600,161.0800,157.1600,160.9400,1244660
2018-02-16,160.8500,162.0700,159.3900,160.7200,1001947
2018-02-20,158.4900,164.0100,158.0100,160.9800,1136414
2018-02-21,160.6300,161.7200,157.8300,157.8900,1160791
2018-02-22,161.5000,162.3200,157.0000,157.5900,1654835
2018-02-23,159.0100,165.9800,158.1000,165.9000,1591078
2018-02-26,166.9200,170.3600,166.0300,169.5400,1779326
2018-02-27,168.9900,170.8900,165.7200,165.8800,1635786
2018-02-28,166.7000,169.5409,164.6300,166.0300,2055525
2018-03-01,165.6800,168.0000,163.6100,165.8300,2028742
2018-03-02,163.0800,170.2200,161.8900,170.0600,2111944
2018-03-05,168.4900,173.4500,167.1700,173.1600,1882421
2018-03-06,173.3300,173.8500,166.0500,168.7200,2176828
2018-03-07,167.9400,170.7700,167.9060,170.1700,1215786
2018-03-08,170.3900,171.9800,169.1800,171.8800,1060709
2018-03-09,173.2600,176.3100,171.7600,176.2600,1415305
2018-03-12,176.5000,178.1500,174.8000,177.1300,1357560
2018-03-13,177.3600,178.2500,174.5400,174.9600,1989486
2018-03-14,176.1500,176.4800,172.8200,174.3800,1036592
2018-03-15,174.5700,176.6500,173.0650,173.9700,952466
2018-03-16,174.8400,176.4200,173.2500,175.6600,2462076
2018-03-19,174.6200,175.2800,168.1200,170.7700,1161542
2018-03-20,171.9200,172.6700,169.6400,171.4700,1674317
2018-03-21,171.9400,172.4152,168.6000,170.3400,1050015
2018-03-22,167.8300,170.3800,165.5500,166.1000,1095474
2018-03-23,165.8300,166.7000,160.7400,160.9300,1319393
2018-03-26,163.8500,166.3500,160.2700,166.1000,1327335
2018-03-27,167.6300,168.2800,159.2900,160.3400,1289311
2018-03-28,160.9300,162.5899,158.3600,159.5800,1443658
2018-03-29,159.8300,165.5100,158.7600,162.9800,1527247
2018-04-02,161.5300,161.9900,153.4250,156.3100,1804506
2018-04-03,155.8600,159.5500,153.9100,158.3600,1542275
2018-04-04,156.3700,162.4500,154.6000,162.1200,1832014
2018-04-05,162.8200,163.4900,157.1200,157.6600,1352812
2018-04-06,155.7400,157.5900,152.6050,154.2500,1446291
2018-04-09,156.2600,160.3900,155.6700,156.7600,1235369
2018-04-10,159.0400,161.7200,157.7700,161.1700,1301729
2018-04-11,159.5200,162.9400,158.1000,158.8900,1526952
2018-04-12,159.5400,163.4500,159.5400,161.9800,1079909
2018-04-13,163.0800,163.0800,160.4100,161.3900,1486113
2018-04-16,163.0100,163.7100,158.0700,158.7000,1482901
2018-04-17,160.5400,165.6000,159.4500,164.9900,2399358
2018-04-18,165.0000,166.1200,162.6600,163.3600,1122146
2018-04-19,162.3300,162.8200,159.0400,159.5500,1235637
2018-04-20,159.6100,160.7800,157.0900,158.1500,1534723
2018-04-23,158.7100,160.1300,157.7400,158.6900,1154618
2018-04-24,160.2700,160.5000,154.6900,155.6700,1504877
2018-04-25,155.4900,157.4150,154.1301,155.1500,1313098
2018-04-26,156.6000,160.8450,155.8300,158.8100,1991083
2018-04-27,157.5000,159.0500,153.3300,156.0500,1866708
2018-04-30,157.1600,157.7900,153.1500,153.1600,1717317
2018-05-01,153.1400,154.7000,150.4000,152.4800,1648558
2018-05-02,151.3200,153.1600,148.9600,149.4700,2565220
2018-05-03,148.3200,150.3000,145.7800,149.6400,1518943
2018-05-04,148.2600,152.1400,147.7900,149.3900,2263777
2018-05-07,150.5400,151.8100,148.6400,149.5000,1448762
2018-05-08,149.4500,150.0000,146.9500,148.2700,1146964
2018-05-09,148.6500,150.1400,146.6650,149.0700,1419622
2018-05-10,150.1300,151.6600,149.0800,151.0100,1267581
2018-05-11,150.7500,157.5300,150.6200,155.9700,2242866
2018-05-14,156.1100,158.4600,155.3900,157.4600,1442379
2018-05-15,155.7800,155.7900,153.9410,155.5400,1370152
2018-05-16,155.7900,156.4500,154.4000,156.1600,1240701
2018-05-17,156.1900,157.1600,155.2900,156.3400,1147519
2018-05-18,156.6100,157.5200,155.3300,157.2400,998525
2018-05-21,157.8400,158.1550,155.3302,156.2200,1199245
2018-05-22,157.1000,158.2200,155.8000,156.2800,956366
2018-05-23,155.5000,157.3150,155.3100,156.9800,791228
2018-05-24,156.9900,157.7100,155.5300,156.9700,634448
2018-05-25,157.0000,157.9000,156.2200,157.5000,653584
2018-05-29,156.6000,157.7600,153.2700,155.2400,1142294
2018-05-30,156.1400,157.5700,155.5500,156.6400,1164429
2018-05-31,155.4900,157.0700,153.5200,154.0000,1649430
2018-06-01,154.8600,154.9900,150.5000,152.0500,2176805
2018-06-04,152.0500,153.0000,148.2000,149.6500,2660991
2018-06-05,149.7100,150.4000,144.1400,145.7200,2957840
2018-06-06,145.7200,146.9500,144.0700,145.9700,3087528
2018-06-07,147.1000,149.6894,145.5600,145.7500,2183214
2018-06-08,145.9800,151.2600,145.9800,150.5500,1791147
2018-06-11,150.6700,151.2850,147.4300,148.6300,1460342
2018-06-12,148.8800,151.7300,148.1700,150.9900,1539661
2018-06-13,151.1100,153.3900,150.5250,151.9400,1307687
2018-06-14,152.4400,155.5858,152.0000,154.9900,1384574
2018-06-15,155.5100,156.3000,154.1100,155.0200,2890161
2018-06-18,153.9000,153.9700,151.4100,151.6900,1371721
2018-06-19,150.0100,155.0800,149.6700,154.5000,1551161
2018-06-20,154.4600,158.1900,153.7500,157.6300,1385374
2018-06-21,157.8800,157.8800,155.5800,156.5700,835370
2018-06-22,157.0900,160.2800,155.7600,159.1900,2203490
2018-06-25,158.7200,160.1700,152.9100,154.7600,1491803
2018-06-26,154.4100,155.5000,151.0100,151.5000,1813927
2018-06-27,151.7600,151.8950,147.2200,147.5000,2075364
2018-06-28,147.7900,148.5200,145.3700,147.5900,1368358
2018-06-29,161.5000,172.0000,161.5000,169.9600,6716387
2018-07-02,168.4000,169.6600,164.7000,169.6100,2095576
2018-07-03,170.0000,170.0000,167.2800,167.7300,1059865
2018-07-05,168.3800,169.9500,166.7100,169.4900,1178627
2018-07-06,170.0000,173.6400,169.4200,173.4500,1518916
2018-07-09,174.3700,174.6150,171.8100,174.1600,1334968
2018-07-10,174.9100,175.7100,172.9500,175.1100,1600268
2018-07-11,173.8300,175.6900,173.0000,175.0100,1618426
2018-07-12,175.0200,178.3300,175.0200,178.2700,1181060
2018-07-13,178.3500,181.6000,177.9000,180.5000,1458674
2018-07-16,179.8500,182.4079,179.5500,181.2200,1961482
2018-07-17,180.5800,183.3900,179.8200,182.5900,1133302
2018-07-18,182.0000,182.3400,180.5800,181.1300,1138482
2018-07-19,180.1300,180.9325,178.5200,180.1200,1080486
2018-07-20,180.1200,180.1400,176.7100,177.4000,1666374
2018-07-23,176.2900,178.6700,176.1600,176.5400,1388700
2018-07-24,178.4400,178.6700,174.3900,174.8800,1704975
2018-07-25,174.7800,177.4200,173.9900,176.8100,1567334
2018-07-26,178.6100,178.8500,169.3300,175.8700,2400676
2018-07-27,175.1800,176.2850,169.5200,172.1000,1392093
2018-07-30,170.6500,175.3400,169.9675,174.4200,1534172
2018-07-31,175.0500,175.7400,173.5781,175.0500,1529430
2018-08-01,175.2600,177.9300,174.0400,177.8700,1384463
2018-08-02,174.5900,179.8600,173.5100,177.8900,1684292
2018-08-03,174.2000,178.0900,173.7550,174.5400,1117993
2018-08-06,175.5500,175.9900,173.2550,174.9100,761485
2018-08-07,175.9400,178.0000,175.4800,177.5100,1097804
2018-08-08,177.2500,178.3959,175.2500,175.3000,903526
2018-08-09,175.7400,177.4500,174.9500,175.0500,837042
2018-08-10,174.4100,175.9600,173.8600,174.8200,568010
2018-08-13,175.1300,176.1500,174.1800,175.0500,810394
2018-08-14,175.3100,177.3000,175.3100,175.9300,566678
2018-08-15,174.3800,175.6500,171.8100,173.0000,907510
2018-08-16,174.1800,176.2800,173.0900,174.9600,732505
2018-08-17,174.6600,177.0000,173.5900,176.0800,981740
2018-08-20,176.6200,176.8300,173.6200,175.7100,946746
2018-08-21,175.7400,178.4290,175.0400,176.8600,919581
2018-08-22,176.8100,178.2250,176.0200,177.7200,616391
2018-08-23,177.7200,177.7200,174.6000,176.0200,681036
2018-08-24,176.4500,177.2800,175.1000,176.8400,905185
2018-08-27,177.9800,179.6400,177.6000,179.3200,825637
2018-08-28,180.3600,182.2200,178.8300,180.8700,1257611
2018-08-29,180.9000,186.4400,180.9000,184.8600,1277524
2018-08-30,185.0000,186.1900,184.3700,186.0300,968908
2018-08-31,185.1600,185.8800,183.7200,184.4000,1302095
2018-09-04,183.2300,184.5900,181.6729,183.3100,1371082
2018-09-05,183.0000,184.7400,181.5000,183.2100,1027888
2018-09-06,182.5100,183.3200,178.2000,180.0500,890712
2018-09-07,178.7600,180.7900,177.0100,179.4700,1204444
2018-09-10,180.0000,180.5700,177.9800,179.2800,797528
2018-09-11,178.9300,180.2500,177.3400,178.6100,1077737
2018-09-12,179.4600,179.9800,177.0900,178.3400,860811
2018-09-13,179.3700,181.1100,178.0050,179.8600,830409
2018-09-14,180.5100,181.8800,177.7700,179.0100,847297
2018-09-17,179.0000,179.5900,175.4700,175.8000,878076
2018-09-18,175.8800,178.4600,174.2300,177.1200,964893
2018-09-19,177.3400,177.5500,175.8000,176.6000,732151
2018-09-20,177.3900,181.3800,177.3900,180.5200,784813
2018-09-21,181.3000,182.0000,179.3350,180.0800,1642003
2018-09-24,179.4300,182.5000,179.4300,182.1700,706285
2018-09-25,183.4800,184.1600,182.2800,182.6500,835788
2018-09-26,182.6700,189.2900,182.6700,186.6500,1712114
2018-09-27,188.0000,190.0000,187.5000,189.7400,1381142
2018-09-28,189.7400,193.7800,189.4400,192.7400,2148204
2018-10-01,193.2400,194.9200,191.3900,191.5700,1841863
2018-10-02,191.8400,192.6200,190.7900,191.9300,941159
2018-10-03,192.1300,193.0600,191.3500,192.2100,1000926
2018-10-04,191.5800,192.6200,187.1000,188.6200,935470
2018-10-05,188.6400,191.5000,185.3700,188.0500,859808
2018-10-08,186.9500,187.7000,183.6338,185.3400,852196
2018-10-09,185.3400,187.9600,184.7800,185.6600,1087261
2018-10-10,184.9200,185.6100,176.2200,176.4300,1565380
2018-10-11,175.4900,177.8400,171.6600,175.6600,2395236
2018-10-12,177.2000,182.1900,175.9000,181.3200,1257515
2018-10-15,180.8000,180.9950,177.5900,177.6500,1064193
2018-10-16,178.8700,185.7800,178.4500,185.4500,1136652
2018-10-17,185.2600,185.8400,181.7200,185.4800,886873
2018-10-18,184.2900,184.2900,173.8010,178.9000,2643374
2018-10-19,179.3500,181.1300,175.0500,175.6900,1905500
2018-10-22,175.5300,178.6100,172.6972,177.4000,1513448
2018-10-23,175.8600,177.0300,170.8000,174.1700,1960486
2018-10-24,175.0200,175.7350,162.5300,163.0900,2053359
2018-10-25,157.0000,167.0000,153.0000,165.6100,2800090
2018-10-26,162.1000,171.3900,160.6800,169.4800,2659510
2018-10-29,173.4900,174.9800,167.3500,170.3400,2700823
2018-10-30,171.6700,173.4600,168.4600,171.4900,1441870
2018-10-31,172.6200,174.2800,169.4200,169.4600,1607491
2018-11-01,169.5100,175.7500,169.2500,175.1900,1368952
2018-11-02,175.3600,177.2500,171.1100,173.2900,1338116
2018-11-05,172.0800,175.1500,171.7010,174.5900,801406
2018-11-06,175.2100,178.3500,174.1200,175.2300,920333
2018-11-07,177.3400,184.1400,176.5600,183.8800,1535978
2018-11-08,183.9100,185.5700,179.6300,180.2600,1101756
2018-11-09,179.6100,180.5600,176.7900,180.5500,1845491
2018-11-12,180.5500,181.4500,171.7000,172.8500,1754054
2018-11-13,174.0700,175.8000,170.0700,170.3100,955741
2018-11-14,171.9800,173.3242,163.1340,164.5800,1502568
2018-11-15,163.7500,167.6900,162.6700,166.6700,1648087
2018-11-16,166.2600,167.9900,164.6700,165.1100,1924132
2018-11-19,164.7600,165.5700,159.7700,161.0700,1362928
2018-11-20,161.3500,161.9200,157.2850,159.7600,1658171
2018-11-21,160.5700,162.4800,159.0600,160.2500,874187
2018-11-23,158.7600,161.9900,157.4000,160.3900,346829
2018-11-26,164.3000,167.7000,162.8900,167.4000,1604009
2018-11-27,168.4300,176.6000,168.4300,175.4500,2327610
2018-11-28,175.5100,178.4200,172.3375,178.3800,1445111
2018-11-29,176.8900,181.6500,176.8900,179.4500,976406
2018-11-30,179.6000,181.0000,178.3300,180.7900,1095998
2018-12-03,182.6000,186.7850,181.9150,184.6500,1692900
2018-12-04,184.7400,187.7600,177.4100,177.9300,1316188
2018-12-06,175.3700,179.7600,174.0000,179.6100,1906316
2018-12-07,178.0300,179.5500,170.9000,172.2100,1627291
2018-12-10,172.9800,174.3650,167.6300,173.7800,907149
2018-12-11,176.2900,176.5600,170.8600,173.2300,1023565
2018-12-12,176.2000,178.6200,174.7200,175.4500,904998
2018-12-13,175.0600,177.4900,171.6000,173.4200,971193
2018-12-14,171.3800,171.9950,169.6300,170.0600,916918
2018-12-17,169.6400,171.4100,164.4848,166.1700,1765072
2018-12-18,168.0600,169.6200,161.3500,163.4300,1593169
2018-12-19,163.0400,164.4200,156.3000,158.6600,1877594
2018-12-20,158.5200,163.4800,157.6986,161.3000,2213260
2018-12-21,161.9400,165.0700,156.3011,156.5000,2677605
2018-12-24,155.4000,158.4700,151.8000,151.9100,1158155
2018-12-26,152.9800,161.8700,152.4000,161.8400,1638369
2018-12-27,158.9500,162.5800,156.2700,162.3700,1485000
2018-12-28,163.5200,164.8390,160.3800,161.4200,966721
2018-12-31,162.8000,166.2100,162.0048,165.7100,1375410
2019-01-02,161.2100,165.1400,160.9500,164.0800,1465350
2019-01-03,165.8300,169.3200,163.1800,163.7300,1690854
2019-01-04,165.9000,173.3100,164.8994,172.7000,1874533
2019-01-07,173.0500,176.7800,170.8700,175.8500,1294712
2019-01-08,177.0000,178.4100,174.7200,178.1900,1653229
2019-01-09,179.1400,182.7000,178.2500,182.3000,2298518
2019-01-10,181.8500,186.0900,180.2600,186.0300,1988432
2019-01-11,184.6200,188.8600,183.4255,188.1600,2222560
2019-01-14,186.7100,186.9900,183.7800,183.9100,1962008
2019-01-15,184.3700,186.7550,183.0600,186.6800,1330425
2019-01-16,186.2100,188.3400,184.1300,186.1500,2251237
2019-01-17,185.7700,191.4243,184.7050,190.5200,1605860
2019-01-18,192.6300,194.7800,189.4100,194.7000,2149793
2019-01-22,193.4800,195.8100,192.3900,193.8800,2003881
2019-01-23,194.6700,195.2000,187.7803,189.8900,2043144
2019-01-24,189.6400,190.2250,186.4700,186.5800,1825062
2019-01-25,188.1600,190.3900,186.2700,189.5000,1404751
2019-01-28,188.9400,188.9842,185.7600,188.0900,1513518
2019-01-29,188.1600,188.2640,184.7000,186.3800,1024572
2019-01-30,185.8400,187.9200,184.5000,187.0500,1385987
2019-01-31,187.1700,190.9800,186.8600,190.9100,900773
2019-02-01,190.9200,193.0300,189.9200,191.5200,893008
2019-02-04,189.1900,189.2750,184.4900,187.9800,1482263
2019-02-05,185.8100,190.7400,185.4400,187.0200,1643480
2019-02-06,193.0000,193.0000,182.0600,182.3900,1915715
2019-02-07,181.5000,182.5900,178.9900,180.1800,1462546
2019-02-08,178.7600,181.4500,178.7600,181.3400,980716
2019-02-11,182.0500,182.1700,178.4000,181.5300,2037038
2019-02-12,181.4400,184.3000,181.4400,184.0100,1316645
2019-02-13,185.0000,186.2500,184.3500,185.2500,1244460
2019-02-14,184.5200,186.8400,183.5300,185.7200,917789
2019-02-15,185.6700,188.5600,185.6700,188.0700,1408240
2019-02-19,187.9000,189.0900,185.8300,186.8600,1823670
2019-02-20,186.0600,188.6400,185.6500,187.8400,1066275
2019-02-21,187.7000,188.1200,182.1600,183.0600,1086953
2019-02-22,184.3300,185.8400,182.9350,185.7600,1027434
2019-02-25,186.7400,188.1000,185.6300,186.3300,1268772
2019-02-26,186.2600,189.9900,184.8900,188.9200,1477952
2019-02-27,187.9700,189.8700,186.4400,189.8100,633241
2019-02-28,189.7400,190.0400,188.2300,188.7500,1194699
2019-03-01,189.9500,192.6900,189.2800,192.1600,887724
2019-03-04,193.0300,193.8900,186.7100,190.0400,1208568
2019-03-05,190.1600,190.5100,187.5200,187.8000,1409099
2019-03-06,188.1800,188.6950,180.5600,181.1100,1381035
2019-03-07,181.3600,181.8300,177.4500,178.6100,1432915
2019-03-08,177.2600,177.6200,173.5900,177.2600,1451476
2019-03-11,177.9400,180.5600,177.7800,180.5200,1350697
2019-03-12,181.1500,183.2300,179.8500,182.5700,1545300
2019-03-13,183.3700,186.7750,182.2100,185.6600,1202373
2019-03-14,185.6200,186.6600,184.4500,186.1100,785740
2019-03-15,186.8800,189.3500,186.3700,188.0900,2768606
2019-03-18,188.0000,189.2100,185.5300,187.4800,1554078
2019-03-19,184.6400,185.0000,181.1800,181.7600,1556196
2019-03-20,181.5300,182.4600,179.5400,179.9800,1213668
2019-03-21,178.2200,182.7400,178.2200,182.5600,1156531
2019-03-22,182.0700,183.8500,181.0400,181.5300,1612327
2019-03-25,181.6700,185.0600,181.4400,183.8500,1754503
2019-03-26,185.2400,190.0700,184.8300,189.9100,1374128
2019-03-27,190.0000,190.0050,185.6200,185.8200,1181198
2019-03-28,186.0100,186.9400,181.4900,182.4200,1615217
2019-03-29,184.2900,184.8600,181.9150,183.9500,1274722
2019-04-01,185.2000,187.3800,184.6800,186.0500,1029960
2019-04-02,185.9600,189.4300,184.9050,187.1100,814385
2019-04-03,187.9000,188.9800,187.0100,187.8900,829756
2019-04-04,188.2200,188.3400,182.4900,184.1500,1193408
2019-04-05,184.4900,189.3500,184.2404,188.8900,2289193
2019-04-08,189.2700,189.9500,186.6700,188.9300,910148
2019-04-09,188.0100,189.7000,187.7500,188.3100,976044
2019-04-10,188.3200,191.7100,187.0650,190.3700,1155872
2019-04-11,191.0800,191.4200,184.2200,185.1200,1971928
2019-04-12,185.4200,186.4700,182.3100,182.7800,1077440
2019-04-15,182.2700,184.3200,180.2400,182.4900,826703
2019-04-16,183.6300,184.8000,179.5900,179.7400,900446
2019-04-17,180.4500,180.7500,166.6500,166.9700,2851420
2019-04-18,169.9600,170.4495,163.6810,168.1600,3195691
2019-04-22,167.7900,169.8600,166.1950,168.5200,1213527
2019-04-23,169.2200,175.6000,168.7708,175.3700,1514591
2019-04-24,175.5800,175.8600,171.7600,172.5800,1164516
2019-04-25,172.4000,175.2200,170.2000,174.6100,806666
2019-04-26,173.9800,174.4200,170.0100,172.8500,1117744
2019-04-29,172.5800,173.6700,171.2200,172.5200,750347
2019-04-30,173.9300,174.9200,168.4900,168.9800,1619777
2019-05-01,168.7600,175.6000,168.5100,172.6000,1824775
2019-05-02,172.1000,172.4867,167.8000,169.5400,1209837
2019-05-03,170.0500,174.1900,169.4600,173.8700,971769
2019-05-06,170.3000,175.1500,169.9500,174.7600,888288
2019-05-07,172.3300,174.3800,168.5900,170.2800,1345920
2019-05-08,170.0600,171.5400,168.4000,169.0100,1121620
2019-05-09,167.4000,170.5000,166.4800,169.9100,820212
2019-05-10,169.3600,169.3600,164.3100,168.8500,805666
2019-05-13,165.7000,167.4800,164.0700,164.6100,1118452
2019-05-14,165.6000,167.5800,164.9600,166.7200,938244
2019-05-15,165.4100,168.2200,164.9600,166.8800,663662
2019-05-16,167.6300,173.4100,167.6300,170.2300,1689001
2019-05-17,168.9000,170.8400,167.9700,168.7300,898185
2019-05-20,167.7700,168.2500,165.6800,165.7300,644265
2019-05-21,167.8900,170.1500,167.3800,169.1200,703346
2019-05-22,168.4700,174.2900,168.4700,172.3700,1230425
2019-05-23,171.6100,173.3200,169.5000,173.0100,1272756
2019-05-24,174.3100,175.9400,171.3650,171.7700,1115656
2019-05-28,172.2400,173.7900,171.0600,172.7600,1542109
2019-05-29,171.1500,171.8700,166.3000,166.5500,1788394
2019-05-30,167.2600,170.5000,167.2600,170.2600,902947
2019-05-31,168.4900,169.9900,166.1000,166.1800,982523
2019-06-03,166.8700,168.8500,165.7962,166.6400,1080560
2019-06-04,168.1600,172.9700,167.0800,171.2700,1456839
2019-06-05,171.9000,174.0000,170.3900,173.2700,1254518
2019-06-06,173.2200,173.9900,167.4200,167.7500,1261065
2019-06-07,169.4300,173.9800,169.2550,173.5100,1109578
2019-06-10,173.2900,174.1200,171.5100,172.8400,1025053
2019-06-11,174.0800,174.8800,171.7500,172.0000,1442252
2019-06-12,172.6000,173.4700,169.2600,170.6300,1444580
2019-06-13,171.1700,171.9500,167.8400,168.8900,951626
2019-06-14,168.9000,170.9895,167.9400,170.2200,806077
2019-06-17,171.1700,174.1400,171.1700,173.7800,955604
2019-06-18,175.9700,178.9000,174.8000,177.9400,1521367
2019-06-19,178.5200,182.1400,177.0000,181.7500,1535436
2019-06-20,183.5200,186.3300,181.2100,182.1700,1217655
2019-06-21,183.3400,184.4500,180.7600,183.9700,1844607
2019-06-24,184.5600,184.9838,180.5477,181.0200,764040
2019-06-25,181.6400,183.1000,179.4900,180.1500,960080
2019-06-26,180.1100,181.0300,177.1300,177.6600,768712
2019-06-27,178.0000,179.2400,176.6804,178.5800,731475
2019-06-28,179.7400,184.9900,178.7500,183.3800,1604907
2019-07-01,185.0700,185.1400,180.8100,181.8400,1112937
2019-07-02,181.5400,181.5400,178.8800,179.5300,819621
2019-07-03,180.2500,183.4500,178.5400,183.2600,571593
2019-07-05,179.4500,183.2400,177.4100,178.3400,878875
2019-07-08,177.7600,177.7600,174.1800,176.7500,818899
2019-07-09,175.6200,178.6300,174.7750,178.4600,714725
2019-07-10,179.0000,179.7500,175.5300,178.7600,766560
2019-07-11,178.8100,178.8600,172.7400,176.0100,1258069
2019-07-12,176.0600,176.2700,173.9500,175.7900,1004048
2019-07-15,176.1600,178.0800,174.7000,176.3700,1055341
2019-07-16,176.4700,177.9338,175.5800,176.1600,619960
2019-07-17,176.9300,179.2400,176.3300,177.1400,773112
2019-07-18,176.9200,178.5800,176.3800,178.0900,853492
2019-07-19,179.1500,179.1500,174.0450,174.1300,1121646
2019-07-22,173.3400,174.5700,172.4071,174.0800,1120958
2019-07-23,174.4300,176.3600,173.3956,175.2400,828427
2019-07-24,175.0000,175.0000,172.3100,173.3400,1135658
2019-07-25,172.2200,172.5100,169.0200,169.5600,1784010
2019-07-26,170.1800,171.1300,165.8500,166.8300,1640861
2019-07-29,167.2100,167.5100,165.2700,166.2300,1366589
2019-07-30,165.7400,171.1000,165.5200,169.5400,2339004
2019-07-31,168.7900,170.2100,165.6600,166.6200,1460350
2019-08-01,173.4200,181.3000,170.1300,179.2900,3130255
2019-08-02,177.7800,180.9700,177.0600,178.3900,1814936
2019-08-05,176.4400,177.1400,173.9235,175.5600,1709396
2019-08-06,174.2300,177.0500,173.6400,176.9400,1287618
2019-08-07,175.1100,176.4700,172.4800,175.6500,940964
2019-08-08,175.5900,183.1100,175.5900,182.9400,1641733
2019-08-09,182.9400,184.0700,179.3929,182.9800,1275807
2019-08-12,182.0600,183.1400,179.1150,179.8400,1160938
2019-08-13,178.3600,185.5400,178.0400,183.9100,1263661
2019-08-14,181.7700,183.5700,178.8500,179.5300,1405777
2019-08-15,180.0100,182.0400,178.3700,181.1200,829130
2019-08-16,183.0800,185.7500,180.8400,184.9400,1331099
2019-08-19,186.2400,187.7100,185.8799,187.0900,963229
2019-08-20,187.0400,188.4400,182.9042,183.7200,1001309
2019-08-21,185.8600,187.3000,184.6000,186.4000,575530
2019-08-22,186.7600,187.6200,181.4800,184.2400,1026856
2019-08-23,184.3600,186.7800,179.2400,180.1800,1198694
2019-08-26,180.8200,182.3800,179.5600,180.6400,829517
2019-08-27,181.9900,182.9200,177.2700,178.2500,940100
2019-08-28,177.4700,180.7100,170.5400,178.3400,1680241
2019-08-29,179.3000,180.5000,178.1400,178.9800,680331
2019-08-30,180.2600,181.2000,178.7600,180.0200,892907
2019-09-03,180.5500,181.5700,177.5750,178.7000,1030148
2019-09-04,179.7300,179.7500,173.5600,176.8300,1003373
2019-09-05,178.1800,180.0500,177.0200,179.8600,868710
2019-09-06,180.3500,182.1500,179.3300,181.3300,948265
2019-09-09,181.0900,181.2800,174.4500,174.8100,1176986
2019-09-10,174.0300,174.1400,166.6450,171.0100,1849418
2019-09-11,171.1900,173.6100,170.9000,173.1100,1190846
2019-09-12,174.3900,175.4500,172.0000,172.4500,874480
2019-09-13,173.1600,175.7900,172.4500,174.9400,1216300
2019-09-16,173.8900,178.0900,173.1300,177.5500,959003
2019-09-17,173.0200,177.8200,173.0200,176.0000,1165874
2019-09-18,176.0100,176.4950,171.9600,174.5200,1186280
2019-09-19,174.4800,176.7000,173.6000,176.1400,784800
2019-09-20,177.0100,179.5500,175.5800,178.1200,1773984
2019-09-23,178.2300,179.0050,175.7700,175.8800,825027
2019-09-24,176.3200,177.7800,171.0300,172.5200,778452
2019-09-25,172.3100,173.4900,170.5600,171.5000,956069
2019-09-26,172.0500,172.0500,167.4300,169.5500,1602849
2019-09-27,170.2900,170.5400,165.5300,166.7400,1206331
2019-09-30,169.5500,171.2900,167.6100,169.4200,1470435
2019-10-01,169.2400,170.1058,166.5200,167.5800,954636
2019-10-02,167.6900,168.5200,165.2300,166.7100,1499329
2019-10-03,166.0600,170.6400,166.0600,170.5000,1143281
2019-10-04,170.8900,172.9200,170.5200,172.4200,879764
2019-10-07,171.5500,172.7600,169.2700,172.0500,934991
2019-10-08,170.4700,171.8900,167.6000,169.5500,1016379
2019-10-09,170.8700,171.9900,168.5500,168.7300,797283
2019-10-10,168.4200,170.3700,167.6150,170.2200,800403
2019-10-11,171.4400,174.7200,171.1300,172.4100,869933
2019-10-14,172.3200,175.2500,172.3200,173.5900,579631
2019-10-15,174.3600,176.9800,174.0221,176.1400,762591
2019-10-16,175.3200,177.2000,173.6198,176.0900,814891
2019-10-17,177.8000,180.0500,177.5000,177.7200,1172127
2019-10-18,180.2500,180.2500,175.3800,176.2300,1048599
2019-10-21,177.2300,184.8100,174.8200,183.5300,1088594
2019-10-22,186.9100,194.7500,186.1900,191.0600,4442480
2019-10-23,190.3700,192.5400,186.4100,190.5100,1555191
2019-10-24,191.7000,194.9000,189.3500,194.4700,1893295
2019-10-25,193.1300,195.9400,192.5500,194.4900,1199278
2019-10-28,194.5600,195.0200,192.3200,194.0200,1337394
2019-10-29,194.4300,198.4555,193.2600,197.8900,1695040
2019-10-30,198.1100,199.4550,196.6400,199.2800,1195679
2019-10-31,197.0600,200.0000,194.2000,195.4800,2273379
2019-11-01,196.2400,202.9400,195.0150,200.9400,3010626
2019-11-04,202.1300,202.2500,197.8000,199.4200,1293317
2019-11-05,199.0000,199.9500,196.4600,197.1400,1324232
2019-11-06,198.2300,198.4900,195.7000,195.9700,1123979
2019-11-07,196.4000,197.1600,195.1100,195.8300,1018631
2019-11-08,197.0800,202.1107,196.7100,201.3100,1220080
2019-11-11,200.9800,202.2100,199.2900,201.9000,825165
2019-11-12,202.1400,204.8400,201.8400,203.8600,939805
2019-11-13,205.0000,207.6400,203.7500,207.1000,1101055
2019-11-14,206.8400,207.5000,203.2400,205.0000,995539
2019-11-15,205.9500,210.0500,205.0100,209.8000,1581467
2019-11-18,209.8700,210.0800,207.6830,210.0000,1533611
2019-11-19,212.9700,215.4550,209.4100,215.0000,1706178
2019-11-20,214.7800,217.0800,212.8500,215.0700,2487280
2019-11-21,214.3400,215.6400,212.8032,215.5000,1241326
2019-11-22,216.9300,218.6000,215.1000,218.0000,1318934
2019-11-25,219.3700,223.6100,219.0000,223.2700,1491538
2019-11-26,223.6600,223.7300,218.2300,219.0500,1875480
2019-11-27,219.1000,220.9900,218.0700,220.0600,833110
2019-11-29,220.3900,222.4200,220.0300,221.7500,537133
2019-12-02,222.9600,223.4100,218.4100,220.7900,1093457
2019-12-03,219.6100,222.7500,218.3900,221.1300,957058
2019-12-04,222.0000,224.0800,221.0700,223.9100,937011
2019-12-05,223.7700,224.3100,221.3458,223.0700,767150
2019-12-06,224.1700,224.6600,220.3600,223.2500,1021307
2019-12-09,222.9900,225.6600,219.1900,219.3700,1803503
2019-12-10,219.4200,221.8700,218.5000,220.2700,1256553
2019-12-11,221.9100,224.2700,219.5800,220.0000,958908
2019-12-12,219.7100,222.5500,219.1677,220.5500,1094791
2019-12-13,220.1900,221.6200,217.8300,218.9800,1484056
2019-12-16,220.5000,221.8600,219.3300,219.5000,1919376
2019-12-17,219.7200,219.7300,216.0100,217.6200,1452464
2019-12-18,217.8300,219.9200,217.4900,219.3500,1759361
2019-12-19,220.1400,220.6750,216.9750,217.7800,1910172
2019-12-20,219.6200,221.0200,217.0000,220.6900,2824107
2019-12-23,220.9500,222.8700,219.6800,219.9800,1132805
2019-12-24,220.4600,220.6400,218.5050,220.5600,300516
2019-12-26,220.6000,220.9000,218.3800,220.2500,697040
2019-12-27,220.5900,221.4840,218.1200,220.9700,904599
2019-12-30,220.3800,221.9454,217.3300,218.9700,774326
2019-12-31,218.6000,219.8100,216.7000,218.9500,1036437
2020-01-02,220.2400,220.6541,216.9500,219.4500,1303850
2020-01-03,216.1600,219.8865,214.5500,217.9800,943577
2020-01-06,217.7300,224.3500,216.9100,224.0300,1263855
2020-01-07,224.2600,225.9200,222.1400,223.7900,1028630
2020-01-08,225.8900,232.7000,224.9100,231.0900,1802743
2020-01-09,233.0800,233.2550,227.2700,230.2600,1394450
2020-01-10,231.6900,231.6900,228.0700,228.9500,1017426
2020-01-13,229.3800,230.0000,224.5600,226.4900,1009686
2020-01-14,226.4400,229.8000,225.5300,229.7500,1042036
2020-01-15,229.8800,234.3300,228.7800,234.1500,1741525
2020-01-16,234.2700,235.7800,233.2700,235.5000,2124025
2020-01-17,236.5100,236.5100,232.8200,235.8300,1599342
2020-01-21,235.8400,237.2000,233.1300,233.9900,1348894
2020-01-22,234.9400,237.4700,234.4000,234.6100,1133969
2020-01-23,235.0000,235.6300,231.3800,233.9100,977959
2020-01-24,234.0700,235.1800,228.4150,229.0600,904271
2020-01-27,226.5100,228.7900,226.0700,227.3700,802283
2020-01-28,228.5300,232.2950,227.5700,231.9700,861813
2020-01-29,231.7200,233.5929,230.5700,232.4100,893569
2020-01-30,230.8400,231.7499,228.6795,230.3100,1169453
2020-01-31,238.6500,239.4000,223.0100,227.0500,3373655
2020-02-03,230.7600,233.7789,225.0100,230.5100,1988059
2020-02-04,233.3500,241.2300,233.2900,239.6600,1485889
2020-02-05,241.6100,244.4100,240.0000,240.7600,1951742
2020-02-06,242.1300,244.6500,238.0100,239.1200,1320423
2020-02-07,237.6600,240.3440,234.1000,240.0600,1443319
2020-02-10,239.2200,244.8900,237.0001,244.7500,1273055
2020-02-11,245.0000,249.0000,242.7750,247.8100,2280049
2020-02-12,247.6100,248.7950,240.7000,242.2100,1805742
2020-02-13,241.4100,245.3850,239.7300,240.0900,1329205
2020-02-14,241.2400,244.4500,238.5500,243.8200,1354016
2020-02-18,244.9200,246.0000,241.0900,245.9300,1305401
2020-02-19,249.8400,249.8500,245.2400,247.7800,947716
2020-02-20,247.2900,247.7000,242.5850,245.1000,1524832
2020-02-21,247.3000,247.5000,243.2700,246.2900,1365436
2020-02-24,241.4400,242.7600,235.7000,237.0100,1659510
2020-02-25,238.1800,239.9900,228.5000,230.0000,1581236
2020-02-26,232.4100,237.3700,229.4900,232.0400,1578570
2020-02-27,228.4800,231.6300,218.0100,223.3000,1972989
2020-02-28,215.5700,224.5400,215.5000,224.0300,2491476
2020-03-02,224.4300,232.9800,223.1400,232.2900,2406547
2020-03-03,230.2700,237.5500,226.6700,228.2600,2093182
2020-03-04,232.2900,246.0600,230.9000,245.3200,1971889
2020-03-05,239.2400,242.1800,235.2850,237.3100,1518316
2020-03-06,227.6500,234.4800,226.6138,233.5000,1872612
2020-03-09,218.0700,227.6100,214.0800,219.6500,2025185
2020-03-10,226.2100,231.4100,216.4700,230.5100,2024555
2020-03-11,225.6300,230.8300,218.7000,220.3400,1701022
2020-03-12,206.5900,215.3600,201.5000,204.0600,3758168
2020-03-13,218.2300,221.4700,200.7600,220.8600,3813367
2020-03-16,201.6000,219.0000,199.1600,199.7700,2494942
2020-03-17,203.9700,230.0649,202.5000,210.4400,4306351
2020-03-18,200.6000,224.9900,197.4700,212.9800,3405655
2020-03-19,215.1500,223.9313,202.0100,215.6900,3118569
2020-03-20,217.7000,227.4250,204.1600,206.0000,2764731
2020-03-23,209.0159,218.1000,199.5200,202.2100,2801959
2020-03-24,207.8400,224.9800,207.8400,223.1300,2830846
2020-03-25,219.8800,224.0000,209.5100,210.0900,2050334
2020-03-26,209.8000,225.6200,209.4300,224.4900,1752736
2020-03-27,219.4300,224.1800,215.5688,217.2400,1712723
2020-03-30,221.3400,233.7700,220.0000,231.9200,2138951
2020-03-31,228.9500,240.0000,228.0200,237.9500,3295817
2020-04-01,232.1200,234.9800,223.4500,225.4800,1477042
2020-04-02,222.7700,242.9600,222.3900,242.1600,2474326
2020-04-03,241.3800,247.4500,234.3500,238.3100,1989809
2020-04-06,248.6100,256.6500,241.9400,255.3000,3026941
2020-04-07,263.1500,267.4500,245.3800,247.6700,3550985
2020-04-08,249.4300,251.6800,240.5000,249.6600,2735690
2020-04-09,251.9969,251.9969,243.0000,246.6100,2491827
2020-04-13,244.6600,253.8300,243.8050,252.2800,1831345
2020-04-14,257.4400,265.6600,253.5100,262.4100,2180477
2020-04-15,260.9000,262.8200,254.3100,255.2300,2686489
2020-04-16,259.6700,265.2800,258.6090,264.7600,2172764
2020-04-17,272.3400,272.6700,265.1500,270.4600,2166774
2020-04-20,271.9700,276.2599,269.0500,273.2600,1944810
2020-04-21,273.0000,277.2200,262.5500,262.8000,1602834
2020-04-22,267.1500,271.2532,264.0027,269.3700,1525892
2020-04-23,270.0300,277.7999,266.9200,267.9100,2756916
2020-04-24,270.1200,271.3450,266.4300,269.8600,1805896
2020-04-27,275.0000,275.2600,267.1600,268.5100,2177903
2020-04-28,268.0000,269.9500,250.4300,256.9600,2328677
2020-04-29,260.9700,262.0000,250.5200,251.0500,2401696
2020-04-30,257.7500,258.5000,245.0600,251.2000,2825201
2020-05-01,249.2600,256.0000,248.0000,254.9000,1940527
2020-05-04,257.4000,265.0000,256.0100,264.6900,2650479
2020-05-05,266.9700,274.0600,264.8000,272.3300,1934615
2020-05-06,272.3300,275.5500,268.0000,270.0600,1290338
2020-05-07,272.6900,273.7200,266.8300,270.0100,1622385
2020-05-08,269.5000,274.4100,268.2900,271.6300,1084271
2020-05-11,271.4500,286.8200,270.4400,285.2800,2063457
2020-05-12,287.3300,288.5150,276.4100,276.4700,1727937
2020-05-13,276.6000,284.8561,272.1900,277.0300,1645070
2020-05-14,277.5600,282.4800,272.2100,277.0000,3076324
2020-05-15,275.6300,288.7300,273.5100,288.6900,1734126
2020-05-18,293.7800,295.5525,283.1000,284.1300,1727055
2020-05-19,285.3000,288.4100,281.1400,282.2800,1267158
2020-05-20,284.8100,285.9900,282.1300,284.6200,1436482
2020-05-21,285.2600,285.4000,281.2500,284.6300,1315089
2020-05-22,284.1800,286.0000,281.5175,284.9600,1066589
2020-05-26,287.9500,288.5000,264.4100,266.5000,3486950
2020-05-27,264.3800,278.6900,254.4100,278.5100,3189591
2020-05-28,276.2700,283.7300,276.0675,277.3800,1922230
2020-05-29,281.3500,289.4400,276.0400,287.9600,5408867
2020-06-01,285.4200,288.7300,283.8238,286.6400,1819617
2020-06-02,283.9200,286.1760,278.6600,284.2700,1600622
2020-06-03,283.7200,283.8000,274.0600,277.0100,1711144
2020-06-04,274.2700,279.2850,270.7600,272.8200,1572425
2020-06-05,270.8200,271.6800,262.5500,265.6900,2753400
2020-06-08,264.0500,265.8400,261.2800,265.0100,2083073
2020-06-09,267.2800,275.1399,265.0900,270.8500,2687854
2020-06-10,275.7600,277.9000,271.8100,274.3400,1574479
2020-06-11,275.5600,276.3600,263.6700,263.8900,1722938
2020-06-12,268.1200,271.3900,262.3000,268.5600,1530170
2020-06-15,264.7700,268.5200,262.2400,267.7700,1385514
2020-06-16,270.4300,275.6900,268.2200,273.7700,1555623
2020-06-17,273.8800,282.7600,273.7700,280.0900,1645370
2020-06-18,279.4000,282.2163,275.9300,279.1900,1358241
2020-06-19,280.3000,295.5400,280.3000,293.2700,4085277
2020-06-22,294.0000,295.0000,287.8001,293.2000,1585679
2020-06-23,294.0600,299.2100,293.3100,295.8000,1571831
2020-06-24,294.9300,297.7100,288.9000,291.1800,1620460
2020-06-25,292.3800,295.3600,288.8315,295.1500,1188827
2020-06-26,292.6800,293.0000,284.7400,286.1400,1895477
2020-06-29,286.9500,287.6500,280.8900,285.1800,1441299
2020-06-30,287.6800,292.3700,283.0000,290.3100,2150539
2020-07-01,290.5000,291.6600,283.7911,286.2800,1752760
2020-07-02,288.5200,293.9500,287.4500,291.1000,1102405
2020-07-06,294.3600,295.0000,289.6300,291.3100,1342103
2020-07-07,292.3000,306.0800,291.4500,299.0600,1624913
2020-07-08,300.0500,301.6500,292.1300,295.9200,1500368
2020-07-09,295.5200,297.7900,290.0500,295.4000,1107023
2020-07-10,293.9500,295.0000,290.8600,294.4500,911425
2020-07-13,293.0500,296.8500,283.8500,284.8200,1667442
2020-07-14,283.1400,294.7200,279.1170,293.8300,1738338
2020-07-15,292.7600,295.3460,290.2000,295.1100,1127140
2020-07-16,292.0100,293.3300,284.6900,290.5600,903486
2020-07-17,291.5280,294.6700,289.2800,294.5300,1072168
2020-07-20,292.6900,304.0000,292.6900,303.1000,1256143
2020-07-21,300.6500,301.1400,290.9600,291.4000,1515381
2020-07-22,293.5600,293.5600,286.4600,291.2300,846262
2020-07-23,291.3300,291.9900,283.3200,284.4600,1310213
2020-07-24,281.7800,282.6400,276.5001,278.4900,1837754
2020-07-27,280.8395,285.5700,277.6800,284.2100,1429333
2020-07-28,283.8300,284.5900,278.1400,278.5200,1096017
2020-07-29,280.2800,281.5900,278.0900,278.7200,1075155
2020-07-30,275.0753,282.2800,274.6620,279.4000,1525159
2020-07-31,278.8772,283.0000,268.2500,272.0000,2983981
2020-08-03,274.2000,280.5900,274.0000,279.5200,1694073
2020-08-04,279.2300,280.5700,274.0300,275.7100,1286550
2020-08-05,275.4100,275.7500,271.1600,273.2300,1318930
2020-08-06,269.3000,273.8800,268.5800,273.3400,1142341
2020-08-07,273.4800,277.2000,269.9500,272.9900,1005983
2020-08-10,271.5800,272.2900,265.0900,268.7300,1186829
2020-08-11,266.0000,267.9900,261.3000,261.8600,1368902
2020-08-12,263.0800,271.3500,262.8700,270.8500,1261482
2020-08-13,270.0600,272.7300,266.8700,267.1500,969916
2020-08-14,268.2900,269.9500,265.8000,267.2900,1008402
2020-08-17,267.9000,274.1700,267.8400,273.8400,984074
2020-08-18,275.0000,275.0000,269.2600,271.3100,883059
2020-08-19,270.8500,273.9900,269.5300,270.0700,996139
2020-08-20,270.6700,272.0900,268.6000,271.4300,1114675
2020-08-21,271.7300,273.1100,267.9900,271.2800,1064119
2020-08-24,269.9000,271.9400,263.4700,267.4300,1030813
2020-08-25,268.1700,273.3200,266.2250,272.3500,874501
2020-08-26,272.8600,272.8600,268.8200,271.2900,837652
2020-08-27,272.9500,275.6250,269.7200,274.3400,959149
2020-08-28,272.9400,275.2600,268.1000,269.9600,813757
2020-08-31,270.3500,279.7400,270.0000,279.1200,1310033
2020-09-01,277.8700,279.9600,271.7700,275.4900,1246703
2020-09-02,275.6400,283.4500,273.7200,281.8900,1293846
2020-09-03,281.8600,281.8600,265.2500,267.4200,1435421
2020-09-04,267.8400,269.9100,263.0100,266.5000,1514846
2020-09-08,261.7800,264.8400,258.0000,258.6100,1259157
2020-09-09,261.1100,264.3600,259.0400,263.0400,1788254
2020-09-10,262.9500,263.5816,253.9700,255.6500,1231917
2020-09-11,257.8400,262.0800,255.7650,257.9600,1169728
2020-09-14,261.2400,268.4000,260.8700,264.8000,1190530
2020-09-15,266.7700,267.8800,264.2375,266.8500,1208352
2020-09-16,271.0000,273.5500,267.3100,267.5500,1333884
2020-09-17,258.9800,273.2440,258.8200,271.4600,1763494
2020-09-18,273.3000,273.5900,257.4150,265.3900,2133097
2020-09-21,264.1400,264.9400,259.2700,264.0000,1124828
2020-09-22,263.6600,268.0000,260.3800,267.5800,813903
2020-09-23,267.8700,270.0850,262.7500,263.8200,863540
2020-09-24,262.1400,263.9000,257.5000,263.1300,1422617
2020-09-25,264.1000,268.9100,260.5200,268.1800,1345847
2020-09-28,269.9000,270.5850,264.2300,267.7300,1062253
2020-09-29,267.8200,271.6800,266.3800,270.3100,890532
2020-09-30,271.3300,274.6600,269.4650,272.1200,1378659
2020-10-01,272.9000,275.4000,270.6500,273.5100,913618
2020-10-02,269.3400,272.7900,260.1300,260.8000,1339385
2020-10-05,262.8600,269.0700,261.7000,268.9800,1283816
2020-10-06,269.8900,270.5000,260.2600,260.9800,1013405
2020-10-07,263.1800,266.5000,262.1000,265.8200,758951
2020-10-08,267.1600,268.9200,264.9100,268.5300,777601
2020-10-09,268.8650,270.0750,266.2401,269.9500,877773
2020-10-12,273.1400,277.3300,269.5750,274.6000,1331149
2020-10-13,275.8800,280.9900,274.4800,276.0900,1057689
2020-10-14,275.1900,275.7500,269.7890,271.4600,874492
2020-10-15,227.5500,232.4600,213.1701,215.2800,17452166
2020-10-16,217.7900,225.0000,217.1900,218.0800,5957623
2020-10-19,219.0782,225.9700,217.2500,220.5100,3784413
2020-10-20,222.0000,222.6200,214.4800,214.5400,2924795
2020-10-21,215.8850,217.9300,209.1600,211.3800,2775667
2020-10-22,210.3700,214.7400,208.2300,210.0800,2380047
2020-10-23,212.1900,213.5100,209.0700,211.5800,1715758
2020-10-26,209.7500,210.5400,204.8450,207.1500,2064532
2020-10-27,208.3500,213.5800,206.7889,212.1900,2713580
2020-10-28,212.0000,214.2400,208.2500,208.3400,2174930
2020-10-29,209.0100,210.3750,205.0000,207.0100,1931045
2020-10-30,205.9300,211.6400,203.5100,208.3600,2829604
2020-11-02,211.1400,211.4480,202.5650,207.4200,1877706
2020-11-03,208.9200,214.8800,208.0000,211.1400,1892048
2020-11-04,218.2700,223.7683,214.2200,215.0900,3778577
2020-11-05,220.0800,220.9200,216.2209,219.4800,2338821
2020-11-06,219.1200,221.7200,216.3600,220.2800,1707943
2020-11-09,224.4100,229.0800,221.5000,222.8500,2478342
2020-11-10,223.7700,224.7400,215.0600,215.3500,1916578
2020-11-11,217.1200,218.8000,213.6500,216.7200,1647432
2020-11-12,217.0500,221.3150,216.9000,218.3100,2144061
2020-11-13,222.2800,227.2683,219.6400,225.5200,1695453
2020-11-16,225.9900,227.3550,221.7900,224.2700,1706781
2020-11-17,222.7200,223.4300,218.2300,222.9600,1750676
2020-11-18,222.7100,223.7700,216.3400,216.3500,2500645
2020-11-19,216.4200,218.1410,211.3950,211.9700,2604055
2020-11-20,212.3511,217.2300,210.0400,215.2100,2213586
2020-11-23,216.7800,218.2900,214.1400,217.8700,1850620
2020-11-24,215.5300,219.4700,215.1300,216.5000,2120932
2020-11-25,217.8700,220.5400,215.8400,218.1000,2033279
2020-11-27,219.6100,226.7200,219.6100,226.7100,1052834
2020-11-30,231.0000,232.1700,224.3000,227.7500,4585577
2020-12-01,227.4700,230.5600,226.0200,230.3000,1698707
2020-12-02,230.3000,232.4500,226.3200,226.7000,1864363
2020-12-03,226.0000,229.0500,224.7100,226.8700,1291766
2020-12-04,227.3000,230.2100,225.5900,228.3200,948938
2020-12-07,231.0000,231.4200,225.1200,227.0600,1219745
2020-12-08,228.8083,230.2000,225.4000,229.8300,1329922
2020-12-09,230.0000,231.0000,221.3100,224.3800,1992308
2020-12-10,224.8100,224.8900,221.7000,224.0400,1462606
2020-12-11,224.1000,224.5593,220.9300,224.1700,1476048
2020-12-14,226.7900,233.4700,226.4250,228.1300,2220204
2020-12-15,229.7000,230.6000,226.0000,228.8100,1189846
2020-12-16,229.6600,232.7500,228.5500,232.1100,1708917
2020-12-17,233.0000,237.3500,232.3200,236.9200,1992842
2020-12-18,238.5400,239.7100,234.4700,236.7200,2929448
2020-12-21,233.0200,235.5800,228.8000,234.5500,1567185
2020-12-22,235.0100,235.7950,232.3500,234.9000,1128635
2020-12-23,235.4000,238.5700,234.0800,235.8400,1010257
2020-12-24,237.1700,237.5000,233.4800,234.4600,451669
2020-12-28,235.4000,236.4800,232.2000,232.4700,903252
2020-12-29,233.9400,236.5600,232.9600,233.4900,655739
2020-12-30,235.0000,237.0100,232.0700,232.6800,819113
2020-12-31,232.3500,237.5000,230.3250,236.3400,1161200
2021-01-04,237.9100,238.0800,226.2700,229.4300,2117690
2021-01-05,228.8400,229.9200,225.0900,228.5800,1616386
2021-01-06,225.1000,227.5100,222.3100,226.6500,2306943
2021-01-07,227.9000,233.9700,227.2000,232.9000,1484941
2021-01-08,233.8600,237.7600,233.0100,237.0000,1231193
2021-01-11,235.5800,236.4700,227.3800,234.6400,2263226
2021-01-12,234.8000,238.2600,228.7400,229.3800,1810855
2021-01-13,230.2000,231.0550,226.9400,227.1000,1792607
2021-01-14,228.2200,228.3950,224.7000,226.1200,1728068
2021-01-15,226.5900,227.6000,224.3900,225.5500,2242187
2021-01-19,227.0000,233.8800,223.3100,231.9100,2043067
2021-01-20,233.2900,239.3608,231.1800,236.7000,1524610
2021-01-21,237.0600,239.7500,232.7800,238.6400,1624536
2021-01-22,237.2500,241.8300,236.9900,237.5900,1258224
2021-01-25,240.9900,242.9900,239.0453,241.3100,1827651
2021-01-26,240.4300,241.9800,236.2400,237.6400,1629293
2021-01-27,234.0000,234.0000,224.7000,225.2500,2546174
2021-01-28,226.8000,234.9600,226.5700,230.0400,1576156
2021-01-29,229.4500,232.9200,227.5600,229.0800,2029485
2021-02-01,231.0000,232.3800,226.1800,231.7700,1896750
2021-02-02,225.8020,227.9000,216.1400,217.3300,6260825
2021-02-03,218.4200,219.0850,210.9900,211.0000,3830177
2021-02-04,213.3500,214.7900,211.6475,213.7100,2908053
2021-02-05,214.5000,217.5500,212.2600,215.2600,2740472
2021-02-08,217.1300,218.2200,213.5400,214.3700,2138317
2021-02-09,214.4500,215.5900,212.5700,213.8200,1624895
2021-02-10,215.9800,216.3000,212.0200,212.5300,1856742
2021-02-11,212.4800,212.8900,209.7200,210.4950,1845973
2021-02-12,210.8200,214.3600,210.2200,213.9800,1798495
2021-02-16,213.8000,214.4100,208.6100,210.2700,2509723
2021-02-17,209.5800,215.0000,208.5000,214.8500,2087066
2021-02-18,213.5600,213.7600,209.5800,209.8300,2127296
2021-02-19,210.0000,211.7300,206.7900,207.0200,2231212
2021-02-22,206.7200,216.2150,204.6200,214.9600,3671871
2021-02-23,215.2000,217.6900,211.6700,216.4400,2600916
2021-02-24,215.8200,220.4150,214.7200,217.0400,1775785
2021-02-25,215.8000,217.4000,210.5000,212.9800,1830557
2021-02-26,214.6700,215.5000,209.3400,212.5500,3083421
2021-03-01,212.6800,213.6900,209.3800,210.3800,1845531
2021-03-02,211.8100,214.1300,211.4500,212.0600,2491514
2021-03-03,212.0000,213.2750,208.0600,208.4400,2474959
2021-03-04,207.3000,213.1000,205.8501,207.7900,2273296
2021-03-05,208.2300,212.6000,206.3900,211.9800,1704848
2021-03-08,212.2700,219.3000,211.7600,213.5800,3426563
2021-03-09,217.2900,219.1300,213.8600,214.0400,2276742
2021-03-10,217.3000,217.7200,211.5600,214.2900,1938935
2021-03-11,214.7100,217.6800,214.3100,215.1500,1625655
2021-03-12,214.3400,214.9000,211.2600,214.3300,1162690
2021-03-15,213.7100,219.8500,213.4784,219.6500,1574280
2021-03-16,220.6318,220.6318,216.7150,218.9900,1360118
2021-03-17,217.1600,217.8800,214.1500,217.0800,1173831
2021-03-18,214.1300,216.2500,212.6500,213.3600,1620825
2021-03-19,214.4400,216.9300,213.2800,216.1100,2098616
2021-03-22,215.8400,220.3300,215.2500,218.8200,1934448
2021-03-23,219.8300,219.8500,212.1100,213.5900,1618090
2021-03-24,213.6100,214.5100,209.4100,211.5400,1503733
2021-03-25,213.1606,213.6000,209.7100,212.3600,2292300
2021-03-26,212.5000,214.9600,209.2200,214.6400,2848429
2021-03-29,213.9300,218.4600,212.2100,216.7100,1531539
2021-03-30,214.7500,215.4950,212.3700,212.9900,1114494
2021-03-31,213.3800,216.0600,212.8700,214.8900,1523314
2021-04-01,215.8900,216.0200,212.3000,213.0400,2071471
2021-04-05,214.3800,215.6100,213.1800,215.3200,2040112
2021-04-06,215.5000,216.4600,213.1500,215.3000,1925989
2021-04-07,215.7100,218.4700,211.7000,212.7200,1515559
2021-04-08,214.1800,216.0500,209.9500,210.2800,2259364
2021-04-09,210.5000,213.8200,209.5300,213.3500,1533672
2021-04-12,212.6800,214.4500,211.2100,213.6000,1467994
2021-04-13,214.6100,218.7000,214.4550,215.9400,1628857
2021-04-14,216.1600,220.2500,216.1600,217.1300,1564724
2021-04-15,218.5200,222.3500,218.0000,221.1000,1686741
2021-04-16,222.3400,222.7800,219.2400,219.3900,1917605
2021-04-19,220.8600,222.5899,218.1500,219.1800,1510927
2021-04-20,218.8400,222.0000,218.1500,220.1600,1370655
2021-04-21,220.7900,221.4800,217.8200,219.7600,1173375
2021-04-22,217.1100,218.9300,214.0000,215.9800,1777617
2021-04-23,217.0700,218.8105,215.7700,217.9000,1205079
2021-04-26,217.7400,218.2800,214.4600,216.9700,1259400
2021-04-27,217.1000,218.1500,215.0000,215.5300,1223967
2021-04-28,215.6800,215.7200,212.8100,213.4800,1426981
2021-04-29,213.6000,213.8000,210.2700,211.8600,1656018
2021-04-30,213.3400,221.4100,213.0000,218.2000,2592830
2021-05-03,217.2700,219.6900,216.7000,217.9500,1367110
2021-05-04,217.5400,217.5400,211.7600,214.8500,1772626
2021-05-05,214.8500,215.8350,213.2400,213.8700,1254817
2021-05-06,212.2500,213.5800,211.0600,213.1600,1184101
2021-05-07,214.3550,216.7700,213.8100,215.0100,1232048
2021-05-10,215.6300,216.2800,212.7500,212.9000,1245079
2021-05-11,211.8030,214.0200,211.3900,213.0000,1329752
2021-05-12,212.0600,215.6700,211.7400,212.6800,1198051
2021-05-13,212.6900,215.0150,212.3300,214.3500,1077583
2021-05-14,215.1000,218.1800,213.2900,217.0900,1427573
2021-05-17,215.6200,217.6500,214.8000,216.3500,932452
2021-05-18,216.9000,218.0600,214.3800,214.6450,1273067
2021-05-19,213.2000,214.1800,211.0000,214.0500,1104959
2021-05-20,213.9300,218.9700,213.4000,216.6100,1417526
2021-05-21,217.2900,218.4200,213.0000,213.4300,1618788
2021-05-24,215.0200,215.6950,210.9900,211.2200,1494909
2021-05-25,211.4100,212.0634,207.4800,208.7600,1707414
2021-05-26,209.6300,209.6300,206.1400,206.8000,1455969
2021-05-27,207.0400,207.4400,204.6200,207.3100,2194924
2021-05-28,208.7800,211.7800,208.3000,208.6300,1724933
2021-06-01,209.4900,210.2000,207.2000,209.6700,1808887
2021-06-02,210.0000,212.2099,208.4500,210.3800,1557022
2021-06-03,209.0400,211.4800,208.5000,211.1500,1435411
2021-06-04,211.6800,212.9800,209.3900,209.9300,1595894
2021-06-07,210.5800,211.5700,208.6200,209.1600,2229511
2021-06-08,210.7000,213.1700,209.1300,211.1300,1917212
2021-06-09,212.0000,215.4700,211.5500,213.5600,1585549
2021-06-10,213.8200,217.2600,211.2800,216.7700,2040291
2021-06-11,194.0400,200.0500,192.8800,193.0200,13702571
2021-06-14,195.6600,196.3200,192.6300,194.8000,3399156
2021-06-15,195.9100,196.0000,188.0100,188.9700,4508984
2021-06-16,189.5722,192.5500,187.2000,187.4900,2753655
2021-06-17,187.4900,189.1700,185.6400,188.3600,4314228
2021-06-18,188.5200,188.8400,185.8800,187.8500,3517937
2021-06-21,188.1057,190.8500,187.4800,187.7000,2021758
2021-06-22,188.1300,188.9400,185.3250,188.8700,1771988
2021-06-23,188.1900,189.7800,187.0900,187.5200,1930926
2021-06-24,188.6000,193.2800,188.2900,191.9400,2473525
2021-06-25,192.0000,194.7800,191.0200,194.3400,5671783
2021-06-28,197.0000,198.7300,194.4200,197.8200,2792380
2021-06-29,197.3400,198.8000,196.5650,196.7800,2637841
2021-06-30,196.8200,202.2200,196.2100,201.6300,2572865
2021-07-01,201.2600,202.4300,199.8600,202.2100,2551841
2021-07-02,203.1900,203.2400,200.3100,200.5400,1402743
2021-07-06,201.4700,201.9000,199.9700,200.0500,1917189
2021-07-07,199.7900,200.4400,197.2100,198.9900,2302034
2021-07-08,197.3950,198.9900,196.3000,197.7400,1806546
2021-07-09,197.5500,198.7100,196.4300,198.1600,948304
2021-07-12,198.0000,198.4600,197.2000,198.3400,2074872
2021-07-13,198.1600,200.4400,197.3600,198.3300,1685938
2021-07-14,197.5100,199.0200,195.7500,197.8900,1655032
2021-07-15,196.7900,200.1600,195.8500,200.0900,2453005
2021-07-16,200.6000,204.4600,199.2600,202.2800,3057537
2021-07-19,202.1600,204.2600,198.3300,199.2400,1897533
2021-07-20,195.0000,196.9900,193.8800,196.5500,3458135
2021-07-21,196.0800,197.2100,194.4500,196.2700,1382606
2021-07-22,195.4000,196.5700,195.0000,196.0200,1295493
2021-07-23,196.7200,203.5200,195.5000,200.5000,2887392
2021-07-26,199.4300,202.4100,198.2600,198.9300,4000184
2021-07-27,199.8500,203.1000,198.6600,202.8500,1821168
2021-07-28,202.8500,204.8800,201.0500,202.2400,1258749
2021-07-29,202.7253,202.9400,198.8300,200.3800,1396984
2021-07-30,201.5400,203.4600,197.3100,201.5800,2132974
2021-08-02,200.6500,201.2700,197.4500,198.3200,2805384
2021-08-03,198.5900,200.7100,198.0300,200.0500,2060247
2021-08-04,200.0000,202.0000,199.1100,199.5900,2612271
2021-08-05,200.2550,203.1300,199.7300,202.9900,1975495
2021-08-06,202.9900,204.0000,200.5300,200.6700,1542279
2021-08-09,201.3800,201.5400,198.6300,200.4000,2314486
2021-08-10,200.5000,200.6600,195.3350,196.4600,2891660
2021-08-11,196.8200,199.2800,194.5250,195.2500,4204507
2021-08-12,195.7200,196.3500,193.8800,194.8100,3580202
2021-08-13,195.0000,195.7100,193.7000,194.3600,3231998
2021-08-16,194.6700,194.9500,189.6100,190.9700,3548929
2021-08-17,189.4700,198.5900,188.8400,198.4400,2056611
2021-08-18,198.7200,198.7200,194.6800,194.7700,1120004
2021-08-19,194.3000,197.9200,194.3000,195.0400,1133663
2021-08-20,195.6000,198.6100,194.3000,195.8500,973684
2021-08-23,197.2700,200.5000,196.1400,198.4000,1114154
2021-08-24,198.8200,200.1600,196.6800,199.7300,873276
2021-08-25,199.5900,202.1700,198.0900,201.3300,1187918
2021-08-26,200.9400,202.7400,197.9100,198.2500,1133869
2021-08-27,198.1500,202.7700,195.8500,199.9200,1287756
2021-08-30,199.3000,201.5600,198.7000,199.4900,1116388
2021-08-31,200.2100,200.3500,198.1500,200.2900,1867300
2021-09-01,200.6200,202.5500,196.3500,197.1400,1444232
2021-09-02,198.0600,199.8000,196.6000,199.2200,1239271
2021-09-03,198.5000,199.1800,196.6600,198.0500,984411
2021-09-07,196.2000,197.0500,192.0000,192.2000,1663279
2021-09-08,191.8100,193.4000,191.0601,191.3700,935343
2021-09-09,189.4200,190.1999,188.0500,188.0900,1448211
2021-09-10,188.1700,190.1500,186.1500,188.5700,1372177
2021-09-13,190.0700,193.2500,189.6100,190.7200,898326
2021-09-14,190.8600,191.7500,188.2100,188.4100,953058
2021-09-15,188.4700,190.6000,188.4200,188.8600,1566552
2021-09-16,188.8500,189.5350,185.4400,187.1000,1541273
2021-09-17,186.2400,188.5350,184.7800,188.3000,2185364
2021-09-20,186.8900,188.8900,185.0700,185.6700,1871488
2021-09-21,186.1700,187.4900,185.1056,185.8000,912625
2021-09-22,186.1200,186.4350,182.6000,184.2700,1372879
2021-09-23,184.6200,186.5000,184.5000,185.0900,1076241
2021-09-24,185.2999,185.2999,181.9800,183.6100,1156008
2021-09-27,183.2000,184.0500,181.4500,183.4100,1469390
2021-09-28,182.4000,183.3150,180.0200,181.6000,1510096
2021-09-29,182.1700,184.2500,181.9600,182.2200,1095920
2021-09-30,182.4800,184.2100,181.3700,181.3900,1309911
2021-10-01,180.1600,181.1450,178.3500,180.3500,1343006
2021-10-04,179.0000,181.0000,177.0350,177.4000,1646805
2021-10-05,177.5000,179.4000,176.9200,177.0100,1647103
2021-10-06,177.0100,182.5800,176.3600,180.9100,1524042
2021-10-07,180.9100,182.0000,179.7200,180.0200,1241314
2021-10-08,180.2700,181.0175,178.5800,178.9400,1157350
2021-10-11,179.2300,181.0150,178.2100,179.5800,1532915
2021-10-12,181.5100,181.5100,179.3050,180.2100,1417056
2021-10-13,180.2200,182.5000,180.2200,181.3400,1086890
2021-10-14,182.1400,184.1900,181.3300,181.9000,1912988
2021-10-15,182.4800,183.1500,181.0000,181.7700,1382714
2021-10-18,182.5000,182.6950,177.7100,180.8000,2305566
2021-10-19,182.0600,185.5989,181.1100,185.4100,2010854
2021-10-20,185.9900,187.8800,185.0800,185.4900,1621952
2021-10-21,185.5417,187.2000,184.3400,187.0900,1588716
2021-10-22,186.7700,187.1500,182.8800,183.5200,1944890
2021-10-25,183.5200,186.1400,182.5100,184.9900,979902
2021-10-26,185.0200,186.5800,183.9454,184.0700,1000269
2021-10-27,184.3900,184.9600,180.3950,180.9400,1216954
2021-10-28,181.1900,183.8300,181.0100,182.0000,1319999
2021-10-29,181.9300,185.9100,180.6650,184.9300,1540286
2021-11-01,184.1800,186.7364,183.4100,185.4000,1147186
2021-11-02,185.6622,185.6622,180.7100,181.4000,2291073
2021-11-03,187.5000,190.7500,184.1000,189.0700,3905008
2021-11-04,189.1029,194.4100,188.3000,194.2100,3451292
2021-11-05,193.7600,195.2300,191.4800,192.8500,2231280
2021-11-08,192.9900,194.4600,190.6400,192.2300,1306156
2021-11-09,192.2300,193.4100,190.3100,191.0900,1721587
2021-11-10,191.0100,192.6100,187.5100,187.9100,1321584
2021-11-11,188.0000,188.1500,185.1000,185.8700,1076459
2021-11-12,187.0100,187.7900,186.0300,187.2900,939299
2021-11-15,187.2900,187.9200,186.1122,186.8600,957013
2021-11-16,186.4500,188.8700,185.5800,188.3300,1345222
2021-11-17,188.6300,198.5300,187.1200,188.2500,2682069
2021-11-18,188.2500,189.4800,184.8900,185.4100,1593194
2021-11-19,184.8183,185.2200,181.0200,182.8800,1586124
2021-11-22,182.6500,183.6500,180.1500,181.5000,1147132
2021-11-23,181.0500,187.0700,179.9600,186.8500,2159270
2021-11-24,187.2600,188.3300,184.7100,186.2400,3080237
2021-11-26,187.3300,189.8000,182.6600,183.5900,1127354
2021-11-29,187.4500,192.3600,185.4600,190.1100,2777586
2021-11-30,189.5000,192.6200,186.2600,186.9400,3961312
2021-12-01,195.5900,205.8530,194.1000,205.0000,6799094
2021-12-02,201.8200,208.1554,201.5100,204.4500,3356698
2021-12-03,205.7800,206.4300,202.0000,203.8100,2641598
2021-12-06,203.7300,206.8800,203.0400,205.0600,1917056
2021-12-07,205.5400,205.7300,203.1300,205.2200,1949332
2021-12-08,205.7100,206.8770,203.7300,206.6100,1277233
2021-12-09,207.9600,209.0000,205.8450,208.4100,1730978
2021-12-10,206.7000,208.4200,204.1100,208.0600,1337975
2021-12-13,208.4900,208.8700,205.1400,208.1500,1604957
2021-12-14,208.2800,209.9900,206.9000,209.2400,1159631
2021-12-15,209.0500,211.5300,206.9800,211.1300,1343815
2021-12-16,212.0500,214.2300,211.1050,212.6100,1964270
2021-12-17,211.5300,218.3200,210.3480,214.5400,4585613
2021-12-20,215.9200,216.3900,213.2500,215.4100,1598818
2021-12-21,216.2500,218.8100,215.6600,218.6000,1820045
2021-12-22,218.6000,223.1000,218.2700,222.7700,1427172
2021-12-23,222.7700,224.4000,221.4500,223.4500,1192895
2021-12-27,223.3400,224.2000,220.5200,222.3400,2071623
2021-12-28,222.4200,223.1300,220.2400,221.9300,790360
2021-12-29,221.9300,223.9450,221.2200,223.3200,724196
2021-12-30,222.8000,224.4900,222.1600,222.4500,957113
2021-12-31,222.6300,223.5000,219.0400,219.6000,1123158
